nmi,quality_method,meter_number,date,unit_of_measure,tariff_description,00:00-00:30,00:30-01:00,01:00-01:30,01:30-02:00,02:00-02:30,02:30-03:00,03:00-03:30,03:30-04:00,04:00-04:30,04:30-05:00,05:00-05:30,05:30-06:00,06:00-06:30,06:30-07:00,07:00-07:30,07:30-08:00,08:00-08:30,08:30-09:00,09:00-09:30,09:30-10:00,10:00-10:30,10:30-11:00,11:00-11:30,11:30-12:00,12:00-12:30,12:30-13:00,13:00-13:30,13:30-14:00,14:00-14:30,14:30-15:00,15:00-15:30,15:30-16:00,16:00-16:30,16:30-17:00,17:00-17:30,17:30-18:00,18:00-18:30,18:30-19:00,19:00-19:30,19:30-20:00,20:00-20:30,20:30-21:00,21:00-21:30,21:30-22:00,22:00-22:30,22:30-23:00,23:00-23:30,23:30-00:00
6203808917,Actual,DZ114328,26/06/2025,kWh,consumption,1.325,1.325,1.338,1.413,1.388,1.400,1.363,1.350,1.600,2.300,2.275,2.238,7.363,6.813,3.188,1.238,1.300,0.700,1.150,0.275,0.163,0.263,0.025,0.250,0.013,0.225,0.000,0.588,0.650,0.963,0.138,0.000,0.188,0.013,1.438,1.263,1.213,1.175,0.688,0.350,1.238,1.238,1.213,2.175,1.388,1.238,1.363,1.325
6203808917,Actual,DZ114328,26/06/2025,kWh,generation,0.000,0.000,0.000,0.000,0.000,0.000,0.000,0.000,0.000,0.000,0.000,0.000,0.000,0.000,0.000,0.000,0.000,0.000,0.000,0.000,0.000,0.013,0.225,0.000,0.088,0.100,0.113,0.013,0.013,0.000,0.000,0.013,0.000,0.000,0.000,0.000,0.000,0.000,0.000,0.000,0.000,0.000,0.000,0.000,0.000,0.000,0.000,0.000
6203808917,Actual,DZ114328,27/06/2025,kWh,consumption,1.275,1.288,1.325,1.413,1.425,2.263,2.250,2.013,1.300,1.313,1.275,1.275,6.800,6.775,3.650,1.225,1.213,0.113,0.025,0.000,0.013,0.025,0.013,0.000,0.013,0.013,0.000,0.000,0.000,0.000,0.000,0.000,0.000,0.000,0.000,0.013,0.000,0.000,0.013,0.000,0.013,0.025,1.225,2.138,2.138,2.175,2.175,1.963
6203808917,Actual,DZ114328,27/06/2025,kWh,generation,0.000,0.000,0.000,0.000,0.000,0.000,0.000,0.000,0.000,0.000,0.000,0.000,0.000,0.000,0.000,0.000,0.000,0.000,0.013,0.025,0.138,0.038,0.150,0.138,0.025,0.050,1.813,2.250,2.075,1.350,0.275,0.350,0.038,0.013,0.000,0.000,0.013,0.000,0.000,0.000,0.000,0.013,0.000,0.000,0.000,0.000,0.000,0.000
6203808917,Actual,DZ114328,28/06/2025,kWh,consumption,1.888,2.588,2.263,1.763,0.388,0.688,1.313,1.300,1.313,1.300,1.275,1.288,6.788,6.800,6.863,2.900,1.188,1.225,1.013,1.075,1.325,1.788,1.263,0.863,0.000,0.000,0.000,0.000,1.300,3.125,3.350,1.250,0.013,0.000,0.000,0.013,0.013,0.813,0.675,0.463,0.613,0.500,1.750,1.638,2.225,1.850,2.000,1.300
6203808917,Actual,DZ114328,28/06/2025,kWh,generation,0.000,0.000,0.000,0.000,0.000,0.000,0.000,0.000,0.000,0.000,0.000,0.000,0.000,0.000,0.000,0.000,0.000,0.000,0.000,0.000,0.000,0.000,0.000,0.000,0.563,0.913,0.313,1.088,0.838,0.000,0.000,0.000,0.013,0.000,0.013,0.013,0.013,0.000,0.000,0.000,0.000,0.000,0.000,0.000,0.000,0.000,0.000,0.000
6203808917,Actual,DZ114328,29/06/2025,kWh,consumption,1.313,1.888,2.813,2.125,0.400,0.350,0.363,0.363,0.363,1.488,2.413,2.363,7.550,6.900,6.263,1.288,1.175,1.213,0.938,0.925,0.638,1.388,0.213,1.075,1.675,1.750,0.800,0.025,0.363,0.250,0.013,0.075,1.513,1.275,1.425,1.513,1.513,1.413,1.375,1.363,2.100,2.288,2.475,2.825,1.975,1.450,0.563,0.450
6203808917,Actual,DZ114328,29/06/2025,kWh,generation,0.000,0.000,0.000,0.000,0.000,0.000,0.000,0.000,0.000,0.000,0.000,0.000,0.000,0.000,0.000,0.000,0.000,0.000,0.000,0.000,0.000,0.000,0.000,0.000,0.000,0.000,0.113,0.613,0.463,0.013,0.013,0.025,0.000,0.000,0.000,0.000,0.000,0.000,0.000,0.000,0.000,0.000,0.000,0.000,0.000,0.000,0.000,0.000
6203808917,Actual,DZ114328,30/06/2025,kWh,consumption,0.325,0.325,0.963,1.413,0.338,0.338,0.350,0.325,0.338,0.338,0.300,1.263,6.850,6.863,7.213,8.200,5.800,1.225,0.013,0.288,0.063,0.013,0.025,0.013,0.038,0.038,0.088,0.013,0.000,0.000,0.000,0.000,0.013,0.000,0.013,0.000,0.013,0.013,0.000,0.013,0.000,0.038,1.088,1.525,1.463,2.113,1.350,1.738
6203808917,Actual,DZ114328,30/06/2025,kWh,generation,0.000,0.000,0.000,0.000,0.000,0.000,0.000,0.000,0.000,0.000,0.000,0.000,0.000,0.000,0.000,0.000,0.000,0.000,0.000,0.013,0.013,0.350,0.050,0.088,0.013,0.050,0.113,0.113,0.463,1.725,1.263,0.625,0.125,0.000,0.000,0.013,0.000,0.013,0.000,0.000,0.013,0.000,0.000,0.000,0.000,0.000,0.000,0.000
6203808917,Actual,DZ114328,01/07/2025,kWh,consumption,2.025,1.275,1.275,1.275,0.313,0.300,0.313,0.313,0.313,0.763,1.738,2.675,2.550,1.713,1.475,1.525,1.488,0.788,0.900,0.200,0.013,0.000,0.013,0.013,0.013,0.000,0.013,0.013,0.000,0.013,0.013,0.000,0.000,0.000,0.013,0.000,0.013,0.000,0.000,0.013,0.000,0.013,0.525,1.488,1.375,1.650,2.575,2.550
6203808917,Actual,DZ114328,01/07/2025,kWh,generation,0.000,0.000,0.000,0.000,0.000,0.000,0.000,0.000,0.000,0.000,0.000,0.000,0.000,0.000,0.000,0.000,0.000,0.000,0.000,0.013,0.025,0.038,0.000,0.013,0.000,0.138,0.050,0.000,0.013,0.013,0.000,0.550,0.288,0.013,0.013,0.000,0.000,0.000,0.000,0.013,0.000,0.000,0.000,0.000,0.000,0.000,0.000,0.000
6203808917,Actual,DZ114328,02/07/2025,kWh,consumption,2.313,2.088,1.588,1.788,0.450,0.650,0.525,0.713,0.588,0.538,0.488,1.350,7.300,6.850,7.000,3.450,1.913,2.013,1.850,1.263,0.588,1.150,1.125,1.188,1.388,1.325,1.150,1.550,1.400,1.338,0.013,0.000,0.313,1.663,1.613,1.413,1.938,2.313,1.338,0.413,0.575,0.413,1.250,2.288,2.188,1.888,1.300,1.300
6203808917,Actual,DZ114328,02/07/2025,kWh,generation,0.000,0.000,0.000,0.000,0.000,0.000,0.000,0.000,0.000,0.000,0.000,0.000,0.000,0.000,0.000,0.000,0.000,0.000,0.000,0.000,0.000,0.000,0.000,0.000,0.000,0.000,0.000,0.000,0.000,0.000,0.013,0.000,0.013,0.000,0.000,0.000,0.000,0.000,0.000,0.000,0.000,0.000,0.000,0.000,0.000,0.000,0.000,0.000
6203808917,Actual,DZ114328,03/07/2025,kWh,consumption,1.300,1.388,1.988,1.963,1.738,1.238,0.800,0.575,0.363,0.350,0.325,1.325,1.463,1.675,2.225,2.188,2.038,0.300,0.600,0.375,0.013,0.013,0.025,0.000,0.288,0.263,0.025,0.000,0.013,0.000,0.013,0.000,0.013,0.013,0.000,0.000,0.013,0.313,0.975,0.388,1.675,1.300,0.738,1.363,1.300,2.400,3.138,2.313
6203808917,Actual,DZ114328,03/07/2025,kWh,generation,0.000,0.000,0.000,0.000,0.000,0.000,0.000,0.000,0.000,0.000,0.000,0.000,0.000,0.000,0.000,0.000,0.000,0.000,0.000,0.000,0.125,0.013,0.013,0.013,0.050,0.038,0.000,0.013,0.000,0.013,0.013,0.000,0.013,0.000,0.000,0.000,0.013,0.000,0.000,0.000,0.000,0.000,0.000,0.000,0.000,0.000,0.000,0.000
6203808917,Actual,DZ114328,04/07/2025,kWh,consumption,1.763,2.113,2.175,1.975,1.025,1.025,1.025,1.013,1.700,1.925,1.938,3.175,8.688,7.425,7.425,7.475,2.863,1.125,1.188,0.075,0.413,0.038,0.000,0.000,0.000,0.000,0.000,1.025,0.438,0.013,0.000,0.000,0.000,0.000,0.000,0.013,0.000,0.013,0.000,0.000,0.038,0.163,2.638,2.538,1.900,2.188,1.725,1.638
6203808917,Actual,DZ114328,04/07/2025,kWh,generation,0.000,0.000,0.000,0.000,0.000,0.000,0.000,0.000,0.000,0.000,0.000,0.000,0.000,0.000,0.000,0.000,0.000,0.000,0.000,0.000,0.000,0.050,0.200,0.650,0.950,0.225,0.075,0.050,0.000,0.088,0.475,0.575,0.200,0.013,0.000,0.000,0.000,0.013,0.000,0.000,0.000,0.013,0.000,0.000,0.000,0.000,0.000,0.000
6203808917,Actual,DZ114328,05/07/2025,kWh,consumption,1.613,1.625,1.638,1.650,0.688,0.688,0.675,0.700,0.700,1.663,1.638,1.613,2.738,2.438,2.888,3.375,4.225,2.913,2.188,2.113,2.225,1.175,0.200,0.000,0.013,0.000,0.000,0.000,0.000,0.000,0.063,1.175,0.525,0.000,0.188,2.075,2.213,2.150,0.663,0.513,0.600,0.425,1.550,1.613,2.088,2.763,1.913,1.838
6203808917,Actual,DZ114328,05/07/2025,kWh,generation,0.000,0.000,0.000,0.000,0.000,0.000,0.000,0.000,0.000,0.000,0.000,0.000,0.000,0.000,0.000,0.000,0.000,0.000,0.000,0.000,0.000,0.000,0.200,0.288,0.050,0.588,2.450,2.213,1.988,1.563,0.075,0.000,0.000,0.000,0.013,0.000,0.000,0.000,0.000,0.000,0.000,0.000,0.000,0.000,0.000,0.000,0.000,0.000
6203808917,Actual,DZ114328,06/07/2025,kWh,consumption,1.838,1.913,1.713,1.988,0.825,0.975,1.000,1.188,1.938,3.038,3.413,3.013,4.763,4.675,4.425,3.513,3.250,2.775,1.363,1.000,0.938,0.025,0.050,0.125,0.013,0.188,0.000,0.050,0.013,0.063,0.000,0.013,0.013,0.000,0.013,0.000,0.000,0.325,0.863,0.363,0.363,0.300,1.275,1.263,1.275,1.975,2.213,2.313
6203808917,Actual,DZ114328,06/07/2025,kWh,generation,0.000,0.000,0.000,0.000,0.000,0.000,0.000,0.000,0.000,0.000,0.000,0.000,0.000,0.000,0.000,0.000,0.000,0.000,0.000,0.000,0.000,0.038,0.000,0.013,0.025,0.013,0.025,0.038,0.013,0.000,0.013,0.013,0.000,0.013,0.013,0.000,0.000,0.013,0.000,0.000,0.000,0.000,0.000,0.000,0.000,0.000,0.000,0.000
6203808917,Actual,DZ114328,07/07/2025,kWh,consumption,1.738,1.850,2.200,2.138,1.988,2.325,2.863,2.550,2.500,2.300,1.575,1.563,2.763,1.225,0.900,1.750,1.825,2.075,0.588,0.225,0.038,0.038,0.000,0.013,0.013,0.000,0.013,0.100,0.000,0.063,0.013,0.000,0.025,0.000,0.000,0.013,0.000,0.013,0.000,0.013,0.038,0.013,1.100,1.050,0.438,0.288,0.263,0.275
6203808917,Actual,DZ114328,07/07/2025,kWh,generation,0.000,0.000,0.000,0.000,0.000,0.000,0.000,0.000,0.000,0.000,0.000,0.000,0.000,0.000,0.000,0.000,0.000,0.000,0.000,0.000,0.013,0.000,0.025,0.113,0.050,0.025,0.000,0.050,0.013,0.013,0.013,0.000,0.013,0.013,0.000,0.000,0.013,0.013,0.000,0.000,0.038,0.000,0.000,0.000,0.000,0.000,0.000,0.000
6203808917,Actual,DZ114328,08/07/2025,kWh,consumption,0.250,0.250,0.250,0.275,0.263,0.250,0.263,0.250,0.338,1.225,1.200,1.213,2.813,0.913,0.250,0.438,0.175,0.313,0.063,0.188,0.625,0.025,0.050,0.025,0.088,0.275,0.700,0.500,0.113,0.400,0.013,0.000,0.013,0.000,0.013,0.000,0.000,0.013,0.013,0.025,0.000,0.013,0.288,0.288,0.863,1.475,1.450,0.275
6203808917,Actual,DZ114328,08/07/2025,kWh,generation,0.000,0.000,0.000,0.000,0.000,0.000,0.000,0.000,0.000,0.000,0.000,0.000,0.000,0.000,0.000,0.000,0.000,0.000,0.013,0.000,0.013,0.013,0.188,0.113,0.500,0.000,0.000,0.000,0.013,0.000,0.000,0.013,0.000,0.013,0.000,0.000,0.013,0.000,0.013,0.013,0.013,0.000,0.000,0.000,0.000,0.000,0.000,0.000
6203808917,Actual,DZ114328,09/07/2025,kWh,consumption,0.263,1.038,1.238,1.225,0.550,0.263,0.263,0.250,0.250,0.263,0.475,1.200,2.900,2.450,0.900,0.225,0.813,0.475,0.363,0.000,0.000,0.000,0.013,0.013,0.025,0.000,0.000,0.000,0.000,0.000,0.000,0.013,0.000,0.013,0.000,0.013,0.000,0.000,0.013,0.000,0.000,0.025,1.000,0.750,0.413,0.263,0.263,0.788
6203808917,Actual,DZ114328,09/07/2025,kWh,generation,0.000,0.000,0.000,0.000,0.000,0.000,0.000,0.000,0.000,0.000,0.000,0.000,0.000,0.000,0.000,0.000,0.000,0.013,0.000,0.050,0.100,0.288,0.188,0.025,0.175,2.250,2.725,1.275,0.275,0.075,0.000,0.013,0.000,0.013,0.000,0.000,0.013,0.000,0.000,0.013,0.000,0.000,0.000,0.000,0.000,0.000,0.000,0.000
6203808917,Actual,DZ114328,10/07/2025,kWh,consumption,1.588,1.488,1.475,0.750,0.438,0.463,0.438,0.425,0.438,0.450,0.425,0.388,3.163,2.688,0.713,0.363,0.188,0.063,0.013,0.000,0.013,0.013,0.013,0.000,0.000,0.000,0.000,0.000,0.000,0.000,0.000,0.013,0.000,0.000,0.000,0.013,0.125,0.163,0.013,0.000,0.013,0.013,0.725,0.475,0.288,0.538,0.275,0.263
6203808917,Actual,DZ114328,10/07/2025,kWh,generation,0.000,0.000,0.000,0.000,0.000,0.000,0.000,0.000,0.000,0.000,0.000,0.000,0.000,0.000,0.000,0.000,0.000,0.000,0.013,0.038,0.025,0.013,0.163,1.525,2.113,1.438,2.225,0.638,0.438,0.400,0.600,0.463,0.113,0.013,0.000,0.013,0.000,0.000,0.013,0.013,0.000,0.000,0.000,0.000,0.000,0.000,0.000,0.000
6203808917,Actual,DZ114328,11/07/2025,kWh,consumption,0.250,0.250,0.263,0.275,0.250,0.263,0.263,0.263,0.250,0.913,1.213,1.238,3.075,0.763,0.250,0.238,0.100,0.013,0.000,0.013,0.013,0.000,0.013,0.013,0.400,0.263,0.013,0.000,0.013,0.000,0.000,0.000,0.000,0.000,0.013,0.000,0.013,0.000,0.013,0.000,0.038,0.250,2.838,2.663,2.413,2.800,2.113,1.763
6203808917,Actual,DZ114328,11/07/2025,kWh,generation,0.000,0.000,0.000,0.000,0.000,0.000,0.000,0.000,0.000,0.000,0.000,0.000,0.000,0.000,0.000,0.000,0.000,0.013,0.000,0.013,0.025,0.000,0.050,0.325,0.038,0.000,0.050,0.013,0.263,0.200,0.988,0.550,0.088,0.000,0.013,0.000,0.000,0.013,0.000,0.000,0.013,0.000,0.000,0.000,0.000,0.000,0.000,0.000
6203808917,Actual,DZ114328,12/07/2025,kWh,consumption,1.563,1.575,1.588,1.575,0.600,0.613,0.588,0.600,1.613,2.525,2.475,2.488,3.800,3.288,3.250,3.213,3.075,2.950,1.088,0.350,0.025,0.025,0.025,0.150,0.000,0.013,0.013,0.000,0.000,0.000,0.000,0.000,0.013,0.000,0.013,0.000,0.013,0.000,0.013,0.000,0.013,0.013,1.388,1.588,1.688,3.300,3.200,2.225
6203808917,Actual,DZ114328,12/07/2025,kWh,generation,0.000,0.000,0.000,0.000,0.000,0.000,0.000,0.000,0.000,0.000,0.000,0.000,0.000,0.000,0.000,0.000,0.000,0.000,0.000,0.013,0.013,0.025,0.025,0.013,0.013,0.000,0.075,1.225,1.250,0.425,0.263,0.013,0.000,0.013,0.013,0.013,0.000,0.013,0.000,0.000,0.013,0.000,0.000,0.000,0.000,0.000,0.000,0.000
6203808917,Actual,DZ114328,13/07/2025,kWh,consumption,2.063,1.775,1.888,1.638,0.663,0.663,0.650,0.663,0.638,0.638,0.625,0.638,2.575,3.363,3.525,3.338,3.875,3.050,2.438,2.588,2.650,2.600,2.675,3.125,0.613,0.675,0.038,0.538,0.350,0.188,0.000,0.013,0.000,0.000,0.013,0.000,0.013,0.000,0.013,0.000,0.013,0.013,2.350,2.788,2.300,2.425,1.525,1.288
6203808917,Actual,DZ114328,13/07/2025,kWh,generation,0.000,0.000,0.000,0.000,0.000,0.000,0.000,0.000,0.000,0.000,0.000,0.000,0.000,0.000,0.000,0.000,0.000,0.000,0.000,0.000,0.000,0.000,0.000,0.000,0.000,0.000,0.738,0.050,0.000,0.000,0.013,0.000,0.013,0.000,0.000,0.013,0.000,0.013,0.000,0.000,0.013,0.000,0.000,0.000,0.000,0.000,0.000,0.000
6203808917,Actual,DZ114328,14/07/2025,kWh,consumption,1.275,1.288,1.275,1.275,0.325,0.325,0.313,0.313,0.325,0.313,0.525,2.600,3.938,2.763,2.163,2.125,1.950,0.600,0.175,0.013,0.038,0.013,0.000,0.025,0.688,0.638,0.213,0.100,0.263,0.400,0.000,0.013,0.013,0.000,0.013,0.550,1.650,1.625,1.250,1.688,1.500,1.763,1.863,2.100,2.075,1.900,1.975,1.950
6203808917,Actual,DZ114328,14/07/2025,kWh,generation,0.000,0.000,0.000,0.000,0.000,0.000,0.000,0.000,0.000,0.000,0.000,0.000,0.000,0.000,0.000,0.000,0.000,0.000,0.000,0.013,0.038,0.088,0.238,0.588,0.475,0.063,0.013,0.000,0.000,0.013,0.000,0.013,0.013,0.000,0.013,0.000,0.000,0.000,0.000,0.000,0.000,0.000,0.000,0.000,0.000,0.000,0.000,0.000
6203808917,Actual,DZ114328,15/07/2025,kWh,consumption,1.975,1.975,1.988,2.013,0.913,0.863,1.000,1.075,0.988,0.925,0.900,1.863,3.763,2.925,2.113,1.888,1.913,0.450,0.238,0.200,0.163,0.313,0.025,0.013,0.438,0.188,0.288,0.063,0.313,0.163,0.063,0.038,0.013,0.013,0.013,0.050,0.150,0.050,0.950,1.063,1.075,1.063,1.088,2.013,2.200,1.613,1.288,1.288
6203808917,Actual,DZ114328,15/07/2025,kWh,generation,0.000,0.000,0.000,0.000,0.000,0.000,0.000,0.000,0.000,0.000,0.000,0.000,0.000,0.000,0.000,0.000,0.000,0.013,0.025,0.013,0.038,0.088,0.500,0.750,0.225,0.013,0.013,0.113,0.000,0.025,0.063,0.038,0.013,0.000,0.025,0.038,0.038,0.050,0.000,0.000,0.000,0.000,0.000,0.000,0.000,0.000,0.000,0.000
6203808917,Actual,DZ114328,16/07/2025,kWh,consumption,1.288,1.275,1.300,1.275,0.313,0.300,0.325,0.313,0.300,0.300,0.300,1.263,3.013,1.713,1.263,2.150,2.013,0.038,0.013,0.000,0.013,0.000,0.013,0.013,0.338,0.000,0.013,0.000,0.000,0.000,0.000,0.000,0.013,0.000,0.000,0.013,0.013,0.000,0.013,0.000,0.013,0.000,0.313,1.325,1.713,1.438,1.338,1.288
6203808917,Actual,DZ114328,16/07/2025,kWh,generation,0.000,0.000,0.000,0.000,0.000,0.000,0.000,0.000,0.000,0.000,0.000,0.000,0.000,0.000,0.000,0.000,0.000,0.000,0.013,0.113,0.200,0.225,0.075,0.025,0.013,0.000,0.013,0.013,1.413,0.813,0.425,0.600,0.038,0.013,0.000,0.013,0.000,0.013,0.000,0.000,0.013,0.000,0.000,0.000,0.000,0.000,0.000,0.000
6203808917,Actual,DZ114328,17/07/2025,kWh,consumption,1.263,1.288,1.288,1.300,0.313,0.313,0.325,0.325,0.313,0.313,0.313,1.263,3.025,2.588,2.388,2.163,2.013,1.113,1.050,1.013,0.838,0.700,0.050,0.025,0.200,0.050,0.288,0.525,0.863,0.925,0.013,0.000,0.013,0.000,0.000,0.338,2.275,1.438,1.463,2.313,3.238,3.350,2.825,3.050,3.825,3.525,3.100,3.075
6203808917,Actual,DZ114328,17/07/2025,kWh,generation,0.000,0.000,0.000,0.000,0.000,0.000,0.000,0.000,0.000,0.000,0.000,0.000,0.000,0.000,0.000,0.000,0.000,0.000,0.000,0.000,0.000,0.000,0.013,0.013,0.025,0.313,0.025,0.000,0.000,0.000,0.013,0.000,0.013,0.000,0.013,0.000,0.000,0.000,0.000,0.000,0.000,0.000,0.000,0.000,0.000,0.000,0.000,0.000
6203808917,Actual,DZ114328,18/07/2025,kWh,consumption,2.975,3.113,3.013,2.963,2.050,2.038,1.625,1.563,1.563,1.513,1.500,2.438,4.150,3.350,2.413,2.363,2.175,1.588,0.763,0.113,0.013,0.088,0.013,0.000,0.025,0.013,0.025,0.063,0.013,0.000,0.000,0.000,0.025,0.050,0.063,0.050,0.063,0.050,0.063,0.050,0.063,0.063,1.038,1.713,1.638,1.663,1.688,2.125
6203808917,Actual,DZ114328,18/07/2025,kWh,generation,0.000,0.000,0.000,0.000,0.000,0.000,0.000,0.000,0.000,0.000,0.000,0.000,0.000,0.000,0.000,0.000,0.000,0.000,0.000,0.013,0.013,0.000,0.113,0.663,0.163,0.238,0.575,0.088,1.275,1.625,1.200,0.625,0.300,0.050,0.063,0.050,0.050,0.050,0.050,0.050,0.050,0.050,0.000,0.000,0.000,0.000,0.000,0.000
6203808917,Actual,DZ114328,19/07/2025,kWh,consumption,2.113,2.063,2.038,1.988,1.013,1.000,1.000,1.000,1.425,1.500,1.500,1.475,3.238,3.188,3.188,3.175,3.863,3.450,3.063,2.975,2.950,1.313,0.013,0.013,0.013,0.025,0.225,1.500,1.800,1.588,0.013,0.000,0.013,0.675,1.275,1.275,1.275,1.275,1.375,1.875,1.625,1.600,1.300,1.288,0.988,0.313,0.350,0.388
6203808917,Actual,DZ114328,19/07/2025,kWh,generation,0.000,0.000,0.000,0.000,0.000,0.000,0.000,0.000,0.000,0.000,0.000,0.000,0.000,0.000,0.000,0.000,0.000,0.000,0.000,0.000,0.000,0.000,0.013,0.013,0.025,0.038,0.288,0.000,0.000,0.000,0.013,0.000,0.013,0.000,0.000,0.000,0.000,0.000,0.000,0.000,0.000,0.000,0.000,0.000,0.000,0.000,0.000,0.000
6203808917,Actual,DZ114328,20/07/2025,kWh,consumption,0.963,0.913,0.413,0.388,0.425,1.738,1.575,1.538,1.525,1.538,1.525,1.538,3.300,3.263,3.263,3.213,2.963,3.050,2.988,1.563,1.138,0.913,0.900,0.063,0.100,0.063,0.075,0.163,0.013,0.000,0.013,0.000,0.013,0.063,2.275,3.375,2.400,2.525,2.288,1.813,1.275,1.550,1.588,1.625,1.613,1.625,1.063,0.688
6203808917,Actual,DZ114328,20/07/2025,kWh,generation,0.000,0.000,0.000,0.000,0.000,0.000,0.000,0.000,0.000,0.000,0.000,0.000,0.000,0.000,0.000,0.000,0.000,0.000,0.000,0.000,0.000,0.000,0.000,0.000,0.013,0.000,0.013,0.000,0.063,0.000,0.013,0.013,0.000,0.013,0.000,0.000,0.000,0.000,0.000,0.000,0.000,0.000,0.000,0.000,0.000,0.000,0.000,0.000
6203808917,Actual,DZ114328,21/07/2025,kWh,consumption,1.188,0.688,0.700,0.688,0.575,0.575,0.625,1.538,1.525,1.500,1.513,1.500,3.263,4.163,4.463,4.275,3.850,2.763,2.388,0.325,0.025,0.000,0.000,0.000,0.000,0.013,0.000,0.000,0.000,0.000,0.000,0.013,0.000,0.013,0.000,0.113,0.675,1.575,1.350,1.313,1.275,1.250,1.338,1.788,0.713,0.988,1.638,1.738
6203808917,Actual,DZ114328,21/07/2025,kWh,generation,0.000,0.000,0.000,0.000,0.000,0.000,0.000,0.000,0.000,0.000,0.000,0.000,0.000,0.000,0.000,0.000,0.000,0.000,0.000,0.000,0.088,0.463,0.725,0.275,0.063,0.088,0.713,1.300,1.050,0.775,0.438,0.050,0.000,0.013,0.000,0.000,0.000,0.000,0.000,0.000,0.000,0.000,0.000,0.000,0.000,0.000,0.000,0.000
6203808917,Actual,DZ114328,22/07/2025,kWh,consumption,1.650,0.763,0.700,0.688,1.050,1.538,1.525,1.525,1.525,1.525,1.725,1.813,3.238,3.250,3.250,3.250,2.875,1.838,0.025,0.000,0.025,0.038,0.013,0.000,0.013,0.100,0.038,0.038,0.075,0.363,0.013,0.013,0.013,0.000,0.013,0.000,0.013,0.000,0.013,0.013,0.013,1.863,2.250,1.700,1.275,1.288,1.288,1.288
6203808917,Actual,DZ114328,22/07/2025,kWh,generation,0.000,0.000,0.000,0.000,0.000,0.000,0.000,0.000,0.000,0.000,0.000,0.000,0.000,0.000,0.000,0.000,0.000,0.000,0.025,0.013,0.000,0.013,0.000,0.013,0.000,0.000,0.013,0.000,0.100,0.050,0.013,0.013,0.013,0.000,0.013,0.000,0.000,0.013,0.000,0.013,0.000,0.000,0.000,0.000,0.000,0.000,0.000,0.000
6203808917,Actual,DZ114328,23/07/2025,kWh,consumption,1.263,1.263,1.238,1.225,0.275,0.263,0.275,1.213,1.213,0.588,0.263,1.213,2.938,2.950,2.950,2.975,3.700,2.388,1.250,0.163,0.075,0.050,0.025,0.013,0.075,0.450,0.375,0.063,0.188,0.313,0.013,0.000,0.013,0.000,0.013,0.000,0.013,1.363,1.288,1.313,1.525,1.563,1.800,2.863,2.425,1.288,1.550,1.313
6203808917,Actual,DZ114328,23/07/2025,kWh,generation,0.000,0.000,0.000,0.000,0.000,0.000,0.000,0.000,0.000,0.000,0.000,0.000,0.000,0.000,0.000,0.000,0.000,0.000,0.013,0.000,0.063,0.013,0.050,0.113,0.025,0.000,0.000,0.013,0.000,0.000,0.000,0.013,0.000,0.013,0.000,0.000,0.013,0.000,0.000,0.000,0.000,0.000,0.000,0.000,0.000,0.000,0.000,0.000
6203808917,Actual,DZ114328,24/07/2025,kWh,consumption,1.263,1.250,1.250,1.225,0.300,1.150,1.213,1.200,1.200,1.188,1.188,1.513,3.838,3.863,4.038,3.838,3.788,3.175,2.725,1.563,0.263,0.038,0.013,0.025,0.000,0.013,0.013,0.050,0.013,0.000,0.000,0.013,0.000,0.013,0.000,0.000,0.013,0.000,0.013,0.438,0.688,0.950,1.000,1.388,1.963,2.150,1.563,1.275
6203808917,Actual,DZ114328,24/07/2025,kWh,generation,0.000,0.000,0.000,0.000,0.000,0.000,0.000,0.000,0.000,0.000,0.000,0.000,0.000,0.000,0.000,0.000,0.000,0.000,0.000,0.000,0.000,0.025,0.013,0.013,0.013,0.013,0.013,0.013,0.013,0.013,0.013,0.013,0.013,0.000,0.000,0.013,0.000,0.013,0.000,0.000,0.000,0.000,0.000,0.000,0.000,0.000,0.000,0.000
6203808917,Actual,DZ114328,25/07/2025,kWh,consumption,1.438,1.188,1.175,1.188,0.225,0.213,0.213,0.225,0.213,0.300,1.163,2.088,3.038,1.638,1.425,1.150,1.838,0.225,0.000,0.025,0.000,0.013,0.013,0.000,0.013,0.013,0.000,0.013,0.988,0.188,0.013,0.000,0.000,0.013,0.000,0.013,0.000,0.925,1.663,1.225,0.613,0.575,0.575,1.475,1.638,1.463,1.500,1.475
6203808917,Actual,DZ114328,25/07/2025,kWh,generation,0.000,0.000,0.000,0.000,0.000,0.000,0.000,0.000,0.000,0.000,0.000,0.000,0.000,0.000,0.000,0.000,0.000,0.013,0.000,0.013,0.000,0.013,0.000,0.000,0.013,0.000,0.000,0.013,0.000,0.013,0.000,0.013,0.000,0.013,0.000,0.013,0.000,0.000,0.000,0.000,0.000,0.000,0.000,0.000,0.000,0.000,0.000,0.000
6203808917,Actual,DZ114328,26/07/2025,kWh,consumption,1.750,2.175,1.938,2.150,0.413,0.263,0.263,0.250,0.263,0.263,0.250,0.250,2.000,0.563,0.250,0.250,1.138,0.988,1.000,0.950,0.863,0.863,1.588,1.050,0.438,1.263,1.038,0.725,1.638,0.138,0.338,0.425,0.063,0.263,0.313,0.338,0.675,0.338,0.488,1.363,1.588,1.525,2.400,2.025,1.613,1.488,1.425,2.338
6203808917,Actual,DZ114328,26/07/2025,kWh,generation,0.000,0.000,0.000,0.000,0.000,0.000,0.000,0.000,0.000,0.000,0.000,0.000,0.000,0.000,0.000,0.000,0.000,0.000,0.000,0.000,0.000,0.000,0.000,0.000,0.000,0.000,0.000,0.000,0.000,0.013,0.000,0.000,0.000,0.000,0.000,0.000,0.000,0.000,0.000,0.000,0.000,0.000,0.000,0.000,0.000,0.000,0.000,0.000
6203808917,Actual,DZ114328,27/07/2025,kWh,consumption,1.888,1.238,1.513,1.238,0.463,0.500,0.350,0.475,0.575,0.338,0.250,0.238,2.013,0.525,0.238,0.188,1.013,0.900,0.725,0.888,1.313,0.825,0.013,0.025,0.625,0.400,0.100,0.238,0.963,0.013,0.013,0.000,0.013,0.000,0.013,0.000,0.013,0.013,0.025,1.288,1.725,2.225,2.175,1.400,1.638,1.388,1.375,1.350
6203808917,Actual,DZ114328,27/07/2025,kWh,generation,0.000,0.000,0.000,0.000,0.000,0.000,0.000,0.000,0.000,0.000,0.000,0.000,0.000,0.000,0.000,0.000,0.000,0.000,0.000,0.000,0.000,0.000,0.138,0.588,0.000,0.075,0.013,0.000,0.000,0.100,0.025,0.000,0.013,0.013,0.000,0.013,0.013,0.013,0.000,0.013,0.000,0.000,0.000,0.000,0.000,0.000,0.000,0.000
6203808917,Actual,DZ114328,28/07/2025,kWh,consumption,1.300,1.275,1.263,1.263,0.338,0.313,0.288,0.300,0.275,0.275,0.275,1.225,3.050,3.138,3.125,2.925,2.213,0.000,0.013,0.013,0.013,0.000,0.013,0.025,0.013,0.013,0.013,0.000,0.000,0.000,0.013,0.000,0.013,0.013,0.000,0.025,0.013,0.013,0.000,0.000,0.013,0.013,0.775,1.775,1.775,2.000,2.075,1.350
6203808917,Actual,DZ114328,28/07/2025,kWh,generation,0.000,0.000,0.000,0.000,0.000,0.000,0.000,0.000,0.000,0.000,0.000,0.000,0.000,0.000,0.000,0.000,0.000,0.000,0.000,0.063,0.013,0.463,0.413,0.313,0.313,0.075,0.300,1.300,0.838,0.975,0.150,0.000,0.013,0.000,0.013,0.013,0.013,0.000,0.000,0.013,0.000,0.000,0.000,0.000,0.000,0.000,0.000,0.000
6203808917,Actual,DZ114328,29/07/2025,kWh,consumption,1.738,2.313,2.000,1.775,0.800,0.725,0.338,0.275,0.250,0.263,0.275,2.038,3.750,3.300,3.038,3.788,3.588,1.613,0.188,0.038,0.013,0.000,0.000,0.000,0.000,0.000,0.000,0.000,0.000,0.000,0.000,0.000,0.000,0.000,0.000,0.013,0.000,0.000,0.013,0.000,0.000,0.013,0.300,1.238,1.238,1.225,1.488,2.150
6203808917,Actual,DZ114328,29/07/2025,kWh,generation,0.000,0.000,0.000,0.000,0.000,0.000,0.000,0.000,0.000,0.000,0.000,0.000,0.000,0.000,0.000,0.000,0.000,0.000,0.000,0.013,0.050,0.088,1.350,1.925,2.313,1.375,2.238,2.550,2.325,0.788,0.600,0.388,0.275,0.000,0.000,0.000,0.000,0.013,0.000,0.000,0.000,0.000,0.000,0.000,0.000,0.000,0.000,0.000
6203808917,Actual,DZ114328,30/07/2025,kWh,consumption,1.663,1.238,1.238,1.213,0.288,0.275,0.288,0.263,0.275,0.288,0.575,2.138,3.713,3.013,3.875,3.650,2.763,1.563,1.350,1.363,0.200,0.338,0.588,0.575,0.013,0.000,0.100,0.113,0.563,0.613,0.075,0.188,0.238,0.000,0.000,0.588,1.338,2.613,2.538,2.375,1.775,0.888,0.750,2.113,1.450,1.925,1.300,1.288
6203808917,Actual,DZ114328,30/07/2025,kWh,generation,0.000,0.000,0.000,0.000,0.000,0.000,0.000,0.000,0.000,0.000,0.000,0.000,0.000,0.000,0.000,0.000,0.000,0.000,0.000,0.000,0.013,0.000,0.000,0.013,0.000,0.013,0.013,0.000,0.000,0.000,0.000,0.000,0.000,0.013,0.000,0.000,0.000,0.000,0.000,0.000,0.000,0.000,0.000,0.000,0.000,0.000,0.000,0.000
6203808917,Actual,DZ114328,31/07/2025,kWh,consumption,1.313,1.313,1.988,1.488,0.388,0.913,1.763,1.813,1.763,1.713,1.600,1.888,3.000,2.950,2.975,2.963,3.650,2.275,0.913,0.000,0.013,0.000,0.000,0.013,0.000,0.000,0.000,0.000,0.000,0.000,0.000,0.000,0.000,0.000,0.000,0.000,0.013,0.000,0.000,0.013,0.000,0.025,1.363,2.538,1.525,1.900,1.875,2.213
6203808917,Actual,DZ114328,31/07/2025,kWh,generation,0.000,0.000,0.000,0.000,0.000,0.000,0.000,0.000,0.000,0.000,0.000,0.000,0.000,0.000,0.000,0.000,0.000,0.000,0.000,0.075,0.213,0.438,0.263,0.100,2.050,2.538,0.550,1.075,2.088,2.338,1.788,1.488,0.425,0.038,0.013,0.000,0.000,0.000,0.000,0.000,0.000,0.013,0.000,0.000,0.000,0.000,0.000,0.000
6203808917,Actual,DZ114328,01/08/2025,kWh,consumption,1.400,1.225,1.225,1.200,0.225,0.250,1.063,1.188,1.175,1.163,1.163,1.163,2.938,2.163,2.613,2.825,2.700,2.100,1.450,1.063,0.025,0.013,0.013,0.000,0.013,0.000,0.000,0.000,0.000,0.000,0.000,0.000,0.000,0.000,0.000,0.000,0.013,0.000,0.000,0.013,0.013,0.025,1.088,2.438,2.113,1.238,1.450,1.225
6203808917,Actual,DZ114328,01/08/2025,kWh,generation,0.000,0.000,0.000,0.000,0.000,0.000,0.000,0.000,0.000,0.000,0.000,0.000,0.000,0.000,0.000,0.000,0.000,0.000,0.000,0.000,0.013,0.013,0.013,0.013,0.013,1.275,3.063,2.713,2.638,2.188,1.050,0.338,0.225,0.013,0.000,0.013,0.000,0.000,0.013,0.000,0.013,0.000,0.000,0.000,0.000,0.000,0.000,0.000
6203808917,Actual,DZ114328,02/08/2025,kWh,consumption,1.213,1.213,1.200,1.200,0.238,0.238,0.238,1.200,1.238,0.738,0.250,0.250,2.000,0.700,0.250,0.225,1.000,0.788,0.625,0.763,0.763,0.413,0.050,0.300,0.025,0.013,0.000,0.000,0.000,0.000,0.000,0.000,0.000,0.000,0.000,0.000,0.013,0.000,0.000,0.013,0.000,0.000,1.163,1.163,1.163,1.163,1.175,1.163
6203808917,Actual,DZ114328,02/08/2025,kWh,generation,0.000,0.000,0.000,0.000,0.000,0.000,0.000,0.000,0.000,0.000,0.000,0.000,0.000,0.000,0.000,0.000,0.000,0.000,0.000,0.000,0.000,0.000,0.038,0.150,0.250,0.063,0.588,2.425,1.275,1.850,1.663,1.125,0.775,0.150,0.000,0.000,0.013,0.000,0.000,0.000,0.000,0.000,0.000,0.000,0.000,0.000,0.000,0.000
6203808917,Actual,DZ114328,03/08/2025,kWh,consumption,1.175,1.175,1.175,1.150,0.225,0.613,0.725,0.188,0.200,0.200,0.213,0.188,1.913,0.675,0.188,0.700,1.500,0.813,0.013,0.013,0.013,0.000,0.000,0.000,0.000,0.000,0.000,0.000,0.000,0.000,0.000,0.000,0.000,0.000,0.000,0.013,0.000,0.000,0.013,0.000,0.000,0.013,1.250,1.275,1.200,1.825,1.638,1.363
6203808917,Actual,DZ114328,03/08/2025,kWh,generation,0.000,0.000,0.000,0.000,0.000,0.000,0.000,0.000,0.000,0.000,0.000,0.000,0.000,0.000,0.000,0.000,0.000,0.000,0.013,0.025,0.038,1.175,1.100,0.938,1.950,2.175,3.075,2.750,1.325,1.888,1.813,1.375,0.813,0.163,0.013,0.000,0.000,0.000,0.000,0.000,0.013,0.000,0.000,0.000,0.000,0.000,0.000,0.000
6203808917,Actual,DZ114328,04/08/2025,kWh,consumption,1.225,1.200,1.900,1.800,1.150,0.925,0.238,0.225,0.213,0.600,0.950,1.175,2.925,1.463,1.163,1.100,1.200,0.050,0.000,0.025,0.013,0.013,0.025,0.000,0.000,0.000,0.000,0.000,0.013,0.013,0.000,0.013,0.000,0.013,0.000,0.013,0.000,0.000,0.013,0.000,0.000,0.013,0.425,1.300,1.250,1.213,1.588,1.775
6203808917,Actual,DZ114328,04/08/2025,kWh,generation,0.000,0.000,0.000,0.000,0.000,0.000,0.000,0.000,0.000,0.000,0.000,0.000,0.000,0.000,0.000,0.000,0.000,0.000,0.025,0.013,0.013,0.013,0.050,1.375,1.713,0.413,0.263,0.588,0.300,0.013,0.000,0.013,0.000,0.013,0.000,0.000,0.013,0.000,0.000,0.000,0.013,0.000,0.000,0.000,0.000,0.000,0.000,0.000
6203808917,Actual,DZ114328,05/08/2025,kWh,consumption,1.213,1.188,1.200,1.188,0.225,0.238,0.225,0.225,0.238,0.213,0.225,1.188,2.925,1.450,1.163,1.563,1.863,0.363,0.013,0.013,0.000,0.013,0.013,0.000,0.000,0.000,0.000,0.000,0.000,0.000,0.000,0.000,0.000,0.000,0.013,0.000,0.000,0.000,0.013,0.000,0.000,0.013,0.263,1.763,1.400,1.188,1.188,1.200
6203808917,Actual,DZ114328,05/08/2025,kWh,generation,0.000,0.000,0.000,0.000,0.000,0.000,0.000,0.000,0.000,0.000,0.000,0.000,0.000,0.000,0.000,0.000,0.000,0.013,0.013,0.063,0.050,0.013,0.313,2.888,3.188,3.288,3.188,2.938,1.588,2.425,1.813,1.400,0.875,0.188,0.000,0.013,0.000,0.000,0.000,0.013,0.000,0.000,0.000,0.000,0.000,0.000,0.000,0.000
6203808917,Actual,DZ114328,06/08/2025,kWh,consumption,1.188,1.188,1.200,1.188,0.225,0.213,0.225,0.225,0.213,0.225,0.225,1.175,2.950,1.513,1.150,1.113,1.625,0.738,0.150,0.013,0.000,0.000,0.000,0.000,0.000,0.000,0.000,0.000,0.000,0.013,0.000,0.000,0.000,0.000,0.000,0.000,0.013,0.000,0.000,0.013,0.000,0.000,0.225,1.763,1.638,2.000,2.163,1.438
6203808917,Actual,DZ114328,06/08/2025,kWh,generation,0.000,0.000,0.000,0.000,0.000,0.000,0.000,0.000,0.000,0.000,0.000,0.000,0.000,0.000,0.000,0.000,0.000,0.000,0.013,0.075,0.450,2.250,1.000,2.600,1.613,1.563,1.713,0.763,0.663,0.013,0.188,0.613,0.375,0.075,0.000,0.013,0.000,0.000,0.000,0.000,0.013,0.000,0.000,0.000,0.000,0.000,0.000,0.000
6203808917,Actual,DZ114328,07/08/2025,kWh,consumption,1.225,1.213,1.188,1.175,0.238,0.225,0.238,0.213,0.225,0.238,1.038,2.100,3.338,1.925,1.775,1.525,1.750,0.188,0.000,0.013,0.000,0.000,0.000,0.000,0.000,0.000,0.000,0.000,0.000,0.000,0.000,0.000,0.000,0.000,0.000,0.013,0.000,0.000,0.013,0.000,0.000,0.025,1.000,1.588,1.213,1.200,1.188,1.200
6203808917,Actual,DZ114328,07/08/2025,kWh,generation,0.000,0.000,0.000,0.000,0.000,0.000,0.000,0.000,0.000,0.000,0.000,0.000,0.000,0.000,0.000,0.000,0.000,0.000,0.000,0.013,1.025,1.525,1.438,1.575,2.625,1.600,1.663,0.538,0.425,1.175,1.150,0.438,0.188,0.013,0.000,0.013,0.000,0.000,0.000,0.000,0.013,0.000,0.000,0.000,0.000,0.000,0.000,0.000
6203808917,Actual,DZ114328,08/08/2025,kWh,consumption,1.200,2.113,2.125,1.875,0.225,0.238,0.225,0.213,0.238,0.225,0.238,1.175,3.913,2.488,1.838,1.975,1.788,0.075,0.013,0.000,0.013,0.013,0.000,0.000,0.000,0.000,0.000,0.000,0.000,0.000,0.000,0.000,0.000,0.000,0.000,0.013,0.000,0.000,0.013,0.000,0.013,0.250,0.375,2.438,1.475,1.513,1.363,1.575
6203808917,Actual,DZ114328,08/08/2025,kWh,generation,0.000,0.000,0.000,0.000,0.000,0.000,0.000,0.000,0.000,0.000,0.000,0.000,0.000,0.000,0.000,0.000,0.000,0.000,0.075,0.013,0.000,0.625,2.175,2.488,2.963,3.075,2.888,1.550,1.013,1.813,1.113,0.938,0.688,0.075,0.000,0.013,0.000,0.000,0.000,0.013,0.000,0.000,0.000,0.000,0.000,0.000,0.000,0.000
6203808917,Actual,DZ114328,09/08/2025,kWh,consumption,1.363,1.350,1.575,1.225,0.225,0.475,0.213,0.213,0.375,0.225,0.213,0.450,1.950,1.463,1.163,1.025,2.075,0.238,0.113,0.638,0.038,0.013,0.013,0.013,0.013,0.000,0.000,0.000,0.000,0.000,0.000,0.000,0.000,0.000,0.000,0.013,0.000,0.000,0.013,0.000,0.000,0.025,2.175,1.800,2.063,1.763,1.313,1.413
6203808917,Actual,DZ114328,09/08/2025,kWh,generation,0.000,0.000,0.000,0.000,0.000,0.000,0.000,0.000,0.000,0.000,0.000,0.000,0.000,0.000,0.000,0.000,0.000,0.013,0.000,0.000,0.025,0.025,0.013,0.013,0.975,2.363,3.238,2.975,1.675,2.450,1.975,1.438,1.013,0.300,0.000,0.000,0.013,0.000,0.000,0.000,0.000,0.013,0.000,0.000,0.000,0.000,0.000,0.000
6203808917,Actual,DZ114328,10/08/2025,kWh,consumption,1.338,1.750,2.150,2.163,0.388,0.213,0.225,0.213,0.225,0.213,0.213,0.225,1.963,0.675,0.200,0.100,0.763,0.150,0.663,0.725,0.325,0.113,0.013,0.013,0.013,0.000,0.000,0.000,0.000,0.000,0.000,0.000,0.000,0.000,0.000,0.013,0.000,0.000,0.013,0.000,0.013,0.000,1.213,1.475,1.650,2.063,1.425,1.188
6203808917,Actual,DZ114328,10/08/2025,kWh,generation,0.000,0.000,0.000,0.000,0.000,0.000,0.000,0.000,0.000,0.000,0.000,0.000,0.000,0.000,0.000,0.000,0.000,0.013,0.000,0.000,0.000,0.013,0.188,0.275,0.200,1.925,3.038,2.988,1.713,2.388,1.925,1.400,0.963,0.250,0.000,0.013,0.000,0.013,0.000,0.000,0.000,0.013,0.000,0.000,0.000,0.000,0.000,0.000
6203808917,Actual,DZ114328,11/08/2025,kWh,consumption,1.175,1.175,1.188,1.188,0.225,0.225,0.588,1.175,0.663,0.225,0.225,1.363,3.138,2.138,1.213,1.850,2.013,0.263,0.013,0.013,0.000,0.013,0.000,0.000,0.000,0.000,0.000,0.025,0.063,0.000,0.000,0.013,0.025,0.088,0.038,0.013,0.150,1.638,2.613,2.988,2.288,2.038,2.800,2.213,2.475,1.763,1.550,1.213
6203808917,Actual,DZ114328,11/08/2025,kWh,generation,0.000,0.000,0.000,0.000,0.000,0.000,0.000,0.000,0.000,0.000,0.000,0.000,0.000,0.000,0.000,0.000,0.000,0.000,0.013,0.213,0.388,0.075,1.838,2.938,3.025,3.263,2.463,1.225,0.313,0.650,0.100,0.000,0.013,0.013,0.013,0.013,0.013,0.000,0.000,0.000,0.000,0.000,0.000,0.000,0.000,0.000,0.000,0.000
6203808917,Actual,DZ114328,12/08/2025,kWh,consumption,1.213,1.225,1.213,1.213,0.250,0.250,0.250,0.250,0.250,0.250,0.250,1.450,2.950,2.938,2.950,2.638,2.900,0.588,0.038,0.025,0.013,0.013,0.025,0.113,0.013,0.163,0.263,0.425,0.213,0.625,0.013,0.013,0.000,0.000,0.013,0.000,0.013,0.000,0.013,0.013,0.275,1.338,0.913,1.813,2.025,1.638,1.950,1.300
6203808917,Actual,DZ114328,12/08/2025,kWh,generation,0.000,0.000,0.000,0.000,0.000,0.000,0.000,0.000,0.000,0.000,0.000,0.000,0.000,0.000,0.000,0.000,0.000,0.000,0.013,0.013,0.038,0.013,0.013,0.013,0.000,0.000,0.000,0.000,0.013,0.000,0.013,0.000,0.000,0.000,0.013,0.000,0.000,0.013,0.000,0.013,0.000,0.000,0.000,0.000,0.000,0.000,0.000,0.000
6203808917,Actual,DZ114328,13/08/2025,kWh,consumption,1.288,1.238,1.238,1.238,0.275,0.263,0.263,0.275,0.275,0.250,0.250,1.213,2.950,2.950,2.975,2.750,3.575,2.375,1.988,0.988,0.300,0.200,0.225,0.888,0.038,0.088,0.038,0.075,0.013,0.013,0.000,0.000,0.013,0.000,0.000,0.013,0.000,0.000,0.013,0.000,0.013,1.125,1.800,2.000,1.550,1.463,2.250,2.113
6203808917,Actual,DZ114328,13/08/2025,kWh,generation,0.000,0.000,0.000,0.000,0.000,0.000,0.000,0.000,0.000,0.000,0.000,0.000,0.000,0.000,0.000,0.000,0.000,0.000,0.000,0.000,0.000,0.025,0.013,0.013,0.138,0.175,0.075,0.025,0.013,0.013,0.763,0.425,0.025,0.000,0.000,0.013,0.000,0.000,0.013,0.000,0.013,0.000,0.000,0.000,0.000,0.000,0.000,0.000
6203808917,Actual,DZ114328,14/08/2025,kWh,consumption,1.313,1.313,1.313,1.313,0.763,1.263,2.150,1.850,1.288,1.275,1.275,1.263,3.313,2.950,2.713,1.988,1.563,0.013,0.013,0.013,0.000,0.163,0.025,0.013,0.000,0.000,0.000,0.000,0.000,0.000,0.000,0.000,0.000,0.013,0.000,0.013,0.000,0.000,0.013,0.013,0.013,0.000,0.925,1.950,1.613,1.275,1.650,1.813
6203808917,Actual,DZ114328,14/08/2025,kWh,generation,0.000,0.000,0.000,0.000,0.000,0.000,0.000,0.000,0.000,0.000,0.000,0.000,0.000,0.000,0.000,0.000,0.000,0.013,0.000,0.013,0.013,0.000,0.025,0.013,1.875,2.213,2.138,2.025,1.675,1.350,0.888,0.350,0.063,0.013,0.000,0.013,0.000,0.013,0.000,0.000,0.013,0.000,0.000,0.000,0.000,0.000,0.000,0.000
6203808917,Actual,DZ114328,15/08/2025,kWh,consumption,1.625,1.325,1.325,1.325,0.313,0.300,0.300,0.300,0.288,0.300,0.300,1.225,2.938,2.950,3.050,3.638,3.713,1.550,0.513,0.025,0.013,0.275,0.350,0.588,0.038,0.013,0.000,0.025,0.025,0.250,0.000,0.025,0.013,0.013,0.013,0.025,0.500,1.850,0.713,0.425,1.075,1.588,1.438,1.988,1.313,1.250,1.213,1.200
6203808917,Actual,DZ114328,15/08/2025,kWh,generation,0.000,0.000,0.000,0.000,0.000,0.000,0.000,0.000,0.000,0.000,0.000,0.000,0.000,0.000,0.000,0.000,0.000,0.000,0.013,0.000,0.000,0.013,0.000,0.000,0.000,0.000,0.013,0.000,0.000,0.000,0.013,0.013,0.025,0.013,0.000,0.000,0.000,0.000,0.000,0.000,0.000,0.000,0.000,0.000,0.000,0.000,0.000,0.000
6203808917,Actual,DZ114328,16/08/2025,kWh,consumption,1.188,1.188,1.200,1.200,0.250,0.238,0.238,0.238,0.250,0.250,0.238,0.225,1.988,2.213,2.913,2.738,2.925,2.238,1.125,0.825,1.125,0.800,0.013,0.013,0.013,0.050,0.013,0.000,0.000,0.000,0.000,0.000,0.400,0.813,0.375,0.663,3.000,2.750,2.038,2.300,2.238,2.263,3.538,3.713,2.850,3.188,2.988,2.900
6203808917,Actual,DZ114328,16/08/2025,kWh,generation,0.000,0.000,0.000,0.000,0.000,0.000,0.000,0.000,0.000,0.000,0.000,0.000,0.000,0.000,0.000,0.000,0.000,0.000,0.000,0.000,0.000,0.025,0.013,0.013,0.175,0.150,1.413,3.300,2.125,1.100,1.238,0.425,0.013,0.000,0.000,0.000,0.000,0.000,0.000,0.000,0.000,0.000,0.000,0.000,0.000,0.000,0.000,0.000
6203808917,Actual,DZ114328,17/08/2025,kWh,consumption,1.750,1.513,1.800,1.313,0.300,0.275,0.288,0.463,0.275,0.275,0.275,0.438,2.038,2.400,3.088,2.850,3.750,2.425,0.850,0.325,0.475,0.088,0.025,0.213,0.288,0.113,0.013,0.000,0.013,0.013,0.000,0.013,0.000,0.013,0.000,0.000,0.013,0.000,0.013,0.000,0.013,0.013,1.188,1.250,1.725,1.525,1.213,2.450
6203808917,Actual,DZ114328,17/08/2025,kWh,generation,0.000,0.000,0.000,0.000,0.000,0.000,0.000,0.000,0.000,0.000,0.000,0.000,0.000,0.000,0.000,0.000,0.000,0.000,0.000,0.000,0.000,0.038,0.025,0.025,0.000,0.000,0.013,0.013,0.000,0.013,0.000,0.013,0.000,0.013,0.000,0.000,0.000,0.013,0.000,0.000,0.013,0.000,0.000,0.000,0.000,0.000,0.000,0.000
6203808917,Actual,DZ114328,18/08/2025,kWh,consumption,2.575,1.400,1.300,1.300,0.563,1.263,1.288,1.313,1.275,1.275,1.225,1.200,2.988,4.113,3.800,3.438,1.463,0.050,0.188,0.288,0.450,0.788,0.550,0.013,0.013,0.025,0.000,0.013,0.013,0.013,0.013,0.000,0.000,0.000,0.013,0.000,0.000,0.013,0.000,0.013,0.013,0.013,1.575,1.988,1.500,1.275,1.938,1.513
6203808917,Actual,DZ114328,18/08/2025,kWh,generation,0.000,0.000,0.000,0.000,0.000,0.000,0.000,0.000,0.000,0.000,0.000,0.000,0.000,0.000,0.000,0.000,0.000,0.000,0.000,0.013,0.000,0.000,0.000,0.013,0.000,0.013,0.000,0.025,0.038,0.063,0.138,0.213,0.313,0.000,0.000,0.000,0.013,0.000,0.000,0.000,0.013,0.000,0.000,0.000,0.000,0.000,0.000,0.000
6203808917,Actual,DZ114328,19/08/2025,kWh,consumption,1.350,1.700,1.788,1.300,0.263,0.275,0.250,0.250,0.250,0.250,0.763,2.138,4.163,3.025,3.388,3.713,3.200,1.700,0.975,0.713,0.350,0.038,0.213,0.200,0.050,0.013,0.013,0.000,0.000,0.000,0.000,0.000,0.000,0.000,0.000,0.000,0.013,0.000,0.013,0.000,0.013,0.000,0.675,2.538,1.600,1.500,1.250,1.863
6203808917,Actual,DZ114328,19/08/2025,kWh,generation,0.000,0.000,0.000,0.000,0.000,0.000,0.000,0.000,0.000,0.000,0.000,0.000,0.000,0.000,0.000,0.000,0.000,0.000,0.000,0.000,0.000,0.013,0.013,0.000,0.213,0.250,0.463,2.350,1.975,1.488,1.813,1.288,1.063,0.350,0.013,0.000,0.013,0.000,0.000,0.000,0.013,0.013,0.000,0.000,0.000,0.000,0.000,0.000
6203808917,Actual,DZ114328,20/08/2025,kWh,consumption,1.850,1.238,1.475,2.188,0.800,0.263,0.275,0.263,0.263,0.263,0.275,1.213,3.750,2.625,2.088,2.050,1.388,0.050,0.013,0.025,0.000,0.000,0.000,0.000,0.000,0.000,0.000,0.000,0.000,0.000,0.000,0.000,0.000,0.000,0.013,0.000,0.000,0.000,0.013,0.000,0.000,0.013,0.300,1.763,1.838,1.788,1.925,1.913
6203808917,Actual,DZ114328,20/08/2025,kWh,generation,0.000,0.000,0.000,0.000,0.000,0.000,0.000,0.000,0.000,0.000,0.000,0.000,0.000,0.000,0.000,0.000,0.000,0.013,0.025,0.025,0.813,2.713,2.963,3.250,3.538,3.663,3.563,3.400,2.388,2.188,2.125,1.650,1.188,0.463,0.013,0.000,0.013,0.000,0.000,0.013,0.000,0.000,0.000,0.000,0.000,0.000,0.000,0.000
6203808917,Actual,DZ114328,21/08/2025,kWh,consumption,1.938,1.775,1.375,1.338,1.050,1.238,0.313,0.300,0.300,0.288,0.288,1.250,3.363,2.738,2.075,1.975,1.375,0.050,0.038,0.025,0.013,0.000,0.000,0.000,0.000,0.000,0.000,0.000,0.000,0.000,0.000,0.000,0.000,0.000,0.000,0.000,0.013,0.000,0.013,0.013,0.013,0.000,0.788,1.925,2.225,2.475,1.413,1.300
6203808917,Actual,DZ114328,21/08/2025,kWh,generation,0.000,0.000,0.000,0.000,0.000,0.000,0.000,0.000,0.000,0.000,0.000,0.000,0.000,0.000,0.000,0.000,0.000,0.025,0.025,0.038,0.013,1.875,2.813,3.125,3.363,3.463,3.438,3.250,2.938,2.500,1.975,1.500,1.050,0.350,0.000,0.013,0.000,0.000,0.013,0.013,0.000,0.013,0.000,0.000,0.000,0.000,0.000,0.000
6203808917,Actual,DZ114328,22/08/2025,kWh,consumption,1.288,1.288,1.288,1.288,0.288,0.288,0.275,0.275,0.288,0.275,0.288,1.238,3.263,3.150,2.938,2.713,1.938,0.013,0.013,0.000,0.025,0.013,0.000,0.000,0.000,0.000,0.000,0.000,0.013,0.000,0.000,0.000,0.000,0.000,0.013,0.000,0.000,0.013,0.000,0.000,0.013,0.000,0.550,1.363,1.850,1.263,1.275,1.650
6203808917,Actual,DZ114328,22/08/2025,kWh,generation,0.000,0.000,0.000,0.000,0.000,0.000,0.000,0.000,0.000,0.000,0.000,0.000,0.000,0.000,0.000,0.000,0.000,0.000,0.013,0.013,0.050,0.575,1.988,2.500,3.825,2.913,0.650,0.175,0.363,1.150,0.525,0.413,0.163,0.013,0.013,0.013,0.000,0.000,0.013,0.000,0.000,0.000,0.000,0.000,0.000,0.000,0.000,0.000
6203808917,Actual,DZ114328,23/08/2025,kWh,consumption,1.288,2.075,1.750,1.213,0.263,0.250,0.250,0.250,0.250,0.250,0.250,0.250,1.988,2.013,1.950,1.750,3.100,2.675,1.375,1.063,0.488,1.113,1.988,1.200,0.225,0.013,0.013,0.000,0.000,0.000,0.000,0.000,0.000,0.000,0.013,0.000,0.000,0.013,0.000,0.013,0.000,0.038,2.225,2.088,2.000,2.575,2.150,2.100
6203808917,Actual,DZ114328,23/08/2025,kWh,generation,0.000,0.000,0.000,0.000,0.000,0.000,0.000,0.000,0.000,0.000,0.000,0.000,0.000,0.000,0.000,0.000,0.000,0.000,0.000,0.013,0.000,0.013,0.000,0.013,0.125,0.063,2.000,3.025,3.100,2.675,2.138,1.638,1.138,0.425,0.013,0.000,0.000,0.013,0.000,0.000,0.000,0.000,0.000,0.000,0.000,0.000,0.000,0.000
6203808917,Actual,DZ114328,24/08/2025,kWh,consumption,1.563,1.213,1.313,1.688,0.213,0.238,0.225,0.250,0.275,0.238,0.225,0.250,1.988,2.000,1.900,1.938,3.163,2.463,1.913,1.125,0.363,0.250,0.000,0.000,0.000,0.013,0.000,0.000,0.000,0.000,0.313,0.813,1.638,1.000,0.850,2.588,2.375,2.025,2.575,2.563,2.925,2.013,2.725,2.263,2.188,1.050,0.313,0.900
6203808917,Actual,DZ114328,24/08/2025,kWh,generation,0.000,0.000,0.000,0.000,0.000,0.000,0.000,0.000,0.000,0.000,0.000,0.000,0.000,0.000,0.000,0.000,0.000,0.000,0.000,0.000,0.013,0.013,0.050,2.288,2.313,0.338,1.600,1.363,0.350,0.038,0.013,0.000,0.000,0.000,0.000,0.000,0.000,0.000,0.000,0.000,0.000,0.000,0.000,0.000,0.000,0.000,0.000,0.000
6203808917,Actual,DZ114328,25/08/2025,kWh,consumption,1.188,1.113,1.888,1.825,1.750,1.725,1.625,1.450,1.238,1.225,1.200,1.513,2.913,2.900,2.838,2.375,2.400,0.175,0.025,0.200,0.088,0.063,0.013,0.013,0.013,0.000,0.013,0.000,0.000,0.000,0.000,0.000,0.000,0.000,0.013,0.000,0.013,0.563,0.213,0.600,0.913,2.238,2.350,1.438,1.713,1.225,1.188,1.538
6203808917,Actual,DZ114328,25/08/2025,kWh,generation,0.000,0.000,0.000,0.000,0.000,0.000,0.000,0.000,0.000,0.000,0.000,0.000,0.000,0.000,0.000,0.000,0.000,0.000,0.013,0.000,0.013,0.025,0.588,0.125,0.038,0.225,0.063,2.488,2.000,0.925,0.863,0.888,0.275,0.013,0.013,0.000,0.013,0.000,0.013,0.013,0.038,0.000,0.000,0.000,0.000,0.000,0.000,0.000
6203808917,Actual,DZ114328,26/08/2025,kWh,consumption,1.263,1.438,1.200,1.200,0.250,0.238,0.225,0.225,0.225,0.225,0.213,1.188,2.925,2.913,3.025,2.850,2.688,0.675,0.163,0.013,0.013,0.013,0.013,0.000,0.013,0.013,0.013,0.000,0.013,0.013,0.000,0.013,0.000,0.000,0.013,0.000,0.000,0.013,0.000,0.013,0.013,0.000,0.800,1.650,1.475,2.138,1.888,1.188
6203808917,Actual,DZ114328,26/08/2025,kWh,generation,0.000,0.000,0.000,0.000,0.000,0.000,0.000,0.000,0.000,0.000,0.000,0.000,0.000,0.000,0.000,0.000,0.000,0.000,0.013,0.013,0.013,0.000,0.013,0.000,0.013,0.000,0.013,0.000,0.013,0.000,0.000,0.013,0.000,0.000,0.000,0.013,0.000,0.000,0.000,0.000,0.013,0.000,0.000,0.000,0.000,0.000,0.000,0.000
6203808917,Actual,DZ114328,27/08/2025,kWh,consumption,1.188,1.225,1.200,1.213,1.200,1.313,1.338,1.288,1.338,1.313,1.288,1.275,3.013,3.025,3.088,2.775,3.138,1.488,0.938,1.450,0.300,0.738,0.725,0.413,0.725,0.613,0.513,1.188,0.713,0.188,0.063,0.038,0.075,0.113,0.625,2.350,2.388,2.413,0.600,0.400,1.238,0.775,1.075,1.863,1.825,2.163,1.725,1.250
6203808917,Actual,DZ114328,27/08/2025,kWh,generation,0.000,0.000,0.000,0.000,0.000,0.000,0.000,0.000,0.000,0.000,0.000,0.000,0.000,0.000,0.000,0.000,0.000,0.000,0.000,0.000,0.063,0.038,0.038,0.063,0.050,0.075,0.088,0.013,0.063,0.038,0.013,0.038,0.063,0.075,0.025,0.000,0.000,0.000,0.000,0.000,0.000,0.000,0.000,0.000,0.000,0.000,0.000,0.000
6203808917,Actual,DZ114328,28/08/2025,kWh,consumption,1.875,1.363,1.200,1.200,0.250,0.250,0.238,0.250,0.238,0.238,0.250,1.513,2.975,3.250,1.250,1.763,1.313,0.013,0.025,0.025,0.013,0.013,0.013,0.000,0.000,0.000,0.000,0.000,0.000,0.000,0.000,0.013,0.000,0.000,0.000,0.000,0.013,0.000,0.000,0.013,0.000,0.013,0.738,1.513,1.413,2.063,2.400,1.888
6203808917,Actual,DZ114328,28/08/2025,kWh,generation,0.000,0.000,0.000,0.000,0.000,0.000,0.000,0.000,0.000,0.000,0.000,0.000,0.000,0.000,0.000,0.000,0.000,0.025,0.013,0.163,0.400,0.738,0.738,3.088,3.250,2.300,2.838,3.038,2.038,0.775,0.013,1.525,0.675,0.513,0.025,0.000,0.000,0.000,0.013,0.000,0.000,0.000,0.000,0.000,0.000,0.000,0.000,0.000
6203808917,Actual,DZ114328,29/08/2025,kWh,consumption,1.475,1.250,1.250,1.263,1.338,1.575,1.450,1.550,1.950,1.888,1.863,1.775,3.363,2.225,1.250,1.838,1.413,0.475,0.075,0.025,0.013,0.013,0.000,0.000,0.000,0.000,0.000,0.000,0.000,0.000,0.000,0.000,0.000,0.000,0.013,0.000,0.150,0.125,0.025,0.863,1.638,1.025,1.025,1.913,1.950,2.500,2.725,1.988
6203808917,Actual,DZ114328,29/08/2025,kWh,generation,0.000,0.000,0.000,0.000,0.000,0.000,0.000,0.000,0.000,0.000,0.000,0.000,0.000,0.000,0.000,0.000,0.000,0.000,0.013,0.013,0.013,0.875,0.563,0.713,0.288,0.838,0.388,0.763,1.300,0.413,2.175,1.900,0.463,0.000,0.013,0.000,0.000,0.013,0.013,0.000,0.000,0.000,0.000,0.000,0.000,0.000,0.000,0.000
6203808917,Actual,DZ114328,30/08/2025,kWh,consumption,2.088,2.050,2.838,2.825,1.050,0.913,0.900,0.913,0.900,0.888,0.900,0.888,2.650,2.663,2.575,2.488,4.213,3.638,3.625,2.988,2.288,2.750,0.650,0.250,0.038,0.175,0.013,0.000,0.013,0.013,0.013,0.000,0.013,0.000,0.013,0.000,0.000,0.250,1.200,2.288,2.138,1.150,1.900,1.900,1.913,2.763,2.850,2.063
6203808917,Actual,DZ114328,30/08/2025,kWh,generation,0.000,0.000,0.000,0.000,0.000,0.000,0.000,0.000,0.000,0.000,0.000,0.000,0.000,0.000,0.000,0.000,0.000,0.000,0.000,0.000,0.000,0.000,0.025,0.013,0.313,0.038,0.688,0.613,0.125,0.013,0.025,0.000,0.013,0.013,0.000,0.000,0.013,0.000,0.000,0.000,0.000,0.000,0.000,0.000,0.000,0.000,0.000,0.000
6203808917,Actual,DZ114328,31/08/2025,kWh,consumption,1.900,1.925,1.913,1.913,0.975,0.963,0.963,0.963,0.963,0.950,1.200,1.638,3.363,3.563,3.988,3.975,3.725,3.000,2.400,2.950,2.263,1.763,2.338,1.638,0.550,0.488,0.125,0.038,0.013,0.100,0.013,0.013,0.000,0.013,0.013,0.013,0.000,0.000,0.013,0.000,0.000,0.013,2.100,2.200,1.963,1.388,1.288,2.113
6203808917,Actual,DZ114328,31/08/2025,kWh,generation,0.000,0.000,0.000,0.000,0.000,0.000,0.000,0.000,0.000,0.000,0.000,0.000,0.000,0.000,0.000,0.000,0.000,0.000,0.000,0.000,0.000,0.000,0.000,0.000,0.013,0.288,0.050,0.263,0.113,0.125,0.138,0.013,0.013,0.000,0.013,0.000,0.013,0.000,0.000,0.013,0.000,0.000,0.000,0.000,0.000,0.000,0.000,0.000
6203808917,Actual,DZ114328,01/09/2025,kWh,consumption,2.050,1.850,1.513,1.225,0.263,0.263,0.250,0.263,0.238,0.250,0.250,1.200,2.925,2.750,1.200,0.888,0.438,0.000,0.013,0.025,0.038,0.000,0.013,0.000,0.000,0.013,0.025,0.013,0.000,0.013,0.013,0.075,0.075,0.013,0.013,0.013,0.100,0.013,0.000,0.013,0.013,0.000,1.200,2.275,1.675,1.375,1.325,1.313
6203808917,Actual,DZ114328,01/09/2025,kWh,generation,0.000,0.000,0.000,0.000,0.000,0.000,0.000,0.000,0.000,0.000,0.000,0.000,0.000,0.000,0.000,0.000,0.000,0.013,0.013,0.013,0.475,0.313,1.750,1.950,1.925,1.288,0.013,0.175,0.725,0.325,0.250,0.075,0.063,0.013,0.013,0.025,0.000,0.013,0.000,0.013,0.000,0.013,0.000,0.000,0.000,0.000,0.000,0.000
6203808917,Actual,DZ114328,02/09/2025,kWh,consumption,1.225,1.225,1.238,1.238,0.250,0.250,0.313,0.263,0.250,0.250,0.250,1.200,2.925,2.488,1.088,1.438,1.525,0.275,0.025,0.013,0.013,0.000,0.000,0.000,0.000,0.000,0.000,0.000,0.000,0.000,0.000,0.000,0.013,0.000,0.013,0.000,0.013,0.000,0.013,0.000,0.013,0.000,0.288,1.638,1.225,1.225,1.663,2.163
6203808917,Actual,DZ114328,02/09/2025,kWh,generation,0.000,0.000,0.000,0.000,0.000,0.000,0.000,0.000,0.000,0.000,0.000,0.000,0.000,0.000,0.000,0.000,0.000,0.025,0.025,0.013,0.088,0.838,2.100,3.188,1.775,1.188,2.150,3.513,3.550,1.875,1.725,0.725,0.013,0.000,0.000,0.013,0.000,0.000,0.013,0.000,0.013,0.000,0.000,0.000,0.000,0.000,0.000,0.000
6203808917,Actual,DZ114328,03/09/2025,kWh,consumption,2.163,1.725,1.225,1.225,0.263,0.263,0.250,0.263,0.238,0.263,0.250,1.200,3.113,2.938,1.188,1.350,1.038,0.050,0.025,0.013,0.000,0.000,0.013,0.000,0.000,0.000,0.000,0.000,0.000,0.000,0.000,0.000,0.000,0.000,0.013,0.000,0.000,0.000,0.013,0.038,0.013,0.000,0.575,1.563,1.975,1.238,1.213,1.200
6203808917,Actual,DZ114328,03/09/2025,kWh,generation,0.000,0.000,0.000,0.000,0.000,0.000,0.000,0.000,0.000,0.000,0.000,0.000,0.000,0.000,0.000,0.000,0.000,0.038,0.038,0.663,2.113,1.938,1.175,1.388,2.675,2.075,2.063,2.150,2.313,2.088,1.338,1.025,0.163,0.000,0.013,0.000,0.000,0.013,0.000,0.000,0.025,0.000,0.000,0.000,0.000,0.000,0.000,0.000
6203808917,Actual,DZ114328,04/09/2025,kWh,consumption,1.200,1.200,1.213,1.200,0.263,0.238,0.250,0.238,0.250,0.250,0.238,1.188,2.450,3.013,1.938,1.788,0.925,0.013,0.013,0.013,0.013,0.013,0.000,0.000,0.000,0.000,0.000,0.000,0.000,0.000,0.000,0.000,0.000,0.013,0.000,0.013,0.000,0.013,0.000,0.013,0.000,0.013,0.525,1.788,2.163,1.250,1.238,1.250
6203808917,Actual,DZ114328,04/09/2025,kWh,generation,0.000,0.000,0.000,0.000,0.000,0.000,0.000,0.000,0.000,0.000,0.000,0.000,0.000,0.000,0.000,0.000,0.000,0.013,0.075,0.175,0.450,2.213,2.725,0.163,2.350,2.088,2.300,1.725,1.725,2.388,1.975,1.625,0.588,0.013,0.000,0.013,0.000,0.000,0.013,0.000,0.000,0.000,0.000,0.000,0.000,0.000,0.000,0.000
6203808917,Actual,DZ114328,05/09/2025,kWh,consumption,1.250,1.250,1.238,1.238,0.275,0.275,0.288,0.263,0.275,0.275,0.438,1.763,3.888,3.975,2.063,1.588,0.875,0.025,0.038,0.013,0.000,0.000,0.000,0.000,0.000,0.000,0.000,0.000,0.000,0.000,0.000,0.000,0.000,0.000,0.013,0.000,0.000,0.013,0.000,0.000,0.000,0.013,0.250,1.200,1.263,1.250,1.563,2.450
6203808917,Actual,DZ114328,05/09/2025,kWh,generation,0.000,0.000,0.000,0.000,0.000,0.000,0.000,0.000,0.000,0.000,0.000,0.000,0.000,0.000,0.000,0.000,0.000,0.025,0.025,0.025,2.450,3.438,3.375,3.563,4.225,4.150,4.075,3.925,3.675,3.288,2.775,2.000,0.475,0.538,0.075,0.000,0.000,0.013,0.000,0.000,0.000,0.000,0.000,0.000,0.000,0.000,0.000,0.000
6203808917,Actual,DZ114328,06/09/2025,kWh,consumption,1.950,1.238,1.238,1.663,0.263,0.238,0.250,0.238,0.238,0.250,0.250,0.238,1.975,1.988,0.188,0.438,0.900,0.225,0.163,0.238,0.013,0.000,0.000,0.000,0.000,0.000,0.000,0.000,0.000,0.000,0.000,0.000,0.013,0.013,0.000,0.013,0.000,0.000,0.000,0.013,0.000,0.000,1.200,1.713,1.738,1.613,1.450,1.250
6203808917,Actual,DZ114328,06/09/2025,kWh,generation,0.000,0.000,0.000,0.000,0.000,0.000,0.000,0.000,0.000,0.000,0.000,0.000,0.000,0.000,0.000,0.013,0.000,0.000,0.000,0.013,0.275,2.288,1.988,1.650,2.638,2.638,3.900,3.738,2.375,2.225,1.875,1.538,0.213,0.000,0.013,0.000,0.013,0.000,0.000,0.000,0.013,0.000,0.000,0.000,0.000,0.000,0.000,0.000
6203808917,Actual,DZ114328,07/09/2025,kWh,consumption,1.238,1.238,1.238,1.225,0.263,0.263,0.438,0.275,0.263,0.313,0.288,0.275,2.038,2.038,0.238,0.200,1.050,0.800,0.575,1.025,1.013,1.125,2.338,1.213,0.813,0.275,0.000,0.000,0.000,0.000,0.000,0.000,0.000,0.013,0.013,0.000,0.013,0.013,0.000,0.013,0.000,0.013,1.288,1.250,1.363,1.950,1.263,1.225
6203808917,Actual,DZ114328,07/09/2025,kWh,generation,0.000,0.000,0.000,0.000,0.000,0.000,0.000,0.000,0.000,0.000,0.000,0.000,0.000,0.000,0.000,0.000,0.000,0.000,0.000,0.000,0.000,0.000,0.000,0.000,0.000,0.200,1.413,1.988,1.750,2.975,2.438,1.400,0.200,0.013,0.013,0.000,0.000,0.013,0.000,0.013,0.000,0.000,0.000,0.000,0.000,0.000,0.000,0.000
6203808917,Actual,DZ114328,08/09/2025,kWh,consumption,1.188,1.188,0.888,0.875,0.288,0.263,0.250,0.238,0.250,0.238,0.238,1.200,2.138,2.913,2.013,0.550,0.013,0.013,0.013,0.050,0.038,0.013,0.025,0.000,0.000,0.013,0.213,0.038,0.013,0.000,0.025,0.013,0.013,0.013,0.013,0.000,0.000,0.000,0.013,0.000,0.013,0.950,0.563,1.388,1.638,2.275,1.675,1.888
6203808917,Actual,DZ114328,08/09/2025,kWh,generation,0.000,0.000,0.000,0.000,0.000,0.000,0.000,0.000,0.000,0.000,0.000,0.000,0.000,0.000,0.000,0.000,0.013,0.013,0.013,0.063,0.188,0.013,0.025,1.263,1.213,0.700,0.125,0.038,0.525,1.513,0.325,0.013,0.013,0.013,0.013,0.000,0.013,0.000,0.013,0.000,0.013,0.000,0.000,0.000,0.000,0.000,0.000,0.000
6203808917,Actual,DZ114328,09/09/2025,kWh,consumption,1.850,1.613,1.288,1.250,0.288,0.275,0.275,0.275,0.275,0.275,0.275,1.225,1.238,1.325,1.113,0.863,0.938,0.138,0.125,0.025,0.013,0.013,0.000,0.013,0.000,0.000,0.000,0.000,0.000,0.000,0.000,0.000,0.000,0.000,0.000,0.000,0.013,0.000,0.013,0.000,0.000,0.013,0.825,1.338,2.550,2.200,1.313,1.463
6203808917,Actual,DZ114328,09/09/2025,kWh,generation,0.000,0.000,0.000,0.000,0.000,0.000,0.000,0.000,0.000,0.000,0.000,0.000,0.000,0.000,0.000,0.000,0.000,0.000,0.013,0.013,0.275,0.450,0.988,1.213,3.775,2.200,2.863,3.513,3.000,3.100,2.513,2.288,1.188,0.850,0.088,0.000,0.000,0.000,0.013,0.000,0.000,0.013,0.000,0.000,0.000,0.000,0.000,0.000
6203808917,Actual,DZ114328,10/09/2025,kWh,consumption,1.250,1.250,1.275,1.275,0.300,0.313,0.313,0.300,0.313,0.300,0.275,1.213,2.938,2.888,2.863,2.713,1.800,0.013,0.025,0.013,0.000,0.000,0.000,0.000,0.000,0.000,0.000,0.000,0.000,0.000,0.000,0.000,0.000,0.013,0.000,0.000,0.013,0.000,0.013,0.000,0.013,0.025,0.375,1.350,1.300,1.913,1.688,1.613
6203808917,Actual,DZ114328,10/09/2025,kWh,generation,0.000,0.000,0.000,0.000,0.000,0.000,0.000,0.000,0.000,0.000,0.000,0.000,0.000,0.000,0.000,0.000,0.000,0.013,0.125,0.088,2.975,2.875,0.550,1.388,1.163,1.213,1.425,1.750,1.638,1.963,1.613,0.788,0.613,0.238,0.013,0.000,0.000,0.000,0.013,0.000,0.000,0.013,0.000,0.000,0.000,0.000,0.000,0.000
6203808917,Actual,DZ114328,11/09/2025,kWh,consumption,1.250,1.250,1.250,1.250,0.275,0.275,0.263,0.275,0.263,0.275,0.263,1.438,3.775,3.863,3.650,3.225,2.163,0.763,1.288,0.613,1.100,0.713,0.750,0.288,1.225,0.025,1.175,0.013,0.025,1.663,0.013,0.250,0.075,0.213,0.938,1.175,1.288,1.263,0.550,0.913,1.438,1.325,1.175,1.725,2.150,1.613,1.263,1.263
6203808917,Actual,DZ114328,11/09/2025,kWh,generation,0.000,0.000,0.000,0.000,0.000,0.000,0.000,0.000,0.000,0.000,0.000,0.000,0.000,0.000,0.000,0.000,0.000,0.000,0.000,0.013,0.000,0.013,0.000,0.025,0.013,0.013,0.025,0.013,0.013,0.000,0.013,0.000,0.013,0.000,0.000,0.000,0.000,0.000,0.000,0.000,0.000,0.000,0.000,0.000,0.000,0.000,0.000,0.000
6203808917,Actual,DZ114328,12/09/2025,kWh,consumption,1.250,1.225,1.213,1.213,0.263,0.263,0.263,0.263,0.250,0.250,0.375,1.213,2.963,3.663,3.050,3.150,2.875,1.688,1.138,0.963,0.300,0.500,1.425,1.225,0.863,1.013,0.038,0.025,0.013,0.000,0.013,0.000,0.013,0.000,0.013,0.000,0.000,0.013,0.800,0.750,1.275,1.288,1.125,1.350,1.375,1.750,1.350,1.275
6203808917,Actual,DZ114328,12/09/2025,kWh,generation,0.000,0.000,0.000,0.000,0.000,0.000,0.000,0.000,0.000,0.000,0.000,0.000,0.000,0.000,0.000,0.000,0.000,0.000,0.000,0.013,0.038,0.050,0.000,0.013,0.013,0.013,0.550,0.100,0.138,0.013,0.013,0.000,0.013,0.000,0.000,0.013,0.000,0.013,0.000,0.000,0.000,0.000,0.000,0.000,0.000,0.000,0.000,0.000
6203808917,Actual,DZ114328,13/09/2025,kWh,consumption,1.763,2.238,1.425,1.175,0.263,0.250,0.250,0.238,0.250,0.313,0.263,0.250,2.000,1.975,1.800,1.563,2.263,1.450,0.288,0.375,0.763,1.088,0.275,0.138,0.013,0.000,0.013,0.000,0.000,0.013,0.000,0.000,0.000,0.000,0.000,0.000,0.000,0.013,0.000,0.000,0.013,0.000,1.350,1.463,1.263,1.250,1.625,1.263
6203808917,Actual,DZ114328,13/09/2025,kWh,generation,0.000,0.000,0.000,0.000,0.000,0.000,0.000,0.000,0.000,0.000,0.000,0.000,0.000,0.000,0.000,0.000,0.000,0.000,0.000,0.013,0.025,0.000,0.000,0.000,0.088,0.350,0.425,0.888,0.763,0.875,1.513,1.638,0.950,0.150,0.013,0.000,0.000,0.013,0.000,0.000,0.000,0.000,0.000,0.000,0.000,0.000,0.000,0.000
6203808917,Actual,DZ114328,14/09/2025,kWh,consumption,1.250,1.263,1.263,1.238,0.288,0.288,0.275,0.288,0.275,0.275,0.275,0.275,2.013,1.988,1.813,1.213,1.450,0.825,1.000,0.388,0.450,0.213,0.050,0.038,0.013,0.000,0.000,0.000,0.000,0.000,0.000,0.000,0.013,0.013,0.000,0.013,0.013,0.850,1.413,1.813,0.963,0.888,1.600,1.400,1.400,1.375,1.600,1.213
6203808917,Actual,DZ114328,14/09/2025,kWh,generation,0.000,0.000,0.000,0.000,0.000,0.000,0.000,0.000,0.000,0.000,0.000,0.000,0.000,0.000,0.000,0.000,0.000,0.000,0.000,0.025,0.013,0.013,0.025,0.025,0.738,2.775,4.075,3.975,3.638,3.125,2.575,0.425,0.025,0.013,0.013,0.013,0.025,0.000,0.000,0.000,0.000,0.000,0.000,0.000,0.000,0.000,0.000,0.000
6203808917,Actual,DZ114328,15/09/2025,kWh,consumption,1.375,1.175,1.163,1.163,0.263,0.263,0.263,0.263,0.250,0.263,0.263,1.225,2.963,2.938,2.675,2.313,1.600,1.488,0.763,0.500,0.563,0.100,0.013,0.025,0.000,0.000,0.000,0.000,0.000,0.000,0.000,0.000,0.000,0.000,0.000,0.013,0.000,0.000,0.013,0.013,0.000,0.025,0.425,1.275,1.325,1.263,1.275,1.300
6203808917,Actual,DZ114328,15/09/2025,kWh,generation,0.000,0.000,0.000,0.000,0.000,0.000,0.000,0.000,0.000,0.000,0.000,0.000,0.000,0.000,0.000,0.000,0.000,0.000,0.013,0.000,0.013,0.063,0.988,1.538,1.963,3.738,3.738,3.575,1.413,3.213,2.838,2.200,1.125,0.425,0.263,0.013,0.000,0.000,0.000,0.013,0.000,0.013,0.000,0.000,0.000,0.000,0.000,0.000
6203808917,Actual,DZ114328,16/09/2025,kWh,consumption,0.325,0.275,0.263,0.263,0.250,0.250,0.250,0.250,0.250,0.250,0.250,0.238,2.150,2.000,1.838,2.588,1.975,0.150,0.050,0.013,0.013,0.013,0.000,0.000,0.000,0.000,0.000,0.000,0.000,0.000,0.000,0.000,0.000,0.000,0.013,0.000,0.000,0.013,0.000,0.000,0.013,0.013,0.313,1.363,2.075,1.725,1.475,1.300
6203808917,Actual,DZ114328,16/09/2025,kWh,generation,0.000,0.000,0.000,0.000,0.000,0.000,0.000,0.000,0.000,0.000,0.000,0.000,0.000,0.000,0.000,0.000,0.000,0.000,0.000,0.013,0.000,0.263,2.450,3.188,3.850,3.713,2.425,3.963,1.313,3.088,2.313,1.613,0.738,0.013,0.000,0.000,0.013,0.000,0.000,0.000,0.013,0.000,0.000,0.000,0.000,0.000,0.000,0.000
6203808917,Actual,DZ114328,17/09/2025,kWh,consumption,1.275,1.263,1.275,1.263,0.288,0.288,0.275,0.288,0.275,0.263,0.263,1.213,2.925,2.888,3.063,2.475,1.675,0.325,0.025,0.013,0.000,0.000,0.000,0.000,0.000,0.000,0.000,0.000,0.000,0.000,0.000,0.000,0.000,0.000,0.000,0.013,0.000,0.000,0.013,0.000,0.000,0.013,0.313,1.238,1.263,1.263,1.350,1.763
6203808917,Actual,DZ114328,17/09/2025,kWh,generation,0.000,0.000,0.000,0.000,0.000,0.000,0.000,0.000,0.000,0.000,0.000,0.000,0.000,0.000,0.000,0.000,0.000,0.013,0.025,0.388,0.338,2.663,3.413,2.738,2.100,4.225,1.338,2.400,1.400,3.063,1.838,1.838,1.300,0.513,0.125,0.000,0.013,0.000,0.000,0.000,0.000,0.000,0.000,0.000,0.000,0.000,0.000,0.000
6203808917,Actual,DZ114328,18/09/2025,kWh,consumption,1.738,1.588,1.250,1.275,1.675,1.663,1.350,1.388,1.363,1.338,1.325,1.350,3.200,2.950,3.425,3.038,1.950,0.038,0.025,0.000,0.000,0.000,0.025,0.025,0.013,0.063,0.013,0.000,0.000,0.000,0.000,0.000,0.013,0.000,0.013,0.000,0.013,0.000,0.013,0.013,0.000,0.025,0.400,1.700,2.688,1.963,1.838,1.325
6203808917,Actual,DZ114328,18/09/2025,kWh,generation,0.000,0.000,0.000,0.000,0.000,0.000,0.000,0.000,0.000,0.000,0.000,0.000,0.000,0.000,0.000,0.000,0.000,0.013,0.025,0.013,0.563,1.100,1.188,0.888,1.150,0.913,2.463,2.650,2.750,1.588,1.025,1.475,0.438,0.150,0.000,0.013,0.000,0.000,0.013,0.000,0.013,0.000,0.000,0.000,0.000,0.000,0.000,0.000
6203808917,Actual,DZ114328,19/09/2025,kWh,consumption,1.263,1.250,1.263,1.313,0.338,0.350,0.350,0.350,0.338,0.350,0.350,1.288,3.063,3.025,2.900,3.413,2.713,0.525,0.013,0.013,0.000,0.000,0.000,0.000,0.000,0.000,0.000,0.000,0.000,0.000,0.000,0.000,0.000,0.000,0.000,0.013,0.000,0.000,0.013,0.000,0.000,0.000,1.200,2.425,2.250,2.513,1.738,1.538
6203808917,Actual,DZ114328,19/09/2025,kWh,generation,0.000,0.000,0.000,0.000,0.000,0.000,0.000,0.000,0.000,0.000,0.000,0.000,0.000,0.000,0.000,0.000,0.000,0.013,0.250,0.425,1.588,2.375,2.138,3.163,2.950,3.813,4.213,4.075,3.863,1.288,1.538,2.288,1.325,0.500,0.138,0.013,0.000,0.000,0.000,0.000,0.013,0.000,0.000,0.000,0.000,0.000,0.000,0.000
6203808917,Actual,DZ114328,20/09/2025,kWh,consumption,1.300,1.288,1.275,1.275,0.313,0.313,0.338,0.350,0.325,0.313,0.313,0.313,0.300,0.225,0.550,0.238,0.225,0.238,5.600,2.863,0.025,0.000,0.000,0.000,0.663,0.000,0.000,0.100,1.975,3.188,2.200,2.338,2.250,3.450,4.775,4.838,5.013,4.250,1.500,1.800,1.600,1.375,1.363,1.363,1.363,1.363,1.313,2.013
6203808917,Actual,DZ114328,20/09/2025,kWh,generation,0.000,0.000,0.000,0.000,0.000,0.000,0.000,0.000,0.000,0.000,0.000,0.000,0.000,0.000,0.000,0.013,0.038,0.050,0.000,0.013,0.263,1.525,1.475,1.475,0.388,2.663,2.000,2.538,0.000,0.000,0.000,0.000,0.000,0.000,0.000,0.000,0.000,0.000,0.000,0.000,0.000,0.000,0.000,0.000,0.000,0.000,0.000,0.000
6203808917,Actual,DZ114328,21/09/2025,kWh,consumption,1.238,1.238,1.238,1.225,0.288,0.288,0.588,1.863,1.825,1.813,1.788,2.013,5.888,5.775,2.388,0.700,0.813,0.913,0.913,0.838,0.638,0.650,0.400,0.250,0.375,0.075,0.400,0.063,2.100,1.200,0.013,0.000,0.013,0.013,0.000,0.000,1.700,1.363,1.313,0.950,0.700,0.775,1.500,2.013,1.488,1.488,1.338,1.788
6203808917,Actual,DZ114328,21/09/2025,kWh,generation,0.000,0.000,0.000,0.000,0.000,0.000,0.000,0.000,0.000,0.000,0.000,0.000,0.000,0.000,0.000,0.000,0.000,0.000,0.000,0.000,0.000,0.000,0.000,0.000,0.000,0.025,0.000,0.000,0.025,0.000,0.000,0.013,0.013,0.000,0.013,0.000,0.000,0.000,0.000,0.000,0.000,0.000,0.000,0.000,0.000,0.000,0.000,0.000
6203808917,Actual,DZ114328,22/09/2025,kWh,consumption,1.738,2.238,1.413,1.900,0.700,0.688,0.688,0.675,0.675,0.663,0.675,1.838,4.063,1.475,1.150,1.175,0.325,0.025,0.138,0.025,0.025,0.025,0.013,0.000,0.000,0.000,0.000,0.000,0.000,0.000,0.000,0.000,0.000,0.000,0.000,0.000,0.000,0.013,0.000,0.013,0.000,0.013,0.350,1.413,2.425,3.000,2.213,1.463
6203808917,Actual,DZ114328,22/09/2025,kWh,generation,0.000,0.000,0.000,0.000,0.000,0.000,0.000,0.000,0.000,0.000,0.000,0.000,0.000,0.000,0.000,0.000,0.013,0.025,0.050,0.388,0.375,0.388,1.263,3.538,3.238,2.988,3.650,4.088,4.088,3.600,3.013,2.388,1.250,0.650,0.013,0.000,0.000,0.000,0.000,0.000,0.013,0.000,0.000,0.000,0.000,0.000,0.000,0.000
6203808917,Actual,DZ114328,23/09/2025,kWh,consumption,1.188,1.188,1.188,1.200,0.238,0.250,0.238,0.238,0.238,0.238,0.238,1.625,1.813,1.988,1.688,1.075,0.175,0.050,0.025,0.000,0.000,0.000,0.000,0.000,0.000,0.000,0.000,0.000,0.000,0.000,0.000,0.000,0.000,0.000,0.000,0.000,0.000,0.000,0.013,0.000,0.013,0.013,0.288,1.825,2.113,1.225,1.250,1.263
6203808917,Actual,DZ114328,23/09/2025,kWh,generation,0.000,0.000,0.000,0.000,0.000,0.000,0.000,0.000,0.000,0.000,0.000,0.000,0.000,0.000,0.000,0.000,0.050,0.050,0.550,2.588,2.925,3.050,2.263,2.675,2.013,2.425,2.725,2.563,2.725,1.500,1.400,1.988,0.588,0.363,0.025,0.000,0.013,0.000,0.000,0.013,0.013,0.013,0.000,0.000,0.000,0.000,0.000,0.000
6203808917,Actual,DZ114328,24/09/2025,kWh,consumption,1.250,1.238,1.250,1.313,0.350,0.338,0.288,0.300,0.288,0.300,0.288,1.325,5.825,6.475,6.100,1.700,0.138,0.013,0.025,0.000,0.000,0.000,0.000,0.000,0.000,0.000,0.000,0.013,0.000,0.000,0.013,0.000,0.000,0.000,0.013,0.000,0.000,0.013,0.000,0.013,0.013,0.013,0.363,1.300,1.325,1.300,1.388,1.325
6203808917,Actual,DZ114328,24/09/2025,kWh,generation,0.000,0.000,0.000,0.000,0.000,0.000,0.000,0.000,0.000,0.000,0.000,0.000,0.000,0.000,0.000,0.000,0.000,0.025,0.588,1.650,2.600,2.138,0.838,2.025,1.563,0.150,0.013,0.000,0.013,0.000,0.013,0.000,0.013,0.000,0.000,0.013,0.000,0.013,0.000,0.000,0.013,0.013,0.000,0.000,0.000,0.000,0.000,0.000
6203808917,Actual,DZ114328,25/09/2025,kWh,consumption,1.825,2.300,1.338,1.275,0.263,0.275,1.213,1.213,1.225,1.200,1.213,1.450,1.200,1.113,1.488,1.900,1.250,0.088,0.013,0.000,0.013,0.000,0.013,0.000,0.013,0.000,0.000,0.000,0.000,0.000,0.000,0.000,0.000,0.000,0.000,0.000,0.000,0.013,0.000,0.000,0.000,0.013,1.000,1.663,2.113,1.213,1.563,1.700
6203808917,Actual,DZ114328,25/09/2025,kWh,generation,0.000,0.000,0.000,0.000,0.000,0.000,0.000,0.000,0.000,0.000,0.000,0.000,0.000,0.000,0.000,0.000,0.000,0.063,0.013,0.013,0.000,0.013,0.000,0.013,0.000,0.763,0.800,0.575,0.463,0.613,1.150,1.163,1.025,0.525,0.213,0.013,0.013,0.000,0.000,0.000,0.000,0.013,0.000,0.000,0.000,0.000,0.000,0.000
6203808917,Actual,DZ114328,26/09/2025,kWh,consumption,1.725,1.513,1.225,1.213,0.263,0.250,0.263,0.263,0.263,0.238,0.250,1.200,5.675,2.163,0.975,0.888,0.750,0.025,0.025,0.013,0.013,0.000,0.000,0.000,0.025,2.513,1.138,0.638,0.025,0.025,0.000,0.013,0.000,0.000,0.000,0.000,0.000,0.025,0.025,0.613,1.700,1.350,1.300,1.275,1.275,1.188,0.900,0.450
6203808917,Actual,DZ114328,26/09/2025,kWh,generation,0.000,0.000,0.000,0.000,0.000,0.000,0.000,0.000,0.000,0.000,0.000,0.000,0.000,0.000,0.000,0.000,0.000,0.013,0.013,0.013,0.013,0.000,0.850,0.313,0.238,0.000,0.000,0.000,0.125,0.863,1.450,0.650,0.088,0.013,0.000,0.000,0.013,0.025,0.013,0.000,0.000,0.000,0.000,0.000,0.000,0.000,0.000,0.000
6203808917,Actual,DZ114328,27/09/2025,kWh,consumption,0.550,0.875,0.750,0.838,1.063,1.550,1.788,1.788,1.700,1.425,1.375,1.363,3.888,1.150,0.825,0.500,0.213,0.038,0.025,0.038,0.525,0.150,0.250,0.100,0.175,0.163,0.000,0.013,0.000,0.000,0.000,0.000,0.000,0.000,0.013,0.000,0.013,0.413,0.013,0.000,0.000,0.013,1.800,2.163,1.638,1.250,1.225,1.213
6203808917,Actual,DZ114328,27/09/2025,kWh,generation,0.000,0.000,0.000,0.000,0.000,0.000,0.000,0.000,0.000,0.000,0.000,0.000,0.000,0.000,0.000,0.000,0.000,0.013,0.050,0.150,0.175,0.313,0.338,0.988,2.425,3.150,2.300,2.500,2.850,2.975,2.825,1.550,1.000,0.363,0.013,0.013,0.000,0.025,0.013,0.000,0.013,0.000,0.000,0.000,0.000,0.000,0.000,0.000
6203808917,Actual,DZ114328,28/09/2025,kWh,consumption,1.238,1.250,1.225,1.238,0.288,0.263,0.250,0.263,0.225,0.225,0.238,0.238,2.363,0.013,0.013,0.000,0.425,0.138,0.075,0.013,0.000,0.000,0.000,0.000,0.000,0.000,0.000,0.000,0.000,0.013,0.000,0.000,0.000,0.000,0.000,0.375,2.838,1.788,0.013,0.000,0.000,0.025,2.175,2.238,1.750,1.250,1.238,1.238
6203808917,Actual,DZ114328,28/09/2025,kWh,generation,0.000,0.000,0.000,0.000,0.000,0.000,0.000,0.000,0.000,0.000,0.000,0.000,0.000,0.000,0.013,0.000,0.013,0.000,0.013,0.200,1.463,1.100,0.950,1.413,1.025,2.075,3.063,1.825,1.613,2.013,2.488,1.825,1.800,0.750,0.288,0.025,0.000,0.000,0.000,0.000,0.013,0.000,0.000,0.000,0.000,0.000,0.000,0.000
6203808917,Actual,DZ114328,29/09/2025,kWh,consumption,1.263,1.263,1.275,1.300,0.975,1.238,1.188,1.188,1.238,1.213,1.175,1.175,5.763,5.425,5.013,4.775,1.038,0.013,0.000,0.000,0.000,0.000,0.000,0.000,0.000,0.000,0.000,0.000,0.000,0.000,0.000,0.000,0.013,0.000,0.013,0.000,0.000,0.013,0.000,0.000,0.013,0.000,0.738,1.263,1.400,0.375,0.313,0.313
6203808917,Actual,DZ114328,29/09/2025,kWh,generation,0.000,0.000,0.000,0.000,0.000,0.000,0.000,0.000,0.000,0.000,0.000,0.000,0.000,0.000,0.000,0.000,0.000,0.013,0.150,0.488,0.963,2.838,4.375,4.413,4.400,3.963,3.888,4.138,3.938,3.575,2.950,0.538,0.000,0.013,0.013,0.000,0.013,0.013,0.000,0.013,0.000,0.000,0.000,0.000,0.000,0.000,0.000,0.000
6203808917,Actual,DZ114328,30/09/2025,kWh,consumption,0.300,0.300,0.288,0.275,0.263,0.250,0.263,0.238,0.238,0.250,0.238,1.188,5.838,5.688,5.638,6.488,6.188,0.575,0.013,0.000,0.025,0.125,0.838,0.200,0.425,0.013,0.000,0.000,0.000,0.000,0.000,0.163,0.150,0.000,0.013,0.000,0.000,0.000,0.013,0.000,0.000,0.025,0.563,1.338,1.575,1.650,1.525,1.513
6203808917,Actual,DZ114328,30/09/2025,kWh,generation,0.000,0.000,0.000,0.000,0.000,0.000,0.000,0.000,0.000,0.000,0.000,0.000,0.000,0.000,0.000,0.000,0.000,0.038,0.000,0.413,0.075,0.075,0.000,0.013,0.000,0.150,1.725,1.763,2.588,2.288,1.075,1.200,1.863,0.788,0.325,0.075,0.000,0.013,0.000,0.013,0.000,0.013,0.000,0.000,0.000,0.000,0.000,0.000
6203808917,Actual,DZ114328,01/10/2025,kWh,consumption,2.138,1.588,0.950,0.263,1.113,1.163,1.163,1.163,1.150,1.150,1.138,1.738,5.788,5.625,4.525,0.725,0.213,0.025,0.025,0.000,0.000,0.000,0.000,0.000,0.000,0.000,0.000,0.000,0.000,0.000,0.000,0.000,0.000,0.000,0.000,0.000,0.000,0.013,0.000,0.000,0.000,0.013,0.788,1.300,1.350,1.425,2.250,1.638
6203808917,Actual,DZ114328,01/10/2025,kWh,generation,0.000,0.000,0.000,0.000,0.000,0.000,0.000,0.000,0.000,0.000,0.000,0.000,0.000,0.000,0.000,0.000,0.025,0.075,0.025,0.750,2.163,1.225,1.713,1.075,1.125,1.075,1.000,3.550,2.400,2.350,1.738,2.038,0.913,1.125,0.400,0.025,0.013,0.000,0.000,0.000,0.000,0.000,0.000,0.000,0.000,0.000,0.000,0.000
6203808917,Actual,DZ114328,02/10/2025,kWh,consumption,1.650,1.438,1.263,1.200,0.225,0.225,0.225,0.225,0.225,0.200,0.213,1.163,5.588,5.463,5.888,3.100,0.063,0.025,0.013,0.000,0.000,0.000,0.000,0.000,0.000,0.000,0.000,0.000,0.000,0.000,0.000,0.000,0.000,0.000,0.000,0.000,0.000,0.013,0.000,0.000,0.013,0.000,1.000,2.438,2.100,1.663,2.013,1.475
6203808917,Actual,DZ114328,02/10/2025,kWh,generation,0.000,0.000,0.000,0.000,0.000,0.000,0.000,0.000,0.000,0.000,0.000,0.000,0.000,0.000,0.000,0.000,0.013,0.138,1.050,1.675,2.725,1.563,1.388,1.663,1.225,0.863,0.950,0.875,1.300,1.713,1.075,0.750,0.813,0.475,0.088,0.013,0.013,0.000,0.000,0.000,0.000,0.000,0.000,0.000,0.000,0.000,0.000,0.000
6203808917,Actual,DZ114328,03/10/2025,kWh,consumption,1.188,1.250,1.213,1.213,0.250,0.250,0.225,0.238,0.213,0.225,0.200,1.163,5.938,5.513,5.025,2.863,0.338,0.038,0.013,0.000,0.000,0.000,0.000,0.000,0.000,0.000,0.013,0.000,0.000,0.000,0.513,0.013,0.000,0.000,0.013,0.000,0.000,0.000,0.000,0.013,0.013,0.013,0.800,0.838,0.600,1.550,1.388,1.213
6203808917,Actual,DZ114328,03/10/2025,kWh,generation,0.000,0.000,0.000,0.000,0.000,0.000,0.000,0.000,0.000,0.000,0.000,0.000,0.000,0.000,0.000,0.000,0.013,0.075,0.625,1.338,2.988,3.250,2.113,3.400,1.350,1.400,0.825,1.338,1.763,2.000,0.013,0.063,0.225,0.013,0.250,0.113,0.000,0.013,0.000,0.013,0.013,0.013,0.000,0.000,0.000,0.000,0.000,0.000
6203808917,Actual,DZ114328,04/10/2025,kWh,consumption,1.225,1.175,1.163,1.163,0.238,0.250,0.275,0.238,0.238,0.225,0.225,0.225,4.775,1.075,0.013,0.000,0.013,0.000,0.000,0.000,0.000,0.000,0.000,0.000,0.000,0.088,0.075,0.000,0.000,0.000,0.000,0.000,0.000,0.000,0.013,0.013,0.013,1.775,0.013,0.000,0.000,0.025,1.500,1.513,1.488,1.500,1.700,1.613
6203808917,Actual,DZ114328,04/10/2025,kWh,generation,0.000,0.000,0.000,0.000,0.000,0.000,0.000,0.000,0.000,0.000,0.000,0.000,0.000,0.000,0.000,0.013,0.013,0.000,0.963,1.588,2.375,2.700,3.413,3.388,3.113,2.975,3.375,3.775,3.075,2.813,2.338,1.913,1.325,0.450,0.300,0.013,0.025,0.000,0.000,0.000,0.013,0.013,0.000,0.000,0.000,0.000,0.000,0.000
6203808917,Actual,DZ114328,05/10/2025,kWh,consumption,1.175,0.713,0.738,0.488,0.425,0.400,0.413,0.400,0.375,0.350,4.938,1.525,0.338,0.150,0.713,1.100,0.150,0.013,0.050,0.013,0.013,0.025,0.050,0.013,0.000,0.000,0.013,0.013,0.000,0.013,0.000,0.013,2.163,2.363,0.813,0.000,0.000,0.013,0.013,0.300,1.413,1.363,0.800,0.400,0.338,0.338,0.338,0.388
6203808917,Actual,DZ114328,05/10/2025,kWh,generation,0.000,0.000,0.000,0.000,0.000,0.000,0.000,0.000,0.000,0.000,0.000,0.000,0.000,0.000,0.000,0.000,0.000,0.013,0.000,0.013,0.013,0.013,0.000,0.013,0.013,0.000,0.013,0.013,0.013,0.013,0.000,0.000,0.000,0.000,0.000,0.013,0.000,0.013,0.013,0.000,0.000,0.000,0.000,0.000,0.000,0.000,0.000,0.000
6203808917,Actual,DZ114328,06/10/2025,kWh,consumption,0.338,0.313,0.313,0.313,0.300,0.300,0.300,0.288,0.300,1.213,3.138,1.225,1.150,2.175,1.563,1.050,0.825,0.213,0.150,0.050,0.013,0.063,0.038,0.050,0.013,0.000,0.000,0.000,0.000,0.000,0.000,0.000,0.000,0.000,0.013,0.013,0.000,0.013,0.000,0.000,0.875,1.850,2.425,1.975,1.313,1.825,1.275,1.275
6203808917,Actual,DZ114328,06/10/2025,kWh,generation,0.000,0.000,0.000,0.000,0.000,0.000,0.000,0.000,0.000,0.000,0.000,0.000,0.000,0.000,0.000,0.000,0.000,0.038,0.038,0.175,0.013,0.063,0.050,0.038,0.038,1.113,1.850,2.363,2.125,1.750,1.400,0.913,1.075,0.425,0.013,0.013,0.013,0.000,0.000,0.013,0.000,0.000,0.000,0.000,0.000,0.000,0.000,0.000
6203808917,Actual,DZ114328,07/10/2025,kWh,consumption,1.300,1.263,0.275,0.275,0.250,0.250,0.238,0.250,0.238,1.200,5.650,5.825,5.588,5.450,5.363,0.413,0.038,0.025,0.000,0.013,0.000,0.000,0.000,0.000,0.000,0.000,0.000,0.000,0.000,0.150,0.000,0.000,0.000,0.000,0.000,0.013,0.000,0.000,0.013,0.000,0.300,1.263,1.213,1.213,1.225,1.225,1.288,1.325
6203808917,Actual,DZ114328,07/10/2025,kWh,generation,0.000,0.000,0.000,0.000,0.000,0.000,0.000,0.000,0.000,0.000,0.000,0.000,0.000,0.000,0.000,0.000,0.013,0.013,1.000,1.913,2.350,2.913,3.525,3.263,3.613,4.338,3.950,3.275,3.213,2.638,2.663,2.350,2.138,1.300,0.513,0.000,0.013,0.000,0.000,0.013,0.000,0.000,0.000,0.000,0.000,0.000,0.000,0.000
6203808917,Actual,DZ114328,08/10/2025,kWh,consumption,1.313,1.313,1.250,1.275,1.413,1.638,2.200,2.088,1.950,1.950,2.025,2.025,1.600,0.875,0.588,0.088,0.013,0.013,0.000,0.000,0.000,0.000,0.000,0.000,0.000,0.000,0.000,0.000,0.000,0.000,0.000,0.000,0.000,0.000,0.000,0.000,0.000,0.013,0.000,0.000,0.150,1.200,1.213,1.200,2.075,1.413,1.225,1.238
6203808917,Actual,DZ114328,08/10/2025,kWh,generation,0.000,0.000,0.000,0.000,0.000,0.000,0.000,0.000,0.000,0.000,0.000,0.000,0.000,0.000,0.000,0.013,0.025,0.588,2.563,1.975,3.088,3.488,3.225,2.300,2.388,2.063,1.913,2.088,1.163,1.175,1.563,0.875,0.875,0.450,0.413,0.038,0.000,0.013,0.000,0.013,0.000,0.000,0.000,0.000,0.000,0.000,0.000,0.000
6203808917,Actual,DZ114328,09/10/2025,kWh,consumption,1.225,1.200,0.263,0.263,0.250,0.263,0.250,0.663,1.275,1.275,5.800,5.850,5.713,5.963,5.988,3.800,2.663,2.025,0.013,0.000,0.000,0.000,0.000,0.000,0.000,0.000,0.000,0.000,0.000,0.000,0.000,0.213,0.200,0.000,0.000,0.000,0.000,0.000,0.000,0.013,0.225,1.163,1.163,1.163,1.638,1.263,1.275,1.213
6203808917,Actual,DZ114328,09/10/2025,kWh,generation,0.000,0.000,0.000,0.000,0.000,0.000,0.000,0.000,0.000,0.000,0.000,0.000,0.000,0.000,0.000,0.000,0.000,0.000,0.388,2.463,3.088,3.075,2.263,1.825,3.425,1.700,2.513,3.338,3.188,2.913,1.250,0.163,0.438,0.638,0.063,0.000,0.013,0.000,0.013,0.000,0.000,0.000,0.000,0.000,0.000,0.000,0.000,0.000
6203808917,Actual,DZ114328,10/10/2025,kWh,consumption,0.238,0.238,0.225,0.263,0.238,0.225,0.213,0.275,0.313,0.900,4.725,4.800,1.900,0.213,0.013,0.013,0.000,0.000,0.000,0.000,0.000,0.000,0.000,0.000,0.000,0.000,0.000,0.238,0.000,0.000,0.000,0.000,0.000,0.000,0.000,0.000,0.000,0.000,0.000,0.013,0.350,2.038,1.225,1.350,1.600,1.675,1.625,1.338
6203808917,Actual,DZ114328,10/10/2025,kWh,generation,0.000,0.000,0.000,0.000,0.000,0.000,0.000,0.000,0.000,0.000,0.000,0.000,0.000,0.000,0.013,0.013,1.638,2.713,3.013,2.588,2.613,2.088,1.400,1.588,1.675,2.075,2.463,1.450,2.088,2.213,1.975,1.125,1.588,1.413,0.838,0.138,0.013,0.013,0.000,0.000,0.013,0.000,0.000,0.000,0.000,0.000,0.000,0.000
6203808917,Actual,DZ114328,11/10/2025,kWh,consumption,1.575,1.213,0.275,0.313,0.275,0.275,0.263,0.250,0.250,0.238,2.550,0.363,0.188,0.063,0.650,0.425,0.050,0.013,0.000,0.000,0.000,0.000,0.000,0.000,0.000,0.000,0.000,0.000,0.000,0.000,0.000,0.875,2.400,2.100,1.013,0.000,0.000,0.013,0.000,0.013,1.325,1.313,1.338,1.375,1.363,1.400,0.975,0.375
6203808917,Actual,DZ114328,11/10/2025,kWh,generation,0.000,0.000,0.000,0.000,0.000,0.000,0.000,0.000,0.000,0.000,0.000,0.000,0.000,0.000,0.000,0.000,0.013,0.313,1.988,2.325,3.075,3.038,3.188,3.188,3.950,3.513,3.213,3.525,3.363,3.150,1.838,0.888,0.000,0.000,0.000,0.013,0.013,0.000,0.013,0.013,0.000,0.000,0.000,0.000,0.000,0.000,0.000,0.000
6203808917,Actual,DZ114328,12/10/2025,kWh,consumption,1.075,0.388,0.313,0.313,0.950,1.263,1.225,1.200,1.325,1.200,2.800,1.188,1.213,0.863,0.513,0.400,0.563,0.638,0.425,0.013,0.038,0.025,0.025,0.000,0.013,0.013,0.000,0.000,0.000,0.000,0.000,0.000,0.000,0.013,0.000,0.000,0.000,0.013,0.000,0.000,1.175,1.325,1.413,1.200,2.200,1.250,1.275,1.925
6203808917,Actual,DZ114328,12/10/2025,kWh,generation,0.000,0.000,0.000,0.000,0.000,0.000,0.000,0.000,0.000,0.000,0.000,0.000,0.000,0.000,0.000,0.000,0.000,0.000,0.000,0.013,0.013,0.100,0.625,0.850,0.163,2.288,2.313,3.200,2.588,2.775,1.775,0.638,0.050,0.013,0.013,0.000,0.013,0.000,0.000,0.000,0.000,0.000,0.000,0.000,0.000,0.000,0.000,0.000
6203808917,Actual,DZ114328,13/10/2025,kWh,consumption,1.475,1.338,0.363,0.388,0.500,1.100,1.300,1.413,1.238,1.225,5.913,5.750,5.550,5.488,3.200,0.013,0.000,0.000,0.000,0.013,0.013,0.000,0.000,0.000,0.000,0.000,0.000,0.000,0.000,0.288,0.438,0.000,0.000,0.000,0.000,0.000,0.013,0.000,0.000,0.013,0.600,1.413,1.500,1.238,1.638,1.213,1.200,1.200
6203808917,Actual,DZ114328,13/10/2025,kWh,generation,0.000,0.000,0.000,0.000,0.000,0.000,0.000,0.000,0.000,0.000,0.000,0.000,0.000,0.000,0.000,0.013,0.038,0.988,1.238,0.588,1.138,1.838,1.300,1.675,2.975,3.513,2.863,3.463,3.238,2.775,2.075,2.863,1.763,0.788,0.100,0.013,0.000,0.013,0.000,0.013,0.000,0.000,0.000,0.000,0.000,0.000,0.000,0.000
6203808917,Actual,DZ114328,14/10/2025,kWh,consumption,1.213,1.200,0.238,0.388,0.238,0.238,0.250,0.375,0.238,0.900,2.438,0.250,0.075,0.013,0.100,0.063,0.113,0.025,0.000,0.000,0.000,0.000,0.000,0.000,0.000,0.113,0.000,0.000,0.000,0.000,0.000,0.000,0.000,0.000,0.000,0.000,0.013,0.000,0.000,0.013,0.363,1.900,1.450,1.225,1.225,1.200,1.188,1.188
6203808917,Actual,DZ114328,14/10/2025,kWh,generation,0.000,0.000,0.000,0.000,0.000,0.000,0.000,0.000,0.000,0.000,0.000,0.000,0.000,0.000,0.000,0.013,0.025,0.500,1.525,1.600,2.813,3.113,3.413,3.425,3.763,3.325,3.563,3.863,3.775,3.900,3.400,2.775,2.138,1.363,0.613,0.125,0.000,0.013,0.000,0.013,0.000,0.000,0.000,0.000,0.000,0.000,0.000,0.000
6203808917,Actual,DZ114328,15/10/2025,kWh,consumption,2.000,1.213,0.250,0.250,0.225,0.375,0.225,0.213,0.225,1.350,3.925,1.125,1.013,1.900,1.075,0.025,0.013,0.000,0.000,0.000,0.000,0.000,0.000,0.000,0.000,0.000,0.000,0.000,0.000,0.000,0.000,0.000,0.000,0.000,0.000,0.000,0.013,0.000,0.000,0.013,0.000,0.688,1.200,1.188,1.200,1.263,1.238,1.225
6203808917,Actual,DZ114328,15/10/2025,kWh,generation,0.000,0.000,0.000,0.000,0.000,0.000,0.000,0.000,0.000,0.000,0.000,0.000,0.000,0.000,0.000,0.038,0.875,2.913,3.400,3.775,4.175,4.500,4.613,4.675,4.688,4.513,3.938,4.450,4.263,3.938,3.438,2.863,2.238,1.463,0.700,0.150,0.000,0.000,0.000,0.013,0.000,0.000,0.000,0.000,0.000,0.000,0.000,0.000
6203808917,Actual,DZ114328,16/10/2025,kWh,consumption,1.188,1.188,0.225,0.213,0.275,0.388,0.213,0.213,0.213,1.313,3.488,1.150,1.013,0.850,0.288,0.025,0.000,0.000,0.000,0.000,0.000,0.000,0.000,0.000,0.000,0.000,0.000,0.000,0.000,0.000,0.000,0.013,0.000,0.000,0.000,0.000,0.013,0.000,0.000,0.013,0.263,1.200,1.200,1.288,1.638,0.263,0.238,0.213
6203808917,Actual,DZ114328,16/10/2025,kWh,generation,0.000,0.000,0.000,0.000,0.000,0.000,0.000,0.000,0.000,0.000,0.000,0.000,0.000,0.000,0.000,0.013,0.850,1.863,3.088,3.625,4.163,4.300,4.288,4.575,3.313,2.800,2.613,0.225,0.213,0.325,0.138,0.025,0.013,0.000,0.000,0.013,0.000,0.000,0.000,0.013,0.000,0.000,0.000,0.000,0.000,0.000,0.000,0.000
6203808917,Actual,DZ114328,17/10/2025,kWh,consumption,0.213,0.200,0.200,0.200,0.188,0.200,0.188,0.250,0.213,0.200,4.775,4.788,4.538,4.475,3.400,0.088,0.025,0.000,0.000,0.000,0.000,0.000,0.000,0.000,0.000,0.000,0.000,0.000,0.000,0.000,0.000,0.000,0.000,0.000,0.000,0.013,0.000,0.000,0.000,0.000,0.000,0.000,0.100,0.238,0.250,0.763,0.613,1.413
6203808917,Actual,DZ114328,17/10/2025,kWh,generation,0.000,0.000,0.000,0.000,0.000,0.000,0.000,0.000,0.000,0.000,0.000,0.000,0.000,0.000,0.000,0.000,0.038,0.688,2.313,1.475,3.875,3.150,3.050,3.488,4.150,4.263,4.063,3.575,2.975,2.650,1.725,1.463,1.663,0.913,0.338,0.075,0.013,0.000,0.013,0.000,0.000,0.000,0.000,0.000,0.000,0.000,0.000,0.000
6203808917,Actual,DZ114328,18/10/2025,kWh,consumption,0.950,0.613,0.213,0.213,0.200,0.213,0.288,0.288,0.238,0.225,4.850,4.850,4.713,5.363,6.138,5.663,1.150,0.025,0.013,0.000,0.000,0.000,0.000,0.000,0.000,0.000,0.000,0.000,0.000,0.000,0.000,0.000,0.000,0.000,0.000,0.000,0.000,0.000,0.000,0.013,0.675,1.263,1.400,1.275,1.575,1.188,1.175,1.238
6203808917,Actual,DZ114328,18/10/2025,kWh,generation,0.000,0.000,0.000,0.000,0.000,0.000,0.000,0.000,0.000,0.000,0.000,0.000,0.000,0.000,0.000,0.000,0.013,0.063,0.513,0.888,3.013,3.538,3.650,3.675,4.625,4.600,4.525,4.375,4.225,3.925,3.425,2.838,2.175,1.438,0.688,0.163,0.000,0.013,0.000,0.000,0.000,0.000,0.000,0.000,0.000,0.000,0.000,0.000
6203808917,Actual,DZ114328,19/10/2025,kWh,consumption,1.188,1.163,0.225,0.213,0.213,0.550,0.200,0.200,0.213,0.200,0.200,0.138,0.013,0.013,0.900,0.538,0.038,0.100,0.013,0.000,0.200,0.263,0.025,0.225,0.000,0.013,0.013,0.000,0.000,0.000,0.013,0.000,0.000,0.013,1.213,4.800,1.888,1.938,1.050,1.025,1.425,0.775,0.875,0.525,0.413,1.413,0.975,0.775
6203808917,Actual,DZ114328,19/10/2025,kWh,generation,0.000,0.000,0.000,0.000,0.000,0.000,0.000,0.000,0.000,0.000,0.000,0.000,0.000,0.013,0.000,0.000,0.025,0.013,0.038,0.013,0.000,0.000,0.013,0.013,0.000,0.088,0.175,0.300,0.738,0.550,0.200,0.000,0.013,0.013,0.000,0.000,0.025,0.000,0.000,0.000,0.000,0.000,0.000,0.000,0.000,0.000,0.000,0.000
6203808917,Actual,DZ114328,20/10/2025,kWh,consumption,0.688,0.825,0.850,0.800,0.638,0.625,0.475,0.263,0.250,0.250,5.688,5.875,1.600,0.175,0.200,0.063,0.513,0.538,0.188,0.075,0.125,0.000,0.013,0.013,0.038,0.025,0.025,0.013,0.000,0.013,0.000,0.000,0.000,0.000,0.000,0.013,0.013,0.150,3.438,3.450,5.588,0.363,0.313,3.675,4.850,1.250,0.800,0.800
6203808917,Actual,DZ114328,20/10/2025,kWh,generation,0.000,0.000,0.000,0.000,0.000,0.000,0.000,0.000,0.000,0.000,0.000,0.000,0.000,0.000,0.000,0.000,0.000,0.013,0.000,0.000,0.000,0.000,0.013,0.000,0.013,0.013,0.013,0.075,0.075,0.263,0.575,2.413,1.900,0.688,0.188,0.025,0.013,0.013,0.000,0.000,0.000,0.000,0.000,0.000,0.000,0.000,0.000,0.000
6203808917,Actual,DZ114328,21/10/2025,kWh,consumption,0.763,0.288,0.225,0.225,0.225,0.250,0.263,0.225,0.225,0.263,0.825,0.925,0.750,0.488,0.213,0.088,0.013,0.000,0.000,0.000,0.000,0.000,0.000,0.000,0.000,0.000,0.000,0.000,0.000,0.000,0.000,0.000,0.000,0.000,0.000,0.000,0.000,0.013,0.000,0.000,0.063,0.263,1.288,5.400,5.875,4.263,0.238,0.225
6203808917,Actual,DZ114328,21/10/2025,kWh,generation,0.000,0.000,0.000,0.000,0.000,0.000,0.000,0.000,0.000,0.000,0.000,0.000,0.000,0.000,0.025,0.025,0.025,0.325,0.800,3.250,3.825,4.125,3.513,3.625,2.438,3.238,3.863,3.850,1.838,1.425,0.725,0.713,0.575,0.225,0.025,0.013,0.000,0.013,0.000,0.000,0.013,0.000,0.000,0.000,0.000,0.000,0.000,0.000
6203808917,Actual,DZ114328,22/10/2025,kWh,consumption,0.225,0.225,0.225,0.213,0.213,0.213,0.213,0.225,0.213,0.213,0.600,1.238,1.213,1.200,1.150,0.213,0.138,0.150,0.163,0.000,0.013,0.000,0.000,0.000,0.000,0.000,0.000,0.000,0.000,0.000,0.000,0.000,0.000,0.000,0.013,0.000,0.000,0.000,0.013,0.000,0.638,6.288,6.750,4.338,1.213,1.213,1.175,1.163
6203808917,Actual,DZ114328,22/10/2025,kWh,generation,0.000,0.000,0.000,0.000,0.000,0.000,0.000,0.000,0.000,0.000,0.000,0.000,0.000,0.000,0.000,0.000,0.000,0.000,0.000,0.000,0.013,0.000,0.250,4.025,4.288,4.288,3.775,3.588,1.988,1.588,1.550,0.663,0.775,0.725,0.138,0.013,0.000,0.000,0.000,0.000,0.000,0.000,0.000,0.000,0.000,0.000,0.000,0.000
6203808917,Actual,DZ114328,23/10/2025,kWh,consumption,1.163,1.163,0.213,0.213,0.213,0.213,0.200,0.213,0.200,0.225,0.875,0.425,0.138,0.000,0.350,0.613,0.075,0.025,0.000,0.000,0.000,0.000,0.000,0.000,0.000,0.000,0.000,0.000,0.000,0.000,0.000,0.000,0.000,0.000,0.000,0.000,0.000,0.000,0.013,0.313,5.663,5.863,4.688,0.275,0.775,0.813,0.225,0.225
6203808917,Actual,DZ114328,23/10/2025,kWh,generation,0.000,0.000,0.000,0.000,0.000,0.000,0.000,0.000,0.000,0.000,0.000,0.000,0.000,0.013,0.000,0.000,0.013,0.025,0.000,1.600,2.125,2.525,2.888,2.763,3.088,2.675,2.788,2.438,2.213,1.738,1.213,0.900,0.513,0.813,0.625,0.425,0.025,0.000,0.000,0.025,0.000,0.000,0.000,0.000,0.000,0.000,0.000,0.000
6203808917,Actual,DZ114328,24/10/2025,kWh,consumption,0.225,0.213,0.213,0.213,0.213,0.200,0.213,0.213,0.213,0.200,1.525,1.138,1.000,0.650,1.325,0.038,0.025,0.013,0.000,0.000,0.000,0.000,0.000,0.000,0.000,0.000,0.000,0.000,0.000,0.000,0.000,0.000,0.000,0.000,0.000,0.000,0.000,0.000,0.000,0.000,0.013,0.000,0.563,0.963,6.313,7.450,2.775,1.200
6203808917,Actual,DZ114328,24/10/2025,kWh,generation,0.000,0.000,0.000,0.000,0.000,0.000,0.000,0.000,0.000,0.000,0.000,0.000,0.000,0.000,0.000,0.000,0.038,0.025,0.788,1.963,2.575,2.113,1.963,2.588,0.988,1.950,2.075,3.475,1.100,2.125,1.413,1.975,0.588,0.600,0.563,0.450,0.025,0.013,0.000,0.000,0.013,0.000,0.000,0.000,0.000,0.000,0.000,0.000
6203808917,Actual,DZ114328,25/10/2025,kWh,consumption,1.238,1.200,0.225,0.200,0.213,0.213,0.213,0.200,0.213,0.313,0.213,0.150,0.013,0.300,1.688,0.725,0.275,0.013,0.000,0.000,0.000,0.000,0.013,0.000,0.000,0.000,0.000,0.000,0.000,0.000,0.000,0.025,0.038,0.013,0.013,0.000,0.000,0.725,3.613,3.563,6.888,3.950,1.450,1.550,1.838,1.263,1.263,1.263
6203808917,Actual,DZ114328,25/10/2025,kWh,generation,0.000,0.000,0.000,0.000,0.000,0.000,0.000,0.000,0.000,0.000,0.000,0.000,0.000,0.000,0.000,0.000,0.025,0.013,0.913,0.738,0.975,0.263,0.000,1.038,1.650,1.113,0.625,0.938,1.138,0.538,0.050,0.013,0.038,0.025,0.000,0.013,0.000,0.000,0.000,0.000,0.000,0.000,0.000,0.000,0.000,0.000,0.000,0.000
6203808917,Actual,DZ114328,26/10/2025,kWh,consumption,1.263,1.238,0.275,0.725,0.225,0.200,0.200,0.200,0.513,1.013,0.200,0.163,0.038,0.000,0.563,0.525,0.238,0.550,0.875,0.975,1.163,5.213,1.013,0.875,0.000,0.013,0.000,0.013,0.013,0.013,0.063,0.013,1.463,3.375,3.213,3.025,0.013,0.113,0.363,0.613,1.975,1.963,2.138,2.613,2.075,1.788,1.875,1.225
6203808917,Actual,DZ114328,26/10/2025,kWh,generation,0.000,0.000,0.000,0.000,0.000,0.000,0.000,0.000,0.000,0.000,0.000,0.000,0.013,0.000,0.000,0.000,0.000,0.000,0.000,0.000,0.000,0.000,0.000,0.000,0.013,0.000,0.100,1.363,0.338,0.125,0.013,0.150,0.113,0.000,0.000,0.000,0.000,0.013,0.000,0.000,0.000,0.000,0.000,0.000,0.000,0.000,0.000,0.000
6203808917,Actual,DZ114328,27/10/2025,kWh,consumption,1.188,1.175,0.213,0.225,0.263,0.238,0.213,0.225,0.213,0.213,0.325,0.200,0.138,1.250,1.100,0.513,0.075,0.013,0.013,0.000,0.013,0.000,0.013,0.000,0.000,0.000,0.000,0.000,0.000,0.000,0.000,0.000,0.000,0.000,0.000,0.000,1.663,3.413,3.338,0.013,0.288,1.788,0.325,0.688,1.250,1.250,1.200,1.175
6203808917,Actual,DZ114328,27/10/2025,kWh,generation,0.000,0.000,0.000,0.000,0.000,0.000,0.000,0.000,0.000,0.000,0.000,0.000,0.000,0.000,0.000,0.013,0.000,0.013,0.113,0.000,0.013,0.050,0.713,3.588,4.588,4.625,4.588,4.363,3.350,4.013,4.500,3.988,3.213,2.300,1.313,0.538,0.013,0.000,0.000,0.000,0.000,0.000,0.000,0.000,0.000,0.000,0.000,0.000
6203808917,Actual,DZ114328,28/10/2025,kWh,consumption,1.188,1.188,0.238,0.225,0.225,0.225,0.225,0.200,1.338,0.200,0.200,0.200,0.150,0.988,1.013,0.025,0.013,0.000,0.000,0.000,0.000,0.000,0.000,0.000,0.000,0.000,0.000,0.000,0.000,0.000,0.000,0.000,0.000,0.000,0.000,0.000,0.000,0.000,0.013,0.788,6.450,6.238,4.650,1.275,1.488,1.938,1.363,1.275
6203808917,Actual,DZ114328,28/10/2025,kWh,generation,0.000,0.000,0.000,0.000,0.000,0.000,0.000,0.000,0.000,0.000,0.000,0.000,0.000,0.000,0.000,0.025,0.038,0.575,1.575,4.538,4.825,4.800,4.838,4.838,4.850,4.825,4.825,4.750,4.763,4.663,4.363,3.800,3.150,2.425,1.588,0.750,0.113,0.000,0.000,0.000,0.000,0.000,0.000,0.000,0.000,0.000,0.000,0.000
6203808917,Actual,DZ114328,29/10/2025,kWh,consumption,1.275,1.238,0.275,0.263,0.263,0.250,0.263,0.250,0.250,1.450,0.225,0.325,1.075,1.438,1.000,0.025,0.000,0.000,0.000,0.000,0.000,0.000,0.000,0.000,0.000,0.000,0.000,0.000,0.000,0.000,0.000,0.000,0.000,0.000,0.000,0.000,0.000,0.013,0.000,0.000,0.000,2.238,5.963,5.925,3.075,1.638,1.838,1.800
6203808917,Actual,DZ114328,29/10/2025,kWh,generation,0.000,0.000,0.000,0.000,0.000,0.000,0.000,0.000,0.000,0.000,0.000,0.000,0.000,0.000,0.000,0.025,0.838,3.275,2.788,4.375,4.725,4.850,4.850,4.850,4.850,4.863,4.863,4.788,4.763,4.575,4.113,3.500,2.975,2.263,1.400,0.650,0.013,0.013,0.000,0.000,0.000,0.000,0.000,0.000,0.000,0.000,0.000,0.000
6203808917,Actual,DZ114328,30/10/2025,kWh,consumption,1.775,1.375,0.225,0.225,0.213,0.225,0.225,0.213,0.225,0.213,0.650,1.350,0.900,0.613,0.138,0.025,0.000,0.000,0.000,0.000,0.000,0.000,0.000,0.000,0.000,0.163,0.000,0.000,0.000,0.000,0.000,0.000,0.000,0.000,0.000,0.000,0.000,0.000,0.013,0.000,0.000,0.088,0.300,0.325,0.338,0.325,0.738,5.950
6203808917,Actual,DZ114328,30/10/2025,kWh,generation,0.000,0.000,0.000,0.000,0.000,0.000,0.000,0.000,0.000,0.000,0.000,0.000,0.000,0.000,0.025,0.038,0.988,1.975,2.475,3.300,2.550,3.688,4.463,4.725,4.775,3.650,4.175,3.850,3.550,3.313,3.888,3.763,2.600,1.138,0.113,0.225,0.075,0.000,0.000,0.000,0.000,0.013,0.000,0.000,0.000,0.000,0.000,0.000
6203808917,Actual,DZ114328,31/10/2025,kWh,consumption,5.913,2.800,0.288,0.263,0.250,0.238,0.238,0.238,0.213,0.238,0.225,0.213,0.050,0.650,0.350,0.000,0.013,0.025,0.013,0.000,0.000,0.000,0.000,0.000,0.000,0.000,0.000,0.000,0.000,0.000,0.000,0.000,0.000,0.000,0.000,0.000,0.013,0.000,0.000,0.000,0.013,0.038,0.325,0.275,0.250,0.238,0.838,5.900
6203808917,Actual,DZ114328,31/10/2025,kWh,generation,0.000,0.000,0.000,0.000,0.000,0.000,0.000,0.000,0.000,0.000,0.000,0.000,0.000,0.000,0.013,0.000,0.013,0.025,0.025,0.513,0.425,0.513,1.175,0.913,0.725,1.250,1.925,1.875,1.288,2.400,1.663,0.850,0.325,0.075,0.000,0.000,0.013,0.000,0.000,0.000,0.000,0.013,0.000,0.000,0.000,0.000,0.000,0.000
6203808917,Actual,DZ114328,01/11/2025,kWh,consumption,5.900,5.875,5.875,5.850,5.850,2.425,0.200,0.213,0.213,0.200,0.200,0.125,0.025,0.363,0.825,0.138,0.013,0.000,0.000,0.000,0.000,0.000,0.000,0.000,0.000,0.000,0.000,0.000,0.000,0.000,0.000,0.000,0.000,0.000,0.000,0.000,0.000,0.013,0.013,0.000,1.375,1.313,1.275,1.500,1.513,1.213,1.213,1.200
6203808917,Actual,DZ114328,01/11/2025,kWh,generation,0.000,0.000,0.000,0.000,0.000,0.000,0.000,0.000,0.000,0.000,0.000,0.000,0.000,0.000,0.013,0.000,0.013,1.563,2.100,2.775,4.050,4.600,4.313,4.750,4.788,4.825,4.713,4.725,4.688,4.275,4.038,3.213,2.950,2.263,1.475,0.675,0.050,0.025,0.013,0.000,0.000,0.000,0.000,0.000,0.000,0.000,0.000,0.000
6203808917,Actual,DZ114328,02/11/2025,kWh,consumption,1.188,1.200,0.238,0.238,0.238,0.238,0.238,3.263,6.225,6.825,6.838,4.513,1.038,0.725,0.150,0.013,0.000,0.000,0.000,0.000,0.000,0.000,0.000,0.000,0.000,0.000,0.000,0.000,0.000,0.000,0.000,0.000,0.000,0.000,0.000,0.000,0.000,0.013,0.000,0.000,1.263,2.263,5.888,0.738,0.988,0.313,0.288,0.250
6203808917,Actual,DZ114328,02/11/2025,kWh,generation,0.000,0.000,0.000,0.000,0.000,0.000,0.000,0.000,0.000,0.000,0.000,0.000,0.000,0.000,0.000,0.013,0.000,2.013,1.438,2.738,2.213,2.863,3.500,3.250,4.475,4.613,4.175,3.025,3.488,3.038,3.350,3.250,2.775,1.025,0.313,0.038,0.000,0.000,0.013,0.000,0.000,0.000,0.000,0.000,0.000,0.000,0.000,0.000
6203808917,Actual,DZ114328,03/11/2025,kWh,consumption,0.250,0.263,0.238,0.238,0.238,0.250,0.238,0.238,1.338,1.200,1.213,1.250,1.188,1.650,1.463,0.150,0.188,0.100,0.075,0.538,0.588,0.438,0.100,0.000,0.013,0.013,0.025,0.000,0.000,0.000,0.000,0.000,0.000,0.000,0.050,0.025,0.013,0.000,0.013,0.000,0.425,0.375,0.275,5.463,5.888,5.788,0.288,0.288
6203808917,Actual,DZ114328,03/11/2025,kWh,generation,0.000,0.000,0.000,0.000,0.000,0.000,0.000,0.000,0.000,0.000,0.000,0.000,0.000,0.000,0.000,0.000,0.000,0.000,0.000,0.000,0.000,0.000,0.000,0.013,0.013,0.013,0.063,1.463,0.575,0.550,0.438,0.288,1.663,0.313,0.050,0.025,0.013,0.013,0.013,0.000,0.000,0.000,0.000,0.000,0.000,0.000,0.000,0.000
6203808917,Actual,DZ114328,04/11/2025,kWh,consumption,0.275,0.275,0.275,0.275,0.250,0.263,0.263,0.250,0.325,1.225,1.950,1.775,2.713,0.788,0.375,4.463,4.900,0.475,0.075,0.013,0.013,0.013,0.000,0.000,0.000,0.000,0.000,0.000,0.000,0.000,0.000,0.000,0.000,0.000,0.000,0.000,0.013,0.000,0.000,0.013,0.613,0.288,0.275,0.263,4.550,6.813,6.838,6.838
6203808917,Actual,DZ114328,04/11/2025,kWh,generation,0.000,0.000,0.000,0.000,0.000,0.000,0.000,0.000,0.000,0.000,0.000,0.000,0.000,0.000,0.000,0.000,0.000,0.000,0.013,0.075,0.850,1.138,1.788,2.388,2.400,1.763,1.050,0.913,1.750,1.075,1.513,1.863,1.100,1.188,0.438,0.000,0.013,0.000,0.000,0.000,0.000,0.000,0.000,0.000,0.000,0.000,0.000,0.000
6203808917,Actual,DZ114328,05/11/2025,kWh,consumption,4.288,1.263,1.263,1.488,1.538,1.150,1.150,1.150,1.150,1.150,1.500,1.088,0.900,0.638,0.038,0.050,0.500,0.013,0.000,0.000,0.000,0.000,0.000,0.000,0.000,0.000,0.000,0.000,0.000,0.000,0.000,0.400,0.000,0.000,0.000,0.000,0.000,0.013,0.000,0.025,1.150,0.413,0.338,0.388,0.288,0.338,0.425,0.900
6203808917,Actual,DZ114328,05/11/2025,kWh,generation,0.000,0.000,0.000,0.000,0.000,0.000,0.000,0.000,0.000,0.000,0.000,0.000,0.000,0.000,0.013,0.050,0.050,0.725,3.038,2.800,2.825,2.025,1.988,3.050,2.500,3.725,3.438,2.825,2.113,1.325,1.700,0.513,0.088,0.500,0.463,0.513,0.100,0.000,0.000,0.000,0.000,0.000,0.000,0.000,0.000,0.000,0.000,0.000
6203808917,Actual,DZ114328,06/11/2025,kWh,consumption,0.250,0.238,0.238,0.225,1.138,1.263,1.263,1.225,1.213,1.225,1.188,1.138,2.113,1.188,0.325,0.013,0.013,0.000,0.000,0.000,0.000,0.000,0.050,2.650,2.338,0.225,0.000,0.000,0.000,0.000,0.000,0.000,0.000,0.013,0.000,0.000,0.000,0.000,0.013,0.000,0.313,0.275,1.663,0.600,0.275,0.338,0.275,0.263
6203808917,Actual,DZ114328,06/11/2025,kWh,generation,0.000,0.000,0.000,0.000,0.000,0.000,0.000,0.000,0.000,0.000,0.000,0.000,0.000,0.000,0.013,0.013,0.825,3.088,3.725,3.513,3.350,3.475,3.000,0.000,0.000,0.363,3.713,3.875,1.888,1.138,1.538,0.675,0.625,0.338,0.050,0.013,0.000,0.000,0.025,0.000,0.000,0.000,0.000,0.000,0.000,0.000,0.000,0.000
6203808917,Actual,DZ114328,07/11/2025,kWh,consumption,0.250,0.250,0.250,0.250,0.250,0.250,0.250,0.250,0.250,1.188,1.238,2.238,0.875,0.900,0.988,0.000,0.013,0.000,0.013,0.000,0.000,0.000,0.000,0.000,0.000,0.175,0.113,0.013,0.000,0.000,0.000,0.000,0.000,0.000,0.000,0.000,0.000,0.000,0.013,0.513,0.400,0.613,0.638,0.625,0.838,0.588,0.263,0.688
6203808917,Actual,DZ114328,07/11/2025,kWh,generation,0.000,0.000,0.000,0.000,0.000,0.000,0.000,0.000,0.000,0.000,0.000,0.000,0.000,0.000,0.000,0.000,0.013,0.000,0.288,1.825,0.425,0.575,0.463,0.875,1.525,2.400,0.013,0.125,0.200,0.463,0.063,0.013,0.000,0.038,0.000,0.013,0.000,0.000,0.013,0.000,0.000,0.000,0.000,0.000,0.000,0.000,0.000,0.000
6203808917,Actual,DZ114328,08/11/2025,kWh,consumption,0.238,0.250,0.263,0.263,0.250,0.263,0.275,0.300,0.275,0.263,0.263,0.238,0.050,0.000,0.075,0.013,0.325,0.225,0.025,0.013,0.000,0.013,0.000,0.000,0.000,0.000,0.000,0.000,0.000,0.000,0.000,0.013,0.000,0.000,0.000,0.000,0.000,0.013,0.000,0.000,1.213,1.213,1.200,1.225,1.675,1.588,1.213,1.713
6203808917,Actual,DZ114328,08/11/2025,kWh,generation,0.000,0.000,0.000,0.000,0.000,0.000,0.000,0.000,0.000,0.000,0.000,0.000,0.000,0.000,0.000,0.013,0.013,0.038,0.013,0.013,0.175,0.138,0.963,1.425,2.125,1.738,1.425,0.150,0.663,1.063,0.488,0.000,0.638,0.263,0.500,0.000,0.000,0.013,0.000,0.000,0.000,0.000,0.000,0.000,0.000,0.000,0.000,0.000
6203808917,Actual,DZ114328,09/11/2025,kWh,consumption,1.375,1.225,0.263,0.263,0.263,0.538,0.263,0.250,0.250,0.238,0.238,0.075,0.000,0.163,0.975,0.238,0.763,0.188,0.150,0.025,0.000,0.000,0.000,0.000,0.000,0.000,0.000,0.000,0.000,0.000,0.000,2.650,3.275,2.913,3.138,5.038,5.900,3.325,2.063,1.938,1.925,2.175,1.713,1.613,1.250,1.000,1.613,1.838
6203808917,Actual,DZ114328,09/11/2025,kWh,generation,0.000,0.000,0.000,0.000,0.000,0.000,0.000,0.000,0.000,0.000,0.000,0.000,0.013,0.013,0.000,0.038,0.000,0.175,0.050,0.288,1.900,2.275,2.100,1.950,2.775,1.913,1.000,1.938,2.763,2.213,1.263,0.163,0.000,0.000,0.000,0.000,0.000,0.000,0.000,0.000,0.000,0.000,0.000,0.000,0.000,0.000,0.000,0.000
6203808917,Actual,DZ114328,10/11/2025,kWh,consumption,1.475,1.175,0.250,0.238,0.238,0.225,1.550,0.225,0.238,1.488,1.163,1.013,0.813,0.588,0.225,0.013,0.050,0.063,0.050,0.025,0.013,0.013,0.000,0.000,0.000,0.000,0.000,0.000,0.000,0.000,0.000,0.013,0.000,0.013,0.000,0.000,0.013,0.013,0.000,0.013,0.300,0.825,0.913,0.663,1.100,0.613,0.500,0.225
6203808917,Actual,DZ114328,10/11/2025,kWh,generation,0.000,0.000,0.000,0.000,0.000,0.000,0.000,0.000,0.000,0.000,0.000,0.000,0.000,0.000,0.000,0.013,0.063,0.075,0.425,0.825,0.025,0.363,0.813,0.963,0.875,1.588,1.275,1.750,1.225,2.488,1.413,0.000,0.013,0.000,0.013,0.000,0.013,0.013,0.013,0.000,0.000,0.000,0.000,0.000,0.000,0.000,0.000,0.000
6203808917,Actual,DZ114328,11/11/2025,kWh,consumption,5.488,7.338,6.888,4.888,1.213,1.250,1.250,1.225,1.213,1.213,1.338,1.763,1.700,2.200,1.188,0.213,0.138,0.063,0.375,0.013,0.013,0.000,0.000,0.000,0.000,0.000,0.000,0.013,0.000,0.000,0.000,0.000,0.000,0.000,0.025,0.000,0.488,0.013,0.000,0.013,0.363,0.350,0.575,0.400,0.300,0.650,0.675,0.275
6203808917,Actual,DZ114328,11/11/2025,kWh,generation,0.000,0.000,0.000,0.000,0.000,0.000,0.000,0.000,0.000,0.000,0.000,0.000,0.000,0.000,0.000,0.038,0.038,0.313,0.763,1.475,0.263,2.213,4.175,1.025,2.488,2.425,3.788,1.738,2.200,1.463,3.088,1.875,2.875,0.950,0.650,0.950,0.013,0.013,0.000,0.000,0.000,0.000,0.000,0.000,0.000,0.000,0.000,0.000
6203808917,Actual,DZ114328,12/11/2025,kWh,consumption,0.263,0.263,0.263,0.250,1.413,0.263,0.263,0.250,0.263,1.213,1.500,1.175,0.825,1.413,0.588,0.063,0.025,0.000,0.000,0.250,0.000,0.000,0.000,0.000,0.000,0.000,0.000,0.000,0.000,0.000,0.000,0.313,0.000,0.000,0.000,0.000,0.000,0.000,0.013,0.000,0.500,0.513,0.275,0.263,1.175,0.375,0.338,0.288
6203808917,Actual,DZ114328,12/11/2025,kWh,generation,0.000,0.000,0.000,0.000,0.000,0.000,0.000,0.000,0.000,0.000,0.000,0.000,0.000,0.000,0.013,0.063,1.500,2.550,1.875,1.088,2.288,3.325,2.688,3.325,2.888,3.488,2.888,2.600,2.375,2.125,2.375,0.950,1.400,1.713,0.713,0.650,0.100,0.013,0.013,0.000,0.000,0.000,0.000,0.000,0.000,0.000,0.000,0.000
6203808917,Actual,DZ114328,13/11/2025,kWh,consumption,0.413,0.638,0.638,0.850,0.625,0.613,0.613,0.613,0.863,2.500,1.538,1.450,1.313,0.975,0.388,0.025,0.000,0.000,0.000,0.000,0.000,0.025,0.013,0.000,0.000,0.000,0.000,0.000,0.000,0.000,0.000,0.000,0.000,0.000,0.288,0.000,0.000,0.000,0.000,0.013,0.113,0.600,0.588,0.588,0.575,0.313,0.538,1.775
6203808917,Actual,DZ114328,13/11/2025,kWh,generation,0.000,0.000,0.000,0.000,0.000,0.000,0.000,0.000,0.000,0.000,0.000,0.000,0.000,0.000,0.013,0.025,1.888,3.375,3.550,4.275,4.188,4.100,3.900,4.313,4.638,4.675,4.738,4.763,4.725,4.713,3.325,3.300,1.438,1.438,0.688,0.538,0.063,0.013,0.000,0.013,0.025,0.000,0.000,0.000,0.000,0.000,0.000,0.000
6203808917,Actual,DZ114328,14/11/2025,kWh,consumption,0.413,0.725,0.288,0.263,0.263,0.250,0.250,0.263,0.250,1.188,0.750,0.063,0.950,0.000,0.038,0.050,0.000,0.000,0.000,0.000,0.000,0.000,0.000,0.000,0.038,0.000,0.000,0.000,0.000,0.000,0.000,0.000,0.000,0.000,0.000,0.000,0.000,0.400,0.038,0.038,0.250,0.375,0.263,0.263,0.250,0.263,0.263,0.250
6203808917,Actual,DZ114328,14/11/2025,kWh,generation,0.000,0.000,0.000,0.000,0.000,0.000,0.000,0.000,0.000,0.000,0.000,0.000,0.013,0.000,0.038,0.600,2.150,3.263,4.075,3.725,4.550,4.125,4.788,4.800,4.400,4.313,4.800,4.813,4.725,4.700,4.375,3.838,3.238,2.413,1.500,0.438,0.025,0.013,0.038,0.038,0.000,0.000,0.000,0.000,0.000,0.000,0.000,0.000
6203808917,Actual,DZ114328,15/11/2025,kWh,consumption,0.238,0.250,1.238,0.263,0.250,0.238,0.250,0.238,0.250,0.238,0.225,0.200,0.125,0.000,0.125,0.513,0.013,0.013,0.000,0.000,0.000,0.000,0.000,0.000,0.000,0.000,0.000,0.000,0.288,0.000,0.000,0.000,0.000,0.000,0.000,0.000,0.000,0.013,0.000,0.000,1.388,1.250,1.200,1.188,1.175,1.188,1.188,1.188
6203808917,Actual,DZ114328,15/11/2025,kWh,generation,0.000,0.000,0.000,0.000,0.000,0.000,0.000,0.000,0.000,0.000,0.000,0.000,0.000,0.000,0.000,0.013,0.025,1.200,2.650,2.975,3.538,3.325,2.400,1.988,3.975,4.363,4.175,3.350,2.588,2.750,3.425,3.075,1.800,2.725,1.350,0.913,0.100,0.013,0.000,0.000,0.000,0.000,0.000,0.000,0.000,0.000,0.000,0.000
6203808917,Actual,DZ114328,16/11/2025,kWh,consumption,1.188,1.200,0.250,0.313,0.338,1.400,0.263,0.275,0.263,0.263,0.250,0.138,0.038,0.000,0.363,0.163,0.013,0.000,0.925,0.338,0.213,0.025,0.013,0.013,0.000,0.000,0.000,0.000,0.013,0.000,0.000,0.288,0.000,0.000,0.000,0.013,0.000,0.013,0.000,0.000,1.313,1.338,1.375,1.550,2.450,1.538,1.563,1.275
6203808917,Actual,DZ114328,16/11/2025,kWh,generation,0.000,0.000,0.000,0.000,0.000,0.000,0.000,0.000,0.000,0.000,0.000,0.000,0.000,0.013,0.000,0.000,0.013,0.013,0.000,0.000,0.000,0.025,0.025,0.138,3.488,3.088,2.838,3.525,1.250,2.825,2.600,1.638,1.888,0.013,0.013,0.000,0.013,0.013,0.000,0.000,0.000,0.000,0.000,0.000,0.000,0.000,0.000,0.000
6203808917,Actual,DZ114328,17/11/2025,kWh,consumption,1.200,1.200,0.225,0.225,0.225,0.213,0.225,0.225,0.713,1.700,1.138,1.025,1.475,1.225,0.688,0.075,0.063,0.000,0.000,0.000,0.000,0.063,0.000,0.000,0.000,0.000,0.000,0.000,0.000,0.000,0.000,0.000,0.000,0.000,0.300,0.013,0.013,0.000,0.000,0.025,1.088,0.350,0.425,0.613,0.650,0.438,0.238,1.175
6203808917,Actual,DZ114328,17/11/2025,kWh,generation,0.000,0.000,0.000,0.000,0.000,0.000,0.000,0.000,0.000,0.000,0.000,0.000,0.000,0.000,0.000,0.063,0.063,0.263,2.063,2.213,2.388,2.138,1.925,2.125,2.500,3.163,2.038,1.750,2.275,1.113,2.500,1.200,0.900,0.625,0.150,0.013,0.013,0.000,0.013,0.013,0.000,0.000,0.000,0.000,0.000,0.000,0.000,0.000
6203808917,Actual,DZ114328,18/11/2025,kWh,consumption,0.250,0.250,0.250,0.238,0.238,0.238,0.250,0.238,0.238,1.263,1.200,1.000,1.763,0.613,0.350,0.075,0.075,0.013,0.000,0.000,0.000,0.000,0.000,0.000,0.000,0.188,0.000,0.000,0.000,0.000,0.000,0.000,0.000,0.000,0.000,0.000,0.013,0.388,0.013,0.000,0.575,0.575,0.525,0.263,0.275,0.263,0.263,0.263
6203808917,Actual,DZ114328,18/11/2025,kWh,generation,0.000,0.000,0.000,0.000,0.000,0.000,0.000,0.000,0.000,0.000,0.000,0.000,0.000,0.000,0.000,0.050,0.063,0.863,1.975,1.813,2.613,1.400,2.638,3.525,3.288,0.738,2.500,2.313,1.963,1.925,1.000,1.425,1.788,0.863,0.738,0.075,0.038,0.000,0.013,0.000,0.000,0.000,0.000,0.000,0.000,0.000,0.000,0.000
6203808917,Actual,DZ114328,19/11/2025,kWh,consumption,0.263,0.263,1.188,0.250,0.250,0.263,0.250,0.250,0.313,1.263,1.138,0.988,0.688,0.388,0.875,0.338,0.063,0.000,0.000,0.000,0.000,0.000,0.000,0.000,0.000,0.000,0.000,0.038,0.000,0.000,0.000,0.000,0.000,0.000,0.000,0.000,0.000,0.013,0.000,0.013,1.350,0.288,0.288,0.450,0.263,0.325,0.275,0.263
6203808917,Actual,DZ114328,19/11/2025,kWh,generation,0.000,0.000,0.000,0.000,0.000,0.000,0.000,0.000,0.000,0.000,0.000,0.000,0.000,0.013,0.000,0.075,0.150,1.588,2.713,2.963,3.888,4.775,4.725,4.663,4.713,4.763,4.575,2.388,2.363,3.288,4.375,3.875,3.013,2.413,0.875,0.088,0.000,0.013,0.000,0.013,0.000,0.000,0.000,0.000,0.000,0.000,0.000,0.000
6203808917,Actual,DZ114328,20/11/2025,kWh,consumption,0.263,0.263,0.275,0.263,0.263,1.188,0.263,0.263,0.250,1.213,1.175,1.113,1.475,0.925,1.063,0.063,0.013,0.063,0.163,0.000,0.000,0.000,0.000,0.000,0.000,0.000,0.000,0.000,0.000,0.000,0.075,0.000,0.000,0.000,0.000,0.000,0.000,0.000,0.013,0.000,0.000,0.013,0.075,0.650,1.275,0.663,0.650,0.338
6203808917,Actual,DZ114328,20/11/2025,kWh,generation,0.000,0.000,0.000,0.000,0.000,0.000,0.000,0.000,0.000,0.000,0.000,0.000,0.000,0.000,0.000,0.063,1.650,3.075,2.775,4.575,4.525,4.375,3.600,2.338,1.700,1.638,2.063,2.750,2.125,1.888,2.363,3.325,2.038,1.888,1.488,0.713,0.175,0.000,0.000,0.000,0.013,0.000,0.000,0.000,0.000,0.000,0.000,0.000
6203808917,Actual,DZ114328,21/11/2025,kWh,consumption,0.263,0.263,0.263,0.250,0.263,0.263,0.263,0.250,0.700,1.688,1.125,1.050,1.550,1.038,0.563,0.063,0.013,0.000,0.000,0.000,0.000,0.063,0.000,0.000,0.000,0.000,0.000,0.000,0.000,0.000,0.000,0.000,0.000,0.000,0.175,0.000,0.013,0.000,0.000,0.000,0.225,0.238,0.238,0.238,0.238,0.225,0.250,1.213
6203808917,Actual,DZ114328,21/11/2025,kWh,generation,0.000,0.000,0.000,0.000,0.000,0.000,0.000,0.000,0.000,0.000,0.000,0.000,0.000,0.000,0.013,0.075,1.800,3.375,3.238,4.488,4.588,4.300,3.963,3.050,4.263,4.613,4.738,4.750,4.750,4.650,4.463,4.063,3.050,2.188,0.613,0.950,0.013,0.013,0.000,0.000,0.013,0.000,0.000,0.000,0.000,0.000,0.000,0.000
6203808917,Actual,DZ114328,22/11/2025,kWh,consumption,0.263,0.275,0.250,0.263,0.250,0.263,0.250,0.250,0.263,0.250,0.238,0.588,0.475,0.013,0.188,0.088,0.000,0.013,0.000,0.000,0.000,0.000,0.000,0.000,0.150,0.000,0.000,0.000,0.000,0.000,0.000,0.000,0.000,0.000,0.000,0.000,0.000,0.413,0.000,0.013,1.250,1.263,1.250,1.263,1.263,1.263,1.263,1.263
6203808917,Actual,DZ114328,22/11/2025,kWh,generation,0.000,0.000,0.000,0.000,0.000,0.000,0.000,0.000,0.000,0.000,0.000,0.000,0.000,0.000,0.000,0.013,0.050,0.838,0.813,0.463,0.750,1.638,1.813,2.275,2.400,3.675,2.688,2.600,4.038,3.725,2.125,0.763,0.688,0.488,0.450,0.175,0.000,0.013,0.000,0.000,0.000,0.000,0.000,0.000,0.000,0.000,0.000,0.000
6203808917,Actual,DZ114328,23/11/2025,kWh,consumption,1.275,1.250,1.213,0.275,0.263,0.275,0.263,0.275,0.263,0.275,0.263,0.250,0.088,0.025,1.138,0.750,0.000,0.013,0.000,0.000,0.025,0.000,0.000,0.000,0.000,0.000,0.000,0.225,0.050,0.000,0.000,0.000,0.000,0.000,0.000,0.000,0.013,0.000,0.000,0.013,2.225,1.225,1.475,1.213,1.575,1.200,1.200,1.188
6203808917,Actual,DZ114328,23/11/2025,kWh,generation,0.000,0.000,0.000,0.000,0.000,0.000,0.000,0.000,0.000,0.000,0.000,0.000,0.000,0.000,0.000,0.013,0.000,0.000,0.013,0.013,0.013,0.013,0.125,0.375,1.038,1.000,1.250,0.950,0.538,0.800,0.575,0.288,1.038,0.563,0.263,0.025,0.013,0.000,0.000,0.000,0.000,0.000,0.000,0.000,0.000,0.000,0.000,0.000
6203808917,Actual,DZ114328,24/11/2025,kWh,consumption,1.200,1.200,0.250,0.250,0.250,1.188,0.250,0.250,0.338,1.175,1.150,1.063,0.750,0.800,0.113,0.013,0.000,0.000,0.138,0.000,0.000,0.000,0.000,0.000,0.000,0.000,0.000,0.000,0.000,0.000,0.000,0.163,0.000,0.000,0.000,0.000,0.000,0.000,0.013,0.000,0.000,0.013,0.000,1.050,0.250,0.250,0.238,0.250
6203808917,Actual,DZ114328,24/11/2025,kWh,generation,0.000,0.000,0.000,0.000,0.000,0.000,0.000,0.000,0.000,0.000,0.000,0.000,0.000,0.000,0.013,0.000,1.638,3.038,2.550,4.163,4.525,4.738,4.738,4.750,4.575,4.125,3.575,3.838,3.563,2.725,2.850,0.713,1.950,1.388,1.025,0.763,0.238,0.013,0.000,0.000,0.000,0.000,0.013,0.000,0.000,0.000,0.000,0.000
6203808917,Actual,DZ114328,25/11/2025,kWh,consumption,0.250,0.250,0.250,0.238,0.250,0.238,0.250,0.250,0.238,1.175,1.150,1.050,0.963,0.638,0.075,0.000,0.000,0.000,0.000,0.000,0.000,0.000,0.000,0.000,0.000,0.000,0.000,0.000,0.000,0.000,0.000,0.313,0.000,0.000,0.000,0.000,0.013,0.000,0.000,0.000,0.013,0.000,1.238,0.275,0.275,0.288,0.275,0.313
6203808917,Actual,DZ114328,25/11/2025,kWh,generation,0.000,0.000,0.000,0.000,0.000,0.000,0.000,0.000,0.000,0.000,0.000,0.000,0.000,0.000,0.000,0.013,2.163,3.200,3.825,4.400,4.700,4.763,4.788,4.788,4.688,4.300,4.800,4.788,4.738,4.638,4.363,1.688,2.038,2.313,1.838,0.525,0.000,0.000,0.000,0.013,0.000,0.000,0.000,0.000,0.000,0.000,0.000,0.000
6203808917,Actual,DZ114328,26/11/2025,kWh,consumption,0.275,0.263,0.275,0.275,0.263,0.263,1.125,0.363,0.263,1.275,1.200,1.050,0.963,0.563,0.263,0.175,0.325,0.113,0.013,0.063,0.000,0.000,0.000,0.000,0.000,0.000,0.000,0.000,0.000,0.000,0.000,0.050,0.000,0.000,0.000,0.000,0.000,0.000,0.013,0.013,0.425,0.325,0.263,1.138,0.288,0.263,0.250,0.250
6203808917,Actual,DZ114328,26/11/2025,kWh,generation,0.000,0.000,0.000,0.000,0.000,0.000,0.000,0.000,0.000,0.000,0.000,0.000,0.000,0.000,0.000,0.013,0.013,0.013,0.500,2.425,2.888,2.513,1.925,3.125,2.175,3.313,4.700,3.613,2.875,2.838,3.338,2.150,3.438,2.325,0.988,0.563,0.150,0.000,0.013,0.000,0.000,0.000,0.000,0.000,0.000,0.000,0.000,0.000
6203808917,Actual,DZ114328,27/11/2025,kWh,consumption,0.250,0.250,0.263,0.263,0.250,0.250,0.263,0.250,1.163,1.188,1.300,1.025,0.588,0.613,0.288,0.013,0.013,0.000,0.000,0.000,0.063,0.000,0.000,0.000,0.000,0.000,0.000,0.000,0.000,0.000,0.000,0.000,0.075,0.000,0.000,0.000,0.000,0.000,0.000,0.000,0.013,0.000,0.000,0.225,1.450,0.438,0.275,0.275
6203808917,Actual,DZ114328,27/11/2025,kWh,generation,0.000,0.000,0.000,0.000,0.000,0.000,0.000,0.000,0.000,0.000,0.000,0.000,0.000,0.000,0.013,0.013,0.013,1.150,1.488,3.788,3.438,3.838,3.438,2.488,2.400,2.088,3.050,2.825,3.013,3.413,3.213,3.188,2.725,2.725,1.888,1.175,0.313,0.013,0.000,0.013,0.000,0.000,0.000,0.013,0.000,0.000,0.000,0.000
6203808917,Actual,DZ114328,28/11/2025,kWh,consumption,0.300,0.275,0.263,0.263,0.263,0.263,0.275,0.263,0.475,1.900,1.150,1.063,0.963,0.638,0.075,0.013,0.000,0.000,0.000,0.000,0.000,0.075,0.000,0.000,0.000,0.000,0.000,0.000,0.000,0.000,0.000,0.000,0.000,0.350,0.000,0.013,0.000,0.000,0.000,0.000,0.275,0.488,0.325,0.625,0.875,1.238,0.763,0.300
6203808917,Actual,DZ114328,28/11/2025,kWh,generation,0.000,0.000,0.000,0.000,0.000,0.000,0.000,0.000,0.000,0.000,0.000,0.000,0.000,0.000,0.000,0.013,1.863,2.813,3.625,3.813,3.563,2.338,3.438,3.975,3.650,4.013,2.313,1.350,1.063,0.575,0.700,0.113,0.175,0.113,0.000,0.013,0.000,0.013,0.000,0.013,0.000,0.000,0.000,0.000,0.000,0.000,0.000,0.000
6203808917,Actual,DZ114328,29/11/2025,kWh,consumption,0.288,0.250,0.300,0.275,0.250,0.250,0.238,0.250,0.250,0.238,1.150,0.213,0.388,0.275,0.913,1.088,0.600,0.400,0.013,0.025,0.000,0.000,0.425,0.000,0.000,0.000,0.000,0.000,0.000,0.000,0.000,0.000,0.000,0.000,0.425,0.013,0.000,0.050,0.063,0.050,1.650,1.388,1.363,1.325,1.238,1.238,2.025,1.200
6203808917,Actual,DZ114328,29/11/2025,kWh,generation,0.000,0.000,0.000,0.000,0.000,0.000,0.000,0.000,0.000,0.000,0.000,0.000,0.000,0.013,0.000,0.000,0.013,0.000,0.013,0.025,0.575,0.025,0.088,1.425,3.488,0.875,3.050,2.525,2.025,1.150,0.775,1.125,0.838,0.875,0.175,0.013,0.000,0.050,0.063,0.063,0.000,0.000,0.000,0.000,0.000,0.000,0.000,0.000
6203808917,Actual,DZ114328,30/11/2025,kWh,consumption,1.188,1.200,0.238,0.250,0.238,0.238,0.238,0.238,0.238,0.238,0.188,0.900,0.013,0.000,0.438,0.363,0.350,0.213,0.250,0.000,0.013,0.000,0.000,0.238,0.000,0.000,0.000,0.000,0.000,0.000,0.000,0.000,0.000,0.000,0.000,3.525,4.238,0.488,0.000,0.013,1.513,1.300,1.588,1.225,1.125,1.525,1.563,1.538
6203808917,Actual,DZ114328,30/11/2025,kWh,generation,0.000,0.000,0.000,0.000,0.000,0.000,0.000,0.000,0.000,0.000,0.000,0.000,0.013,0.000,0.000,0.025,0.000,0.000,0.013,0.013,0.688,2.125,1.838,0.900,3.038,3.713,2.775,3.363,2.663,2.625,1.200,2.475,0.813,2.225,1.763,0.000,0.000,0.000,0.013,0.000,0.000,0.000,0.000,0.000,0.000,0.000,0.000,0.000
6203808917,Actual,DZ114328,01/12/2025,kWh,consumption,1.200,1.150,0.250,0.238,0.250,1.475,0.250,0.238,0.238,1.163,1.125,1.250,1.350,1.138,0.525,0.088,0.038,0.013,0.000,0.013,0.000,0.000,0.000,0.000,0.000,0.000,0.000,0.000,0.000,0.000,0.000,0.000,0.000,0.000,0.000,0.000,0.000,0.013,0.000,0.025,0.700,0.450,0.313,5.950,6.038,6.813,6.800,3.413
6203808917,Actual,DZ114328,01/12/2025,kWh,generation,0.000,0.000,0.000,0.000,0.000,0.000,0.000,0.000,0.000,0.000,0.000,0.000,0.000,0.000,0.013,0.050,0.188,0.163,1.125,0.388,3.750,3.563,2.413,3.400,2.563,3.550,3.438,2.588,2.475,2.938,3.450,3.238,2.250,2.600,1.988,1.075,0.275,0.038,0.013,0.000,0.000,0.000,0.000,0.000,0.000,0.000,0.000,0.000
6203808917,Actual,DZ114328,02/12/2025,kWh,consumption,1.575,1.788,1.825,1.775,1.650,1.725,1.575,1.725,1.663,1.713,1.838,1.213,0.950,0.450,0.125,0.000,0.013,0.000,0.000,0.000,0.000,0.000,0.000,0.000,0.000,0.000,0.000,0.000,0.000,0.000,0.000,0.000,0.000,0.000,0.000,0.000,0.000,0.000,0.000,0.000,0.013,3.163,6.513,6.150,3.000,0.388,0.750,0.963
6203808917,Actual,DZ114328,02/12/2025,kWh,generation,0.000,0.000,0.000,0.000,0.000,0.000,0.000,0.000,0.000,0.000,0.000,0.000,0.000,0.000,0.013,0.000,1.988,2.638,1.463,2.375,2.725,2.400,2.888,2.225,2.150,1.513,2.000,1.213,1.125,0.863,1.500,1.388,0.825,0.863,0.325,0.488,0.113,0.000,0.013,0.000,0.000,0.000,0.000,0.000,0.000,0.000,0.000,0.000
6203808917,Actual,DZ114328,03/12/2025,kWh,consumption,0.925,0.913,0.700,0.575,0.313,0.288,0.275,0.288,0.288,1.200,1.150,1.088,1.013,1.000,1.663,0.088,0.013,0.000,0.000,0.000,0.000,0.000,0.000,0.000,0.000,0.000,0.000,0.000,0.000,0.000,0.000,0.000,0.000,0.000,0.000,0.000,0.000,0.013,0.000,0.013,0.388,0.450,0.450,0.425,0.425,0.500,0.775,0.375
6203808917,Actual,DZ114328,03/12/2025,kWh,generation,0.000,0.000,0.000,0.000,0.000,0.000,0.000,0.000,0.000,0.000,0.000,0.000,0.000,0.000,0.000,0.075,1.013,3.113,3.713,2.463,2.288,4.613,4.613,4.600,4.625,4.638,4.675,4.625,4.625,4.500,4.150,3.675,3.113,2.500,1.738,1.038,0.413,0.013,0.000,0.013,0.000,0.000,0.000,0.000,0.000,0.000,0.000,0.000
6203808917,Actual,DZ114328,04/12/2025,kWh,consumption,0.463,0.325,0.325,0.325,0.325,0.313,0.313,0.313,0.313,1.263,5.763,5.613,5.188,1.175,0.663,0.013,0.000,0.013,0.000,0.000,0.000,0.000,0.000,0.000,0.000,0.000,0.000,0.000,0.000,0.000,0.000,0.000,0.000,0.000,0.000,0.000,0.000,0.000,0.000,0.013,0.025,0.000,0.288,0.325,0.338,0.313,0.313,0.313
6203808917,Actual,DZ114328,04/12/2025,kWh,generation,0.000,0.000,0.000,0.000,0.000,0.000,0.000,0.000,0.000,0.000,0.000,0.000,0.000,0.000,0.000,0.013,0.000,0.013,0.000,1.113,1.375,1.300,3.100,2.313,3.775,2.600,2.813,3.175,3.038,2.663,3.813,1.175,2.188,0.838,0.563,1.050,0.225,0.025,0.000,0.013,0.000,0.000,0.000,0.000,0.000,0.000,0.000,0.000
6203808917,Actual,DZ114328,05/12/2025,kWh,consumption,0.300,0.300,0.300,0.300,0.300,0.300,0.300,0.300,0.300,1.275,5.813,5.738,5.425,4.888,0.463,0.013,0.025,0.000,0.000,0.000,0.000,0.000,0.000,0.000,0.000,0.000,0.000,0.000,0.000,0.000,0.000,0.000,0.000,0.000,0.000,0.000,0.000,0.013,0.000,0.000,0.013,0.000,0.263,0.350,0.350,0.550,0.350,0.713
6203808917,Actual,DZ114328,05/12/2025,kWh,generation,0.000,0.000,0.000,0.000,0.000,0.000,0.000,0.000,0.000,0.000,0.000,0.000,0.000,0.000,0.000,0.013,0.188,1.763,2.513,2.563,4.463,2.888,4.088,2.488,4.163,4.563,4.663,4.638,3.488,2.863,3.275,3.500,3.063,2.113,1.338,0.738,0.450,0.025,0.000,0.013,0.000,0.000,0.000,0.000,0.000,0.000,0.000,0.000
6203808917,Actual,DZ114328,06/12/2025,kWh,consumption,0.300,0.288,0.288,0.288,0.288,0.288,0.300,0.288,0.288,0.288,2.300,0.050,0.013,0.000,0.613,1.113,0.325,0.250,0.775,1.075,0.563,0.538,0.250,4.638,0.100,0.013,0.025,0.000,0.000,0.000,0.000,0.013,0.000,0.013,0.000,0.013,0.000,0.013,0.000,0.000,1.475,2.013,6.150,4.400,1.425,1.588,1.625,1.625
6203808917,Actual,DZ114328,06/12/2025,kWh,generation,0.000,0.000,0.000,0.000,0.000,0.000,0.000,0.000,0.000,0.000,0.000,0.000,0.000,0.013,0.000,0.000,0.000,0.013,0.000,0.000,0.000,0.000,0.000,0.000,0.000,0.013,0.125,0.650,0.738,0.588,0.750,0.000,0.013,0.000,0.013,0.000,0.000,0.013,0.013,0.000,0.000,0.000,0.000,0.000,0.000,0.000,0.000,0.000
6203808917,Actual,DZ114328,07/12/2025,kWh,consumption,1.475,1.563,0.350,0.325,0.338,0.313,0.300,0.300,0.300,0.288,4.825,4.250,0.063,0.000,0.325,0.125,0.075,0.100,0.000,0.000,0.013,0.000,0.000,0.000,0.000,0.000,0.000,0.000,0.000,0.000,0.000,0.325,1.263,0.825,0.013,0.000,0.000,0.013,0.000,0.050,1.775,1.613,1.875,1.625,2.025,1.350,0.663,0.588
6203808917,Actual,DZ114328,07/12/2025,kWh,generation,0.000,0.000,0.000,0.000,0.000,0.000,0.000,0.000,0.000,0.000,0.000,0.000,0.000,0.013,0.000,0.050,0.075,0.100,1.025,2.400,1.700,2.250,1.625,2.100,3.225,3.125,3.763,4.188,4.588,4.375,4.200,2.125,0.000,0.000,0.063,0.313,0.063,0.013,0.013,0.038,0.000,0.000,0.000,0.000,0.000,0.000,0.000,0.000
6203808917,Actual,DZ114328,08/12/2025,kWh,consumption,0.350,0.350,0.388,0.363,0.350,0.338,0.338,0.313,0.300,1.250,5.700,4.775,0.775,0.450,0.213,0.000,0.013,0.000,0.000,0.000,0.000,0.000,0.000,0.000,0.000,0.000,0.000,0.000,0.000,0.000,0.000,0.000,0.000,0.000,0.000,0.000,0.000,0.013,0.000,0.000,0.000,0.013,0.000,0.300,0.288,0.300,0.313,0.363
6203808917,Actual,DZ114328,08/12/2025,kWh,generation,0.000,0.000,0.000,0.000,0.000,0.000,0.000,0.000,0.000,0.000,0.000,0.000,0.000,0.000,0.000,0.013,0.013,1.575,3.538,3.813,3.013,2.488,1.450,2.275,1.763,3.613,1.400,1.613,2.838,4.050,3.625,3.538,2.688,2.713,2.038,0.938,0.438,0.013,0.013,0.000,0.000,0.000,0.013,0.000,0.000,0.000,0.000,0.000
6203808917,Actual,DZ114328,09/12/2025,kWh,consumption,0.375,0.363,0.350,0.350,0.338,0.325,0.338,0.325,0.363,1.250,5.738,5.613,5.450,5.000,1.650,0.013,0.000,0.000,0.000,0.000,0.000,0.000,0.000,0.000,0.000,0.000,0.000,0.000,0.000,0.000,0.000,0.000,0.000,0.000,0.000,0.000,0.000,0.000,0.025,0.013,0.425,0.388,0.388,0.363,0.363,0.350,0.325,0.325
6203808917,Actual,DZ114328,09/12/2025,kWh,generation,0.000,0.000,0.000,0.000,0.000,0.000,0.000,0.000,0.000,0.000,0.000,0.000,0.000,0.000,0.000,0.025,1.700,2.000,3.625,3.663,4.225,4.338,4.725,4.725,4.638,4.713,4.713,4.738,4.688,4.500,4.188,3.850,3.350,2.663,1.763,1.138,0.450,0.050,0.000,0.013,0.000,0.000,0.000,0.000,0.000,0.000,0.000,0.000
6203808917,Actual,DZ114328,10/12/2025,kWh,consumption,0.275,0.275,0.275,0.263,0.275,0.263,0.263,0.263,0.250,1.200,5.675,5.550,5.150,4.838,2.425,0.013,0.013,0.013,0.000,0.000,0.000,0.000,0.000,0.000,0.000,0.000,0.000,0.000,0.138,0.150,0.000,0.000,0.000,0.000,0.000,0.000,0.000,0.000,0.013,0.000,0.000,0.188,0.325,0.375,0.375,0.325,0.325,0.300
6203808917,Actual,DZ114328,10/12/2025,kWh,generation,0.000,0.000,0.000,0.000,0.000,0.000,0.000,0.000,0.000,0.000,0.000,0.000,0.000,0.000,0.000,0.013,0.025,0.475,1.700,2.025,2.125,2.900,2.825,3.450,4.488,2.975,1.313,1.313,2.000,1.350,2.375,1.875,1.150,1.575,1.250,0.688,0.250,0.188,0.000,0.013,0.013,0.000,0.000,0.000,0.000,0.000,0.000,0.000
6203808917,Actual,DZ114328,11/12/2025,kWh,consumption,0.263,0.238,0.250,0.238,0.225,0.225,0.238,0.225,0.225,1.163,1.175,1.613,1.663,1.413,1.213,0.013,0.000,0.000,0.000,0.000,0.000,0.000,0.000,0.000,0.000,0.000,0.000,0.000,0.000,0.000,0.000,0.000,0.000,0.000,0.000,0.000,0.000,0.000,0.000,0.000,0.000,0.013,0.038,0.363,0.600,0.688,0.250,0.388
6203808917,Actual,DZ114328,11/12/2025,kWh,generation,0.000,0.000,0.000,0.000,0.000,0.000,0.000,0.000,0.000,0.000,0.000,0.000,0.000,0.000,0.000,0.013,1.575,2.900,3.563,3.663,4.213,4.500,4.413,4.563,4.800,4.813,4.813,4.763,4.813,4.713,4.588,4.125,3.788,2.275,0.888,1.038,0.625,0.200,0.000,0.013,0.000,0.000,0.038,0.013,0.000,0.000,0.000,0.000
6203808917,Actual,DZ114328,12/12/2025,kWh,consumption,0.488,0.250,0.263,0.250,0.238,0.225,0.225,0.200,0.213,1.150,5.650,5.613,5.563,5.263,4.650,2.988,0.163,0.000,0.000,0.000,0.000,0.000,0.000,0.000,0.000,0.000,0.000,0.000,0.000,0.000,0.000,0.000,0.000,0.000,0.000,0.000,0.000,0.000,0.000,0.000,0.013,0.000,0.000,0.013,0.250,0.263,0.238,0.288
6203808917,Actual,DZ114328,12/12/2025,kWh,generation,0.000,0.000,0.000,0.000,0.000,0.000,0.000,0.000,0.000,0.000,0.000,0.000,0.000,0.000,0.000,0.000,0.075,2.950,3.638,4.188,4.588,4.738,4.488,4.525,4.713,3.963,4.713,4.500,3.138,3.275,2.400,1.975,1.363,1.788,1.138,0.738,0.313,0.175,0.013,0.000,0.000,0.000,0.000,0.013,0.000,0.000,0.000,0.000
6203808917,Actual,DZ114328,13/12/2025,kWh,consumption,0.238,0.225,0.213,0.213,0.213,0.200,0.213,0.213,0.263,0.225,4.788,4.725,4.525,4.300,5.175,1.013,0.013,0.000,0.000,0.000,0.000,0.000,0.000,0.000,0.000,0.000,0.000,0.000,0.175,0.875,0.125,0.063,0.275,0.575,0.938,1.413,0.350,0.200,0.463,0.600,1.588,2.538,3.238,3.288,1.725,1.913,0.613,0.575
6203808917,Actual,DZ114328,13/12/2025,kWh,generation,0.000,0.000,0.000,0.000,0.000,0.000,0.000,0.000,0.000,0.000,0.000,0.000,0.000,0.000,0.000,0.013,0.013,0.000,1.500,2.550,3.500,3.675,3.925,4.675,4.550,4.300,4.000,2.613,0.050,0.000,0.000,0.013,0.163,0.025,0.000,0.000,0.000,0.000,0.000,0.000,0.000,0.000,0.000,0.000,0.000,0.000,0.000,0.000
6203808917,Actual,DZ114328,14/12/2025,kWh,consumption,0.600,0.963,0.813,0.750,0.513,0.250,0.250,0.238,0.225,0.225,4.750,4.738,2.050,0.000,0.088,0.025,0.013,0.025,0.013,0.013,0.000,0.013,0.000,0.000,0.000,0.000,0.000,0.000,0.038,1.575,1.813,0.238,0.000,0.000,0.000,0.000,0.000,0.000,0.013,0.000,2.025,2.263,2.188,1.638,0.925,0.625,0.763,1.100
6203808917,Actual,DZ114328,14/12/2025,kWh,generation,0.000,0.000,0.000,0.000,0.000,0.000,0.000,0.000,0.000,0.000,0.000,0.000,0.000,0.013,0.000,0.013,0.013,0.013,0.250,0.475,0.900,0.688,2.800,2.350,2.375,3.838,3.875,2.438,2.463,0.000,0.000,0.563,2.238,2.213,1.375,0.900,0.450,0.075,0.000,0.013,0.000,0.000,0.000,0.000,0.000,0.000,0.000,0.000
6203808917,Actual,DZ114328,15/12/2025,kWh,consumption,0.625,0.600,0.438,0.250,0.225,0.225,0.338,0.288,0.263,1.200,3.038,1.000,0.875,0.638,0.550,0.063,0.063,0.050,0.000,0.000,0.000,0.000,0.000,0.000,0.000,0.000,0.000,0.000,0.000,0.000,0.000,0.000,0.000,0.000,0.000,0.013,0.000,0.000,0.000,0.000,0.000,0.013,0.000,0.175,0.288,0.275,0.275,0.313
6203808917,Actual,DZ114328,15/12/2025,kWh,generation,0.000,0.000,0.000,0.000,0.000,0.000,0.000,0.000,0.000,0.000,0.000,0.000,0.000,0.000,0.000,0.050,0.088,0.188,1.488,3.088,3.538,3.250,2.500,3.125,2.800,3.425,3.175,3.775,3.463,3.663,3.738,3.000,3.650,2.825,1.675,1.325,0.563,0.100,0.000,0.013,0.000,0.000,0.000,0.000,0.000,0.000,0.000,0.000
6203808917,Actual,DZ114328,16/12/2025,kWh,consumption,1.100,1.225,1.313,0.313,0.213,0.213,0.213,0.213,0.200,1.163,1.100,1.000,0.775,0.675,0.500,0.013,0.025,0.013,0.000,0.000,0.000,0.000,0.000,0.000,0.000,0.000,0.000,0.000,0.000,0.000,0.000,0.000,0.000,0.000,0.000,0.000,0.000,2.850,3.325,3.375,5.400,1.050,1.213,1.600,1.625,0.375,0.338,0.325
6203808917,Actual,DZ114328,16/12/2025,kWh,generation,0.000,0.000,0.000,0.000,0.000,0.000,0.000,0.000,0.000,0.000,0.000,0.000,0.000,0.000,0.000,0.013,0.038,0.688,2.700,2.563,3.475,4.175,3.925,4.488,3.988,4.738,4.650,4.650,4.788,4.750,4.475,4.100,3.000,2.875,2.200,1.425,0.613,0.025,0.000,0.000,0.000,0.000,0.000,0.000,0.000,0.000,0.000,0.000
6203808917,Actual,DZ114328,17/12/2025,kWh,consumption,0.325,0.538,1.238,1.225,1.225,1.225,1.238,1.225,1.188,1.250,5.663,5.638,5.538,1.513,0.138,0.013,0.013,0.013,0.000,0.000,0.000,0.000,0.000,0.000,0.000,0.000,0.000,0.013,0.000,0.000,0.000,0.000,0.000,0.000,0.000,0.000,0.000,0.013,0.000,0.000,0.000,0.000,0.000,0.313,0.300,0.313,0.300,0.313
6203808917,Actual,DZ114328,17/12/2025,kWh,generation,0.000,0.000,0.000,0.000,0.000,0.000,0.000,0.000,0.000,0.000,0.000,0.000,0.000,0.000,0.013,0.013,0.013,0.013,0.813,3.825,4.488,4.713,4.738,4.738,4.650,4.738,4.713,1.838,4.663,4.538,4.038,3.838,2.263,2.763,1.500,1.238,0.525,0.025,0.013,0.000,0.000,0.000,0.013,0.000,0.000,0.000,0.000,0.000
6203808917,Actual,DZ114328,18/12/2025,kWh,consumption,0.325,0.350,0.350,0.300,0.288,0.263,0.275,0.263,0.263,1.200,5.713,5.138,0.988,0.713,0.163,0.000,0.000,0.000,0.000,0.000,0.000,0.000,0.000,0.000,0.000,0.000,0.000,0.000,0.000,0.000,0.000,0.000,0.000,0.000,0.000,0.000,0.000,0.013,0.000,0.000,0.013,0.013,0.275,0.250,0.275,0.263,0.250,0.250
6203808917,Actual,DZ114328,18/12/2025,kWh,generation,0.000,0.000,0.000,0.000,0.000,0.000,0.000,0.000,0.000,0.000,0.000,0.000,0.000,0.000,0.000,0.013,1.638,2.938,3.525,4.063,4.450,4.700,4.725,4.738,4.700,4.725,4.738,4.713,4.675,4.625,4.350,3.913,3.363,2.763,1.925,1.563,0.588,0.025,0.000,0.000,0.000,0.013,0.000,0.000,0.000,0.000,0.000,0.000
6203808917,Actual,DZ114328,19/12/2025,kWh,consumption,0.250,0.250,0.250,0.250,0.250,0.275,0.250,0.238,0.250,1.163,5.600,5.563,5.413,5.075,1.238,0.000,0.000,0.000,0.025,0.013,0.025,0.000,0.000,0.000,0.000,0.000,0.000,0.000,0.275,0.000,0.000,0.000,0.013,0.000,0.000,0.000,0.000,0.013,0.000,0.000,2.800,3.163,2.838,2.913,3.838,3.463,2.375,1.975
6203808917,Actual,DZ114328,19/12/2025,kWh,generation,0.000,0.000,0.000,0.000,0.000,0.000,0.000,0.000,0.000,0.000,0.000,0.000,0.000,0.000,0.000,0.000,0.013,0.000,0.025,0.025,0.013,0.013,0.250,0.650,0.500,0.613,0.700,1.113,0.338,0.325,0.025,0.025,0.013,0.125,0.888,0.125,0.000,0.000,0.000,0.013,0.000,0.000,0.000,0.000,0.000,0.000,0.000,0.000
6203808917,Actual,DZ114328,20/12/2025,kWh,consumption,1.813,0.700,0.413,0.813,0.300,0.313,0.300,0.300,0.313,0.300,4.850,4.888,4.850,4.788,5.588,1.500,0.625,0.350,0.163,0.038,0.013,0.000,0.025,0.013,0.000,0.000,0.250,0.550,0.100,0.000,0.000,0.000,0.013,0.225,0.150,0.013,0.375,0.175,0.100,2.013,3.175,2.400,2.938,2.288,2.488,1.875,2.713,1.950
6203808917,Actual,DZ114328,20/12/2025,kWh,generation,0.000,0.000,0.000,0.000,0.000,0.000,0.000,0.000,0.000,0.000,0.000,0.000,0.000,0.000,0.000,0.000,0.000,0.000,0.000,0.000,0.013,0.013,0.000,0.013,1.438,3.388,1.538,0.013,1.675,4.463,1.588,0.975,0.075,0.050,0.013,0.013,0.013,0.013,0.000,0.000,0.000,0.000,0.000,0.000,0.000,0.000,0.000,0.000
6203808917,Actual,DZ114328,21/12/2025,kWh,consumption,1.375,1.388,0.738,0.550,0.388,0.325,0.275,0.275,0.263,0.263,2.525,0.188,0.100,0.025,0.300,0.025,0.275,0.413,0.575,0.713,0.675,0.250,0.138,0.013,0.025,1.650,0.975,0.000,0.000,0.013,0.000,0.013,0.000,0.000,0.013,0.000,0.000,0.013,0.000,0.000,1.513,1.450,1.625,1.250,1.213,1.213,0.675,0.275
6203808917,Actual,DZ114328,21/12/2025,kWh,generation,0.000,0.000,0.000,0.000,0.000,0.000,0.000,0.000,0.000,0.000,0.000,0.000,0.000,0.013,0.000,0.013,0.000,0.000,0.000,0.000,0.000,0.000,0.013,0.000,0.013,0.000,0.000,0.288,0.000,0.013,0.013,0.013,0.000,0.013,0.000,0.000,0.013,0.000,0.013,0.000,0.000,0.000,0.000,0.000,0.000,0.000,0.000,0.000
6203808917,Actual,DZ114328,22/12/2025,kWh,consumption,0.263,0.238,0.225,0.238,0.225,0.225,0.238,0.225,0.225,1.175,5.675,5.563,5.288,3.750,0.000,0.000,0.025,0.025,0.000,0.000,0.000,0.000,0.000,0.000,0.000,0.000,0.000,0.000,0.000,0.000,0.000,0.675,1.950,0.563,0.013,0.000,0.000,0.000,0.013,0.000,0.000,0.000,0.500,0.800,1.125,0.450,0.513,0.888
6203808917,Actual,DZ114328,22/12/2025,kWh,generation,0.000,0.000,0.000,0.000,0.000,0.000,0.000,0.000,0.000,0.000,0.000,0.000,0.000,0.000,0.013,0.000,0.050,0.013,0.013,1.850,2.400,2.525,3.025,2.763,2.788,3.463,1.888,3.100,4.113,2.638,1.800,0.888,0.000,0.225,0.125,0.500,0.250,0.075,0.000,0.013,0.000,0.000,0.000,0.000,0.000,0.000,0.000,0.000
6203808917,Actual,DZ114328,23/12/2025,kWh,consumption,0.875,0.863,0.650,0.350,0.313,1.138,1.325,1.300,1.300,1.313,5.800,5.763,5.563,4.375,0.188,0.013,0.000,0.000,0.000,0.000,0.000,0.000,0.000,0.000,0.000,0.000,0.000,0.000,0.075,0.000,0.013,0.000,0.000,0.000,0.000,0.000,0.000,0.000,0.013,0.000,0.000,0.200,0.500,0.650,0.463,0.488,0.613,0.525
6203808917,Actual,DZ114328,23/12/2025,kWh,generation,0.000,0.000,0.000,0.000,0.000,0.000,0.000,0.000,0.000,0.000,0.000,0.000,0.000,0.000,0.013,0.013,1.225,2.588,1.600,2.063,3.863,3.238,2.513,3.050,3.413,3.463,4.725,3.275,2.700,4.013,3.425,3.963,3.450,2.813,2.100,1.263,0.513,0.050,0.000,0.013,0.000,0.000,0.000,0.000,0.000,0.000,0.000,0.000
6203808917,Actual,DZ114328,24/12/2025,kWh,consumption,0.425,0.438,0.425,0.438,0.388,0.363,0.350,0.350,0.338,0.350,2.988,0.188,0.063,0.000,0.013,0.000,0.013,0.025,0.013,0.013,0.000,0.000,0.000,0.000,0.063,0.225,0.000,0.000,0.000,0.000,0.000,0.000,0.000,0.000,0.000,0.013,0.000,0.000,0.000,0.000,0.125,0.350,0.400,0.375,0.363,0.438,0.438,0.638
6203808917,Actual,DZ114328,24/12/2025,kWh,generation,0.000,0.000,0.000,0.000,0.000,0.000,0.000,0.000,0.000,0.000,0.000,0.000,0.000,0.013,0.000,0.013,0.000,0.038,0.013,0.425,0.338,0.700,0.850,1.288,2.238,1.775,1.850,1.763,1.263,1.975,2.075,2.575,0.925,0.625,1.163,0.475,0.075,0.000,0.013,0.000,0.000,0.000,0.000,0.000,0.000,0.000,0.000,0.000
6203808917,Actual,DZ114328,25/12/2025,kWh,consumption,1.025,0.288,0.288,0.813,1.075,1.050,1.063,1.050,0.713,0.275,0.238,0.088,0.013,0.000,0.013,0.000,0.000,0.000,0.000,0.000,0.000,0.000,0.038,0.825,2.288,1.888,1.213,1.163,0.275,0.013,0.000,0.000,0.000,0.000,0.000,0.000,0.000,0.013,0.013,0.138,2.325,1.250,0.538,0.513,0.488,0.450,0.438,0.438
6203808917,Actual,DZ114328,25/12/2025,kWh,generation,0.000,0.000,0.000,0.000,0.000,0.000,0.000,0.000,0.000,0.000,0.000,0.000,0.013,0.000,0.013,0.013,1.300,3.100,2.663,3.025,3.025,3.938,2.875,0.000,0.000,0.000,0.000,0.000,2.713,2.900,2.563,2.975,1.825,1.550,1.088,0.475,0.000,0.013,0.000,0.000,0.000,0.000,0.000,0.000,0.000,0.000,0.000,0.000
6203808917,Actual,DZ114328,26/12/2025,kWh,consumption,0.438,2.363,1.663,1.350,1.825,1.338,1.288,1.288,1.275,0.275,4.838,4.838,0.563,0.000,0.013,0.013,0.000,0.013,0.000,0.013,0.000,0.000,0.000,0.000,0.000,0.000,0.000,0.000,0.000,0.000,0.000,0.000,0.000,0.000,0.000,0.138,0.013,0.000,0.000,0.000,0.000,0.013,0.475,0.850,0.388,0.538,0.650,1.300
6203808917,Actual,DZ114328,26/12/2025,kWh,generation,0.000,0.000,0.000,0.000,0.000,0.000,0.000,0.000,0.000,0.000,0.000,0.000,0.000,0.013,0.013,0.000,0.063,0.013,0.025,1.338,2.450,2.363,3.475,4.075,3.238,3.675,4.500,4.700,4.713,4.338,4.400,4.400,3.675,1.938,0.750,0.413,0.175,0.000,0.000,0.013,0.000,0.013,0.000,0.000,0.000,0.000,0.000,0.000
6203808917,Actual,DZ114328,27/12/2025,kWh,consumption,1.100,0.288,0.275,0.288,0.263,0.275,0.263,0.263,0.250,0.250,4.288,0.050,0.000,0.000,0.213,0.013,0.000,0.000,0.000,0.000,0.000,0.000,0.000,0.000,0.000,0.000,0.000,0.000,0.000,0.000,0.000,0.000,0.000,0.000,0.000,0.000,0.000,0.000,0.000,0.000,0.000,0.000,0.000,0.000,0.088,0.238,0.250,0.238
6203808917,Actual,DZ114328,27/12/2025,kWh,generation,0.000,0.000,0.000,0.000,0.000,0.000,0.000,0.000,0.000,0.000,0.000,0.000,0.000,0.013,0.000,0.563,2.500,3.100,3.588,4.150,4.575,4.700,4.775,4.750,4.788,4.788,4.788,4.788,4.763,4.750,4.600,4.213,3.675,3.050,2.338,1.588,0.788,0.188,0.000,0.013,0.000,0.000,0.013,0.000,0.000,0.000,0.000,0.000
6203808917,Actual,DZ114328,28/12/2025,kWh,consumption,0.238,0.300,0.350,2.900,2.188,0.238,0.238,0.238,0.250,0.225,4.825,4.788,4.725,4.513,3.925,3.150,1.575,0.000,0.000,0.000,0.000,0.000,0.000,0.000,0.000,0.000,0.000,0.013,0.000,0.000,0.000,0.000,0.000,0.000,0.200,3.438,0.000,0.038,0.013,0.000,1.288,2.088,2.063,1.613,1.525,0.813,0.400,0.413
6203808917,Actual,DZ114328,28/12/2025,kWh,generation,0.000,0.000,0.000,0.000,0.000,0.000,0.000,0.000,0.000,0.000,0.000,0.000,0.000,0.000,0.000,0.000,0.013,1.588,3.600,4.075,4.413,4.425,4.363,4.713,4.750,4.763,2.388,0.025,2.375,4.663,4.413,2.900,2.613,2.550,1.888,0.000,0.013,0.013,0.013,0.000,0.000,0.000,0.000,0.000,0.000,0.000,0.000,0.000
6203808917,Actual,DZ114328,29/12/2025,kWh,consumption,0.425,0.363,0.350,0.450,0.275,0.263,0.275,0.263,0.263,0.263,4.875,4.775,3.250,0.000,0.013,0.000,0.000,0.013,0.000,0.000,0.000,0.000,0.000,0.000,0.000,0.000,0.000,0.000,0.000,0.000,0.000,0.000,0.000,0.000,0.000,0.000,0.000,0.000,0.000,0.000,0.000,0.013,1.550,2.850,2.713,1.875,1.400,0.300
6203808917,Actual,DZ114328,29/12/2025,kWh,generation,0.000,0.000,0.000,0.000,0.000,0.000,0.000,0.000,0.000,0.000,0.000,0.000,0.000,0.013,0.000,0.013,0.013,0.238,2.875,3.888,3.975,4.200,4.713,4.800,4.738,4.638,4.663,4.588,4.588,4.525,4.250,3.575,2.875,2.275,1.850,1.388,0.638,0.063,0.000,0.013,0.000,0.000,0.000,0.000,0.000,0.000,0.000,0.000
6203808917,Actual,DZ114328,30/12/2025,kWh,consumption,0.475,0.350,0.850,0.975,0.913,0.850,0.838,0.863,0.800,0.600,5.163,5.025,4.500,4.075,1.150,0.000,0.000,0.000,0.000,0.000,0.000,0.000,0.000,0.000,0.000,0.000,0.000,0.000,0.625,0.000,0.000,0.000,0.000,0.000,0.000,0.000,0.013,0.000,0.000,0.000,0.013,0.188,1.050,1.013,0.388,0.300,0.288,0.375
6203808917,Actual,DZ114328,30/12/2025,kWh,generation,0.000,0.000,0.000,0.000,0.000,0.000,0.000,0.000,0.000,0.000,0.000,0.000,0.000,0.000,0.000,0.013,1.125,2.788,2.450,3.213,3.138,1.838,1.775,2.113,1.863,2.013,1.863,2.000,0.813,1.113,0.913,0.838,1.013,0.800,0.275,0.038,0.000,0.000,0.000,0.013,0.000,0.000,0.000,0.000,0.000,0.000,0.000,0.000
6203808917,Actual,DZ114328,31/12/2025,kWh,consumption,0.738,1.475,0.975,0.788,0.713,0.700,0.413,0.313,0.300,0.300,5.875,5.813,5.638,5.263,4.938,4.525,0.963,0.000,0.013,0.000,0.000,0.000,0.000,0.000,0.000,0.000,0.000,0.000,0.000,0.000,0.000,0.000,0.000,0.000,0.000,0.013,0.025,0.100,0.013,0.038,0.675,0.538,0.513,0.513,0.900,0.550,1.075,1.725
6203808917,Actual,DZ114328,31/12/2025,kWh,generation,0.000,0.000,0.000,0.000,0.000,0.000,0.000,0.000,0.000,0.000,0.000,0.000,0.000,0.000,0.000,0.000,0.013,0.350,2.975,3.388,3.013,2.388,2.975,2.975,3.113,2.100,2.200,2.025,1.775,1.613,3.338,3.550,3.488,2.763,1.500,0.150,0.013,0.013,0.000,0.013,0.000,0.000,0.000,0.000,0.000,0.000,0.000,0.000
6203808917,Actual,DZ114328,01/01/2026,kWh,consumption,2.550,2.613,2.450,2.288,0.988,0.788,0.388,0.363,0.338,0.350,3.775,0.288,0.025,0.000,0.013,0.013,0.013,0.013,0.013,0.000,0.000,0.000,0.000,0.000,0.000,0.000,0.000,0.000,0.000,0.000,0.000,0.000,0.000,0.300,0.000,0.000,0.000,0.000,0.013,0.000,0.000,0.100,0.600,0.650,0.650,0.450,0.475,0.413
6203808917,Actual,DZ114328,01/01/2026,kWh,generation,0.000,0.000,0.000,0.000,0.000,0.000,0.000,0.000,0.000,0.000,0.000,0.000,0.000,0.013,0.000,0.013,0.200,0.388,1.675,2.825,2.650,3.438,4.063,4.538,4.525,4.563,4.663,4.688,4.588,4.600,4.413,4.050,3.488,1.213,1.988,1.338,0.588,0.050,0.013,0.000,0.013,0.000,0.000,0.000,0.000,0.000,0.000,0.000
6203808917,Actual,DZ114328,02/01/2026,kWh,consumption,0.338,0.338,0.325,0.313,0.325,0.313,0.375,0.338,0.338,0.325,0.300,0.138,0.013,0.013,0.000,0.000,0.013,0.000,0.000,0.000,0.000,0.000,0.000,0.000,0.000,0.000,0.000,0.000,0.000,0.000,0.000,0.000,0.000,0.000,0.000,0.000,0.000,0.000,0.013,0.000,0.000,0.000,0.000,0.000,0.200,0.263,0.250,0.250
6203808917,Actual,DZ114328,02/01/2026,kWh,generation,0.000,0.000,0.000,0.000,0.000,0.000,0.000,0.000,0.000,0.000,0.000,0.000,0.000,0.013,0.000,0.000,0.013,0.000,1.625,3.750,4.438,4.725,4.738,4.750,4.813,4.800,4.788,4.763,4.775,4.725,4.488,4.150,3.600,2.875,2.175,1.350,0.575,0.113,0.000,0.013,0.000,0.000,0.013,0.000,0.000,0.000,0.000,0.000
6203808917,Actual,DZ114328,03/01/2026,kWh,consumption,0.250,0.238,0.250,0.250,0.250,0.238,0.338,0.375,1.200,1.200,6.788,3.288,0.913,0.675,0.013,0.000,0.000,0.000,0.000,0.000,0.000,0.000,0.000,0.000,0.000,0.000,0.000,0.000,0.000,0.000,0.000,0.000,0.000,0.000,0.000,0.000,0.000,0.013,0.000,0.000,0.000,0.088,0.363,0.363,0.263,0.250,0.325,0.363
6203808917,Actual,DZ114328,03/01/2026,kWh,generation,0.000,0.000,0.000,0.000,0.000,0.000,0.000,0.000,0.000,0.000,0.000,0.000,0.000,0.000,0.013,0.013,1.613,2.413,2.400,3.025,3.125,3.750,3.538,2.938,3.600,3.575,2.400,2.125,1.700,0.650,0.225,0.563,0.163,0.338,0.650,0.425,0.163,0.063,0.000,0.013,0.000,0.013,0.000,0.000,0.000,0.000,0.000,0.000
6203808917,Actual,DZ114328,04/01/2026,kWh,consumption,0.300,0.300,0.300,0.288,0.288,0.300,0.313,0.288,0.288,0.275,5.900,5.900,5.675,5.425,5.113,4.588,0.363,0.013,0.000,0.000,0.000,0.000,0.000,0.000,0.000,0.000,0.000,0.000,0.000,0.000,0.000,0.000,0.000,0.000,0.000,0.000,0.000,0.000,0.000,0.000,0.000,0.000,0.000,0.288,0.688,0.463,0.363,0.738
6203808917,Actual,DZ114328,04/01/2026,kWh,generation,0.000,0.000,0.000,0.000,0.000,0.000,0.000,0.000,0.000,0.000,0.000,0.000,0.000,0.000,0.000,0.000,0.075,1.338,2.238,2.500,3.288,3.850,4.350,4.600,4.425,4.738,4.763,4.775,4.675,4.713,4.613,4.225,3.675,3.075,2.363,1.575,0.788,0.163,0.000,0.013,0.000,0.000,0.013,0.000,0.000,0.000,0.000,0.000
6203808917,Actual,DZ114328,05/01/2026,kWh,consumption,0.338,0.400,0.375,0.313,0.313,0.363,0.325,0.313,0.300,0.313,5.850,5.838,5.550,3.725,0.000,0.013,0.000,0.000,0.000,0.000,0.000,0.000,0.000,0.000,0.000,0.013,0.150,0.000,0.000,0.000,0.000,0.000,0.000,0.000,0.000,0.000,0.000,0.000,0.013,0.000,0.038,0.300,0.288,0.338,0.300,0.300,0.288,0.288
6203808917,Actual,DZ114328,05/01/2026,kWh,generation,0.000,0.000,0.000,0.000,0.000,0.000,0.000,0.000,0.000,0.000,0.000,0.000,0.000,0.000,0.013,0.000,1.288,2.438,3.363,4.063,4.513,4.738,4.775,4.763,4.763,4.650,3.750,4.763,4.775,4.738,4.625,4.250,3.725,3.138,2.413,1.638,0.838,0.125,0.013,0.000,0.013,0.000,0.000,0.000,0.000,0.000,0.000,0.000
6203808917,Actual,DZ114328,06/01/2026,kWh,consumption,0.288,0.288,0.275,0.275,0.275,0.275,0.275,0.275,0.263,0.263,5.825,5.763,5.700,5.550,5.063,1.900,0.013,0.000,0.000,0.000,0.000,0.000,0.000,0.000,0.000,0.000,0.000,0.000,0.000,0.000,0.000,0.000,0.000,0.013,0.013,0.013,0.038,0.088,0.088,1.038,0.450,0.425,0.313,0.300,0.288,0.288,0.300,0.275
6203808917,Actual,DZ114328,06/01/2026,kWh,generation,0.000,0.000,0.000,0.000,0.000,0.000,0.000,0.000,0.000,0.000,0.000,0.000,0.000,0.000,0.000,0.000,0.600,2.725,2.613,3.813,4.325,4.613,4.725,4.738,4.638,4.350,2.875,4.000,4.188,3.975,3.075,2.750,2.900,1.788,0.013,0.013,0.013,0.000,0.000,0.000,0.000,0.000,0.000,0.000,0.000,0.000,0.000,0.000
6203808917,Actual,DZ114328,07/01/2026,kWh,consumption,0.288,0.275,0.275,0.288,0.288,0.300,0.288,0.288,0.288,0.300,5.763,5.775,5.713,5.550,0.638,0.013,0.000,0.000,0.000,0.000,0.000,0.000,0.000,0.000,0.000,0.000,0.000,0.000,0.000,0.000,0.000,0.000,0.000,0.000,0.000,0.125,0.288,0.000,0.113,0.588,1.450,0.388,0.425,0.300,0.300,0.288,0.313,0.300
6203808917,Actual,DZ114328,07/01/2026,kWh,generation,0.000,0.000,0.000,0.000,0.000,0.000,0.000,0.000,0.000,0.000,0.000,0.000,0.000,0.000,0.013,0.013,0.013,0.063,0.563,2.313,4.263,4.613,4.700,4.738,4.738,4.675,4.188,3.413,3.200,3.200,3.263,3.188,1.550,2.563,1.600,0.013,0.013,0.000,0.000,0.000,0.000,0.000,0.000,0.000,0.000,0.000,0.000,0.000
6203808917,Actual,DZ114328,08/01/2026,kWh,consumption,0.288,0.288,0.300,0.738,1.113,1.063,1.038,1.050,1.038,1.025,6.463,6.163,0.738,0.550,0.450,0.025,0.063,0.013,0.013,0.013,0.000,0.000,0.000,0.000,0.000,0.000,0.000,0.000,0.000,0.000,0.000,0.000,0.000,0.000,0.013,0.000,0.000,0.013,0.000,0.000,0.013,0.088,0.313,0.313,0.475,0.400,0.788,0.700
6203808917,Actual,DZ114328,08/01/2026,kWh,generation,0.000,0.000,0.000,0.000,0.000,0.000,0.000,0.000,0.000,0.000,0.000,0.000,0.000,0.000,0.000,0.000,0.013,0.050,0.263,0.238,1.463,3.363,3.875,3.725,3.788,3.750,3.938,4.050,3.288,2.938,1.888,1.988,0.488,0.425,0.013,0.000,0.000,0.013,0.000,0.000,0.000,0.000,0.000,0.000,0.000,0.000,0.000,0.000
6203808917,Actual,DZ114328,09/01/2026,kWh,consumption,0.450,0.400,0.363,0.350,0.363,0.350,0.350,0.338,0.350,0.350,5.875,5.863,5.725,5.550,3.250,0.063,0.013,0.000,0.000,0.000,0.000,0.000,0.000,0.000,0.000,0.000,0.000,0.013,0.425,0.388,0.638,0.513,0.575,1.275,2.225,2.600,0.025,0.113,0.263,0.363,0.375,0.700,0.725,0.400,0.738,0.338,0.300,0.300
6203808917,Actual,DZ114328,09/01/2026,kWh,generation,0.000,0.000,0.000,0.000,0.000,0.000,0.000,0.000,0.000,0.000,0.000,0.000,0.000,0.000,0.000,0.013,0.000,0.650,2.750,3.413,3.000,2.388,3.413,2.925,4.013,3.613,3.450,1.150,0.038,0.013,0.000,0.000,0.013,0.000,0.000,0.000,0.000,0.000,0.000,0.000,0.000,0.000,0.000,0.000,0.000,0.000,0.000,0.000
6203808917,Actual,DZ114328,10/01/2026,kWh,consumption,0.288,0.275,0.275,0.263,0.275,0.263,0.263,0.275,0.263,0.275,0.263,0.288,0.088,0.000,0.013,0.025,0.013,0.013,0.013,0.013,0.000,0.000,0.000,0.000,0.000,0.000,0.000,0.000,0.000,0.000,0.000,0.000,0.000,0.000,0.000,0.000,0.000,0.000,0.000,0.013,0.000,0.000,0.000,0.188,0.288,0.325,0.275,0.288
6203808917,Actual,DZ114328,10/01/2026,kWh,generation,0.000,0.000,0.000,0.000,0.000,0.000,0.000,0.000,0.000,0.000,0.000,0.000,0.000,0.013,0.000,0.000,0.025,0.025,0.013,0.250,1.350,4.113,3.538,3.163,3.625,2.413,3.825,3.500,3.850,3.325,3.525,3.375,3.338,3.050,2.363,1.538,0.538,0.150,0.000,0.000,0.013,0.000,0.000,0.000,0.000,0.000,0.000,0.000
6203808917,Actual,DZ114328,11/01/2026,kWh,consumption,0.275,0.275,0.263,0.263,0.250,0.263,0.250,0.250,0.263,0.250,0.250,0.213,0.025,0.000,0.013,0.000,0.000,0.000,0.000,0.000,0.000,0.000,0.000,0.000,0.000,0.000,0.000,1.413,1.838,1.988,1.800,0.175,0.000,0.000,1.063,3.538,0.013,0.013,0.000,0.013,0.463,0.325,0.313,0.300,0.300,0.288,0.313,0.388
6203808917,Actual,DZ114328,11/01/2026,kWh,generation,0.000,0.000,0.000,0.000,0.000,0.000,0.000,0.000,0.000,0.000,0.000,0.000,0.013,0.000,0.013,0.000,0.075,1.188,1.900,2.788,3.775,2.500,4.338,4.750,4.100,4.550,4.525,0.425,0.000,0.000,0.000,3.675,3.063,2.813,1.325,0.000,0.013,0.013,0.000,0.013,0.000,0.000,0.000,0.000,0.000,0.000,0.000,0.000
6203808917,Actual,DZ114328,12/01/2026,kWh,consumption,0.475,0.363,0.375,0.325,0.300,0.275,0.288,0.275,0.275,0.275,5.850,5.775,5.588,2.013,0.000,0.013,0.000,0.013,0.000,0.000,0.000,0.000,0.000,0.000,0.000,0.000,0.000,0.000,0.000,0.000,0.000,0.000,0.000,0.000,0.000,0.000,0.000,0.000,0.000,0.000,0.000,0.000,0.000,0.000,0.200,0.300,0.313,0.363
6203808917,Actual,DZ114328,12/01/2026,kWh,generation,0.000,0.000,0.000,0.000,0.000,0.000,0.000,0.000,0.000,0.000,0.000,0.000,0.000,0.000,0.013,0.013,0.013,1.200,3.263,3.838,4.325,4.438,4.788,4.800,4.825,4.613,3.413,3.688,3.100,3.750,3.938,4.163,2.800,2.838,2.088,1.338,0.650,0.163,0.000,0.013,0.000,0.013,0.000,0.000,0.000,0.000,0.000,0.000
6203808917,Actual,DZ114328,13/01/2026,kWh,consumption,0.350,0.350,0.275,0.263,0.275,0.263,0.263,0.263,0.263,0.263,5.813,5.800,5.763,2.263,0.013,0.025,0.000,0.000,0.013,0.000,0.000,0.000,0.013,0.000,0.000,0.000,0.000,0.000,0.000,0.000,0.000,0.000,0.000,0.000,0.000,0.000,0.000,0.000,0.000,0.013,0.000,0.038,0.275,0.425,0.250,0.250,0.250,0.250
6203808917,Actual,DZ114328,13/01/2026,kWh,generation,0.000,0.000,0.000,0.000,0.000,0.000,0.000,0.000,0.000,0.000,0.000,0.000,0.000,0.000,0.000,0.013,0.000,0.013,0.000,0.013,0.000,0.013,0.050,1.438,1.613,1.875,1.450,1.250,1.588,1.638,1.325,1.588,0.888,0.438,0.438,0.175,0.025,0.013,0.000,0.013,0.000,0.000,0.000,0.000,0.000,0.000,0.000,0.000
6203808917,Actual,DZ114328,14/01/2026,kWh,consumption,0.250,0.288,0.263,0.263,0.263,0.250,0.250,0.263,0.250,0.263,5.800,5.750,3.188,0.000,0.000,0.013,0.000,0.000,0.000,0.000,0.000,0.000,0.000,0.000,0.275,0.000,0.000,0.000,0.000,0.000,0.000,0.000,0.000,0.000,0.000,0.000,0.000,0.000,0.013,0.000,0.000,0.000,0.000,0.100,0.263,0.263,0.263,0.263
6203808917,Actual,DZ114328,14/01/2026,kWh,generation,0.000,0.000,0.000,0.000,0.000,0.000,0.000,0.000,0.000,0.000,0.000,0.000,0.000,0.013,0.000,0.013,0.000,0.913,0.975,1.488,1.163,1.350,1.238,2.338,2.038,3.538,4.575,4.225,4.250,3.788,3.838,3.700,3.138,2.525,1.988,1.500,0.675,0.163,0.000,0.013,0.000,0.000,0.000,0.000,0.000,0.000,0.000,0.000
6203808917,Actual,DZ114328,15/01/2026,kWh,consumption,0.263,0.263,0.250,0.263,0.263,0.250,0.263,0.250,0.263,0.250,0.263,0.225,4.525,0.163,0.000,0.000,0.013,0.000,0.000,0.000,1.725,4.750,3.163,4.513,4.913,4.263,0.338,0.000,0.000,0.000,0.000,0.000,0.000,0.000,0.000,0.000,0.000,0.000,0.013,0.000,0.000,0.113,0.275,0.288,0.275,0.275,0.275,0.275
6203808917,Actual,DZ114328,15/01/2026,kWh,generation,0.000,0.000,0.000,0.000,0.000,0.000,0.000,0.000,0.000,0.000,0.000,0.000,0.000,0.013,0.000,0.000,0.013,0.000,2.263,1.050,0.225,0.000,0.013,0.000,0.000,0.000,0.000,0.450,1.200,1.800,4.363,4.100,3.575,2.350,0.538,1.125,0.675,0.125,0.000,0.013,0.000,0.013,0.000,0.000,0.000,0.000,0.000,0.000
6203808917,Actual,DZ114328,16/01/2026,kWh,consumption,0.288,0.275,0.275,0.275,0.263,0.275,0.275,0.275,0.263,0.275,0.275,0.188,0.000,0.013,0.000,0.013,0.000,0.000,0.000,0.000,0.000,0.000,0.000,0.000,0.000,0.000,0.000,0.000,0.000,0.000,0.000,0.000,0.000,0.000,0.000,0.000,0.000,0.000,0.000,0.000,0.000,0.000,0.013,0.150,0.400,0.400,0.425,0.400
6203808917,Actual,DZ114328,16/01/2026,kWh,generation,0.000,0.000,0.000,0.000,0.000,0.000,0.000,0.000,0.000,0.000,0.000,0.000,0.000,0.000,0.013,0.013,1.763,1.988,1.588,3.150,3.963,3.513,4.050,3.700,4.413,4.163,3.863,4.175,3.638,3.788,4.175,3.988,3.250,3.025,2.263,1.138,0.413,0.088,0.000,0.000,0.013,0.000,0.000,0.000,0.000,0.000,0.000,0.000
6203808917,Actual,DZ114328,17/01/2026,kWh,consumption,0.400,0.375,0.388,0.363,0.363,0.363,0.363,0.350,0.363,0.350,5.888,5.888,5.825,2.425,0.000,0.013,0.013,0.000,0.000,0.000,0.000,0.000,0.000,0.000,0.000,0.000,0.000,0.000,0.000,0.000,0.000,0.000,0.000,0.000,0.000,0.000,0.000,0.000,0.000,0.000,0.000,0.000,0.113,0.325,0.313,0.313,0.313,0.325
6203808917,Actual,DZ114328,17/01/2026,kWh,generation,0.000,0.000,0.000,0.000,0.000,0.000,0.000,0.000,0.000,0.000,0.000,0.000,0.000,0.000,0.013,0.013,0.788,2.225,3.113,3.538,3.763,4.475,4.575,4.488,4.113,4.300,4.325,4.250,4.250,4.450,4.425,3.988,3.438,2.888,2.250,1.538,0.763,0.125,0.000,0.013,0.013,0.000,0.000,0.000,0.000,0.000,0.000,0.000
6203808917,Actual,DZ114328,18/01/2026,kWh,consumption,0.313,0.313,0.313,0.313,0.300,0.350,0.288,0.288,0.338,0.313,5.913,5.900,5.800,5.725,2.200,0.000,0.000,0.000,0.000,0.000,0.000,0.000,0.000,0.000,0.000,0.000,0.000,0.000,0.150,0.000,0.000,0.000,0.000,0.000,1.263,0.000,0.000,0.000,0.013,0.000,0.000,0.000,1.663,1.488,1.450,1.425,1.450,1.163
6203808917,Actual,DZ114328,18/01/2026,kWh,generation,0.000,0.000,0.000,0.000,0.000,0.000,0.000,0.000,0.000,0.000,0.000,0.000,0.000,0.000,0.000,0.013,0.900,2.538,3.163,3.725,4.175,4.525,4.688,4.713,4.700,4.638,4.713,4.725,4.013,4.613,4.413,4.025,3.500,2.863,0.413,0.600,0.550,0.025,0.000,0.013,0.000,0.000,0.000,0.000,0.000,0.000,0.000,0.000
6203808917,Actual,DZ114328,19/01/2026,kWh,consumption,1.038,1.025,1.013,0.863,0.425,0.438,0.400,0.363,0.350,0.350,2.075,0.275,0.188,0.088,0.000,0.013,0.000,0.000,0.000,0.000,0.000,0.000,0.000,0.000,0.000,0.000,0.000,0.000,0.000,0.000,0.000,0.000,0.000,0.000,0.000,0.000,0.000,0.000,0.013,0.000,0.000,0.000,0.000,0.113,0.750,0.550,0.438,0.725
6203808917,Actual,DZ114328,19/01/2026,kWh,generation,0.000,0.000,0.000,0.000,0.000,0.000,0.000,0.000,0.000,0.000,0.000,0.000,0.000,0.013,0.000,0.013,0.913,2.400,3.250,4.238,3.825,4.075,2.500,3.475,4.763,3.900,1.938,2.013,2.288,3.763,3.238,1.425,1.025,1.050,1.150,1.438,0.838,0.038,0.000,0.000,0.013,0.000,0.000,0.000,0.000,0.000,0.000,0.000
6203808917,Actual,DZ114328,20/01/2026,kWh,consumption,0.975,0.738,0.738,0.738,0.625,0.363,0.350,0.350,0.338,0.325,5.838,5.875,5.688,2.538,0.013,0.000,0.000,0.000,0.000,0.000,0.000,0.000,0.000,0.000,0.000,0.000,0.000,0.000,0.000,0.000,0.000,0.000,0.000,0.000,0.000,0.000,0.000,0.013,0.000,0.000,0.000,0.325,0.338,0.338,0.325,0.325,0.350,0.413
6203808917,Actual,DZ114328,20/01/2026,kWh,generation,0.000,0.000,0.000,0.000,0.000,0.000,0.000,0.000,0.000,0.000,0.000,0.000,0.000,0.000,0.013,0.000,0.825,1.063,1.163,3.225,4.200,4.588,4.688,4.713,4.713,4.713,4.700,4.713,4.713,4.600,4.400,3.938,3.438,2.875,2.238,1.500,0.638,0.075,0.000,0.000,0.013,0.000,0.000,0.000,0.000,0.000,0.000,0.000
6203808917,Actual,DZ114328,21/01/2026,kWh,consumption,0.363,0.388,0.400,0.400,0.400,0.375,0.375,0.363,0.325,0.338,5.875,5.838,5.788,5.550,0.013,0.000,0.000,0.013,0.000,0.000,0.000,0.000,0.000,0.000,0.000,0.000,0.000,0.000,0.000,0.000,0.000,0.000,0.000,0.000,0.000,0.000,0.000,0.000,0.013,0.000,0.000,0.263,0.450,0.313,0.300,0.313,0.300,0.313
6203808917,Actual,DZ114328,21/01/2026,kWh,generation,0.000,0.000,0.000,0.000,0.000,0.000,0.000,0.000,0.000,0.000,0.000,0.000,0.000,0.000,0.000,0.000,0.000,0.050,2.325,2.863,2.013,3.063,3.363,2.663,4.263,4.488,4.363,4.750,4.725,4.750,4.513,4.213,2.400,1.300,0.263,0.000,0.013,0.000,0.000,0.013,0.000,0.000,0.000,0.000,0.000,0.000,0.000,0.000
6203808917,Actual,DZ114328,22/01/2026,kWh,consumption,0.300,0.313,0.300,0.313,0.300,0.313,0.300,0.300,0.313,0.300,0.300,0.288,0.150,0.063,0.013,0.013,0.000,0.000,0.000,0.000,0.000,0.000,0.000,0.000,0.000,0.000,0.000,0.000,0.000,0.000,0.000,0.000,0.000,0.000,0.000,0.000,0.000,0.000,0.000,0.000,0.000,0.013,0.000,0.188,0.300,0.300,0.288,0.300
6203808917,Actual,DZ114328,22/01/2026,kWh,generation,0.000,0.000,0.000,0.000,0.000,0.000,0.000,0.000,0.000,0.000,0.000,0.000,0.000,0.000,0.013,0.000,0.875,2.288,2.263,2.650,3.763,4.575,4.750,4.200,4.300,4.663,4.613,4.638,4.563,4.725,4.625,4.363,3.800,3.250,2.463,1.638,0.850,0.150,0.000,0.000,0.000,0.000,0.013,0.000,0.000,0.000,0.000,0.000
6203808917,Actual,DZ114328,23/01/2026,kWh,consumption,0.288,0.300,0.275,0.375,0.775,0.375,0.700,0.900,0.900,0.838,6.250,6.175,5.688,5.638,5.250,4.475,0.000,0.000,0.000,0.000,0.000,0.000,0.000,0.000,0.000,0.000,0.000,0.000,0.188,0.000,0.000,0.000,0.000,0.000,0.000,0.000,0.000,0.000,0.000,0.000,0.013,0.000,0.000,0.250,0.288,0.350,0.400,0.363
6203808917,Actual,DZ114328,23/01/2026,kWh,generation,0.000,0.000,0.000,0.000,0.000,0.000,0.000,0.000,0.000,0.000,0.000,0.000,0.000,0.000,0.000,0.000,0.000,0.488,2.363,2.800,3.700,4.600,4.688,4.688,4.688,4.675,4.675,4.650,3.713,4.625,4.550,4.188,3.638,3.050,2.350,1.600,0.813,0.125,0.000,0.013,0.000,0.000,0.000,0.000,0.000,0.000,0.000,0.000
6203808917,Actual,DZ114328,24/01/2026,kWh,consumption,0.363,0.388,0.388,0.375,0.375,0.350,0.350,0.350,0.338,0.325,5.900,5.913,5.813,3.200,0.000,0.013,0.000,0.000,0.000,0.000,0.000,0.000,0.000,0.000,0.000,0.000,0.000,0.000,0.000,0.000,0.000,0.000,0.000,0.000,0.238,0.625,0.525,0.338,0.000,0.013,0.313,0.313,0.300,0.313,0.313,0.300,0.313,0.300
6203808917,Actual,DZ114328,24/01/2026,kWh,generation,0.000,0.000,0.000,0.000,0.000,0.000,0.000,0.000,0.000,0.000,0.000,0.000,0.000,0.000,0.013,0.013,0.813,2.500,3.125,3.663,4.050,4.513,4.675,4.688,4.688,4.700,4.700,4.638,4.500,1.613,3.600,3.388,3.350,0.275,0.000,0.000,0.000,0.000,0.013,0.000,0.000,0.000,0.000,0.000,0.000,0.000,0.000,0.000
6203808917,Actual,DZ114328,25/01/2026,kWh,consumption,0.313,0.313,0.300,0.300,0.313,0.313,0.313,0.313,0.313,0.313,5.838,5.850,5.725,5.488,5.350,5.313,2.000,0.000,0.013,0.000,0.013,0.013,0.000,0.000,0.000,0.000,0.000,0.000,0.000,0.000,0.000,0.000,0.188,1.950,2.575,1.013,0.013,0.000,0.013,0.013,0.863,1.025,1.013,0.875,1.175,0.800,0.438,0.488
6203808917,Actual,DZ114328,25/01/2026,kWh,generation,0.000,0.000,0.000,0.000,0.000,0.000,0.000,0.000,0.000,0.000,0.000,0.000,0.000,0.000,0.000,0.000,0.000,0.000,0.025,0.263,0.800,1.050,3.650,4.213,4.638,4.663,4.688,4.513,4.638,4.613,4.363,3.963,3.013,0.000,0.000,0.013,0.013,0.013,0.000,0.000,0.000,0.000,0.000,0.000,0.000,0.000,0.000,0.000
6203808917,Actual,DZ114328,26/01/2026,kWh,consumption,0.575,0.538,0.400,0.325,0.288,0.300,0.275,0.275,0.275,0.250,3.113,0.238,0.150,0.075,0.013,0.013,0.000,3.063,2.150,0.025,0.000,0.000,0.000,0.000,0.000,0.000,0.000,0.000,0.000,0.175,4.700,0.088,0.138,0.125,0.175,2.400,0.688,1.263,2.588,3.400,3.275,2.875,3.213,2.625,0.588,0.863,0.375,0.688
6203808917,Actual,DZ114328,26/01/2026,kWh,generation,0.000,0.000,0.000,0.000,0.000,0.000,0.000,0.000,0.000,0.000,0.000,0.000,0.000,0.013,0.000,0.013,0.000,0.000,0.300,0.150,1.000,1.975,2.063,2.000,1.950,1.875,1.763,1.600,1.650,1.475,0.013,0.225,0.013,0.013,0.000,0.000,0.000,0.000,0.000,0.000,0.000,0.000,0.000,0.000,0.000,0.000,0.000,0.000
6203808917,Actual,DZ114328,27/01/2026,kWh,consumption,0.350,0.375,0.325,0.325,0.325,0.325,0.325,0.325,0.313,0.313,5.875,5.925,0.225,0.075,0.000,0.013,0.000,0.000,0.000,0.000,0.000,0.000,0.000,0.000,0.000,0.000,0.000,0.000,0.000,0.000,0.000,0.000,0.000,0.000,0.925,0.513,1.013,1.163,2.463,2.988,0.288,0.263,0.275,0.250,0.250,1.025,1.088,1.013
6203808917,Actual,DZ114328,27/01/2026,kWh,generation,0.000,0.000,0.000,0.000,0.000,0.000,0.000,0.000,0.000,0.000,0.000,0.000,0.000,0.000,0.000,0.013,0.013,0.013,0.338,1.375,4.013,4.388,4.638,4.725,4.750,4.750,3.313,2.475,3.625,4.525,4.125,2.588,1.288,1.125,0.075,0.000,0.000,0.000,0.000,0.000,0.000,0.000,0.000,0.000,0.000,0.000,0.000,0.000
6203808917,Actual,DZ114328,28/01/2026,kWh,consumption,0.975,1.038,0.950,0.963,0.950,0.925,0.925,0.925,0.913,0.913,6.350,6.375,6.225,6.025,3.750,0.100,0.013,0.000,0.013,0.025,0.013,0.000,0.000,0.000,0.000,0.000,0.000,0.000,0.000,0.213,0.000,0.000,0.000,0.000,0.000,0.000,0.000,0.000,0.000,0.013,0.000,0.113,0.488,0.338,0.313,0.713,0.325,0.288
6203808917,Actual,DZ114328,28/01/2026,kWh,generation,0.000,0.000,0.000,0.000,0.000,0.000,0.000,0.000,0.000,0.000,0.000,0.000,0.000,0.000,0.000,0.013,0.013,0.000,0.313,0.425,0.450,1.813,2.400,2.550,2.650,3.838,4.225,3.513,3.325,2.363,3.650,3.063,3.500,0.800,0.263,0.163,0.138,0.013,0.000,0.000,0.000,0.013,0.000,0.000,0.000,0.000,0.000,0.000
6203808917,Actual,DZ114328,29/01/2026,kWh,consumption,0.288,0.313,0.425,0.838,0.425,0.400,0.350,0.338,0.325,0.325,5.875,4.275,0.200,0.013,0.013,0.000,0.000,0.000,0.000,0.000,0.000,0.000,0.000,0.000,0.363,2.613,1.150,0.000,0.000,0.000,0.000,0.000,0.000,0.000,0.000,0.000,0.000,0.000,0.000,0.013,0.000,0.013,0.000,0.238,0.263,0.250,0.250,0.250
6203808917,Actual,DZ114328,29/01/2026,kWh,generation,0.000,0.000,0.000,0.000,0.000,0.000,0.000,0.000,0.000,0.000,0.000,0.000,0.000,0.000,0.000,0.000,0.338,1.613,2.650,2.938,3.488,4.138,4.288,3.763,3.375,0.000,1.138,0.363,0.038,0.250,0.750,0.050,0.225,0.575,0.788,0.638,0.475,0.050,0.013,0.000,0.000,0.013,0.000,0.000,0.000,0.000,0.000,0.000
6203808917,Actual,DZ114328,30/01/2026,kWh,consumption,0.238,0.250,0.238,0.250,0.250,0.238,0.250,0.263,0.238,0.238,0.250,0.738,0.100,0.025,0.000,0.013,0.025,0.000,0.000,0.000,0.000,0.000,0.000,0.000,0.000,0.000,0.000,0.000,0.000,0.000,0.000,0.000,0.000,0.000,0.000,0.000,0.000,0.000,0.000,0.013,0.000,0.050,3.138,3.175,3.138,1.400,0.325,0.288
6203808917,Actual,DZ114328,30/01/2026,kWh,generation,0.000,0.000,0.000,0.000,0.000,0.000,0.000,0.000,0.000,0.000,0.000,0.000,0.000,0.000,0.000,0.013,0.075,1.188,2.438,3.450,4.025,4.275,4.638,4.775,4.788,4.800,4.788,4.775,4.763,4.625,4.388,3.963,3.300,2.588,2.225,1.613,0.275,0.038,0.000,0.000,0.000,0.000,0.000,0.000,0.000,0.000,0.000,0.000
6203808917,Actual,DZ114328,31/01/2026,kWh,consumption,0.275,0.363,0.763,0.388,1.025,1.600,1.538,1.300,1.263,1.238,6.563,6.425,6.313,6.238,5.988,4.488,0.013,0.013,0.013,0.000,0.000,0.000,0.000,0.000,0.000,0.000,0.000,0.000,0.000,0.000,0.000,0.000,0.000,0.000,0.000,0.000,0.000,0.000,0.000,0.000,0.013,0.000,0.488,0.538,0.263,0.625,0.238,0.263
6203808917,Actual,DZ114328,31/01/2026,kWh,generation,0.000,0.000,0.000,0.000,0.000,0.000,0.000,0.000,0.000,0.000,0.000,0.000,0.000,0.000,0.000,0.013,0.000,0.025,1.675,3.275,3.363,3.875,3.650,3.825,3.800,1.425,0.175,0.388,1.488,2.500,0.363,0.675,0.538,0.213,0.200,0.075,0.000,0.013,0.000,0.000,0.000,0.000,0.000,0.000,0.000,0.000,0.000,0.000
6203808917,Actual,DZ114328,01/02/2026,kWh,consumption,0.263,0.238,0.288,0.250,0.263,0.238,0.238,0.238,0.225,0.238,5.813,5.863,5.800,5.625,5.250,4.900,1.025,0.000,0.000,0.000,0.000,0.000,0.000,0.000,0.000,0.000,0.000,0.000,0.000,0.000,0.013,0.000,0.013,0.000,0.000,0.000,0.000,0.000,0.000,0.000,0.138,0.363,0.650,0.263,0.425,0.450,0.450,0.788
6203808917,Actual,DZ114328,01/02/2026,kWh,generation,0.000,0.000,0.000,0.000,0.000,0.000,0.000,0.000,0.000,0.000,0.000,0.000,0.000,0.000,0.000,0.000,0.013,1.600,2.775,1.850,2.375,3.688,2.663,2.925,2.950,1.863,3.000,1.175,2.113,0.925,0.725,0.238,0.713,2.050,0.575,0.750,0.350,0.213,0.000,0.013,0.000,0.000,0.000,0.000,0.000,0.000,0.000,0.000
6203808917,Actual,DZ114328,02/02/2026,kWh,consumption,0.350,0.988,1.238,1.250,1.275,1.263,1.250,1.238,1.225,0.250,5.813,5.838,3.075,0.000,0.000,0.013,0.025,0.000,0.000,0.000,0.000,0.000,0.000,0.000,0.000,0.000,0.000,0.000,0.000,0.000,0.000,0.000,0.000,0.000,0.000,0.000,0.000,0.000,0.000,0.000,0.013,0.000,0.150,0.250,0.263,0.263,0.238,0.238
6203808917,Actual,DZ114328,02/02/2026,kWh,generation,0.000,0.000,0.000,0.000,0.000,0.000,0.000,0.000,0.000,0.000,0.000,0.000,0.000,0.013,0.000,0.013,0.025,1.713,2.675,2.938,2.825,3.988,4.700,4.738,4.775,4.775,4.725,4.788,4.788,4.800,4.675,4.363,3.838,3.188,2.475,1.650,0.738,0.150,0.000,0.000,0.013,0.000,0.000,0.000,0.000,0.000,0.000,0.000
6203808917,Actual,DZ114328,03/02/2026,kWh,consumption,0.238,0.238,0.238,0.863,1.238,1.238,1.225,1.200,1.188,0.250,5.775,5.800,5.700,5.613,0.913,0.038,0.013,0.000,0.000,0.000,0.000,0.000,0.000,0.000,0.000,0.000,0.000,0.000,0.000,0.000,0.000,0.000,0.000,0.000,0.000,0.000,0.000,0.000,0.000,0.000,0.463,0.738,0.763,0.775,1.125,0.900,0.413,0.388
6203808917,Actual,DZ114328,03/02/2026,kWh,generation,0.000,0.000,0.000,0.000,0.000,0.000,0.000,0.000,0.000,0.000,0.000,0.000,0.000,0.000,0.013,0.025,0.538,2.450,2.375,2.800,3.400,3.713,3.800,3.813,3.813,3.825,4.038,4.225,4.338,4.300,4.213,3.900,3.400,2.813,2.013,1.000,0.475,0.038,0.000,0.000,0.000,0.000,0.000,0.000,0.000,0.000,0.000,0.000
6203808917,Actual,DZ114328,04/02/2026,kWh,consumption,0.350,0.600,0.825,0.675,0.688,0.663,0.500,0.288,0.263,0.263,5.800,5.825,3.613,0.038,0.000,0.025,0.013,0.000,0.000,0.000,0.000,0.000,0.000,0.000,0.000,0.213,0.013,0.000,0.000,0.000,0.000,0.000,0.000,0.000,0.000,0.000,0.013,0.000,0.000,0.025,1.125,0.388,0.363,0.350,0.363,0.363,0.375,0.363
6203808917,Actual,DZ114328,04/02/2026,kWh,generation,0.000,0.000,0.000,0.000,0.000,0.000,0.000,0.000,0.000,0.000,0.000,0.000,0.000,0.000,0.013,0.025,0.575,1.975,0.900,0.525,1.238,1.388,0.800,1.075,3.413,2.138,3.000,2.238,2.888,1.875,1.825,3.275,1.163,1.000,0.688,0.000,0.013,0.000,0.013,0.000,0.000,0.000,0.000,0.000,0.000,0.000,0.000,0.000
6203808917,Actual,DZ114328,05/02/2026,kWh,consumption,0.325,0.313,0.300,0.313,0.300,0.313,0.300,0.313,0.338,0.313,4.263,0.288,0.238,0.063,0.000,0.013,0.000,0.013,0.000,0.000,0.000,0.000,0.000,0.000,0.000,0.163,0.000,0.000,0.000,0.000,0.000,0.000,0.000,0.000,0.000,0.000,0.013,0.000,0.000,0.000,0.375,0.338,0.350,0.338,0.325,0.338,0.325,0.325
6203808917,Actual,DZ114328,05/02/2026,kWh,generation,0.000,0.000,0.000,0.000,0.000,0.000,0.000,0.000,0.000,0.000,0.000,0.000,0.000,0.000,0.013,0.000,0.013,0.038,1.788,2.463,4.275,3.463,3.113,4.163,3.550,3.975,4.738,4.713,4.700,4.675,4.550,4.138,3.638,2.988,2.275,1.475,0.588,0.013,0.013,0.000,0.000,0.000,0.000,0.000,0.000,0.000,0.000,0.000
6203808917,Actual,DZ114328,06/02/2026,kWh,consumption,0.325,0.313,0.325,0.325,0.325,0.325,0.325,0.325,0.338,0.313,2.688,0.263,0.138,0.013,0.000,0.013,0.000,0.000,0.000,0.000,0.000,0.000,0.000,0.000,0.000,0.138,0.000,0.000,0.000,0.000,0.000,0.000,0.000,0.000,0.000,0.000,0.000,0.000,0.000,0.000,0.000,0.000,0.013,0.200,0.275,0.275,0.275,0.275
6203808917,Actual,DZ114328,06/02/2026,kWh,generation,0.000,0.000,0.000,0.000,0.000,0.000,0.000,0.000,0.000,0.000,0.000,0.000,0.000,0.013,0.000,0.013,0.713,2.025,2.950,3.725,4.213,4.613,4.738,4.763,4.738,3.988,4.750,4.738,4.763,4.725,4.525,4.125,3.600,2.975,2.288,1.513,0.725,0.100,0.013,0.013,0.000,0.000,0.000,0.013,0.000,0.000,0.000,0.000
6203808917,Actual,DZ114328,07/02/2026,kWh,consumption,0.275,0.288,0.275,0.275,0.275,0.275,0.275,0.275,0.275,0.275,2.725,0.263,0.175,0.013,0.000,0.000,0.000,0.000,0.000,0.000,0.000,0.000,0.000,0.000,0.000,0.100,0.000,0.000,0.000,0.000,0.000,0.000,0.000,0.000,0.000,0.000,0.000,0.000,0.000,0.000,0.000,0.000,0.013,0.150,0.288,0.275,0.288,0.275
6203808917,Actual,DZ114328,07/02/2026,kWh,generation,0.000,0.000,0.000,0.000,0.000,0.000,0.000,0.000,0.000,0.000,0.000,0.000,0.000,0.000,0.000,0.013,0.613,2.375,3.025,3.625,4.150,4.538,4.738,4.750,4.750,4.225,4.763,4.750,4.750,4.700,4.475,4.075,3.338,2.113,2.238,1.288,0.638,0.138,0.000,0.013,0.000,0.000,0.013,0.000,0.000,0.000,0.000,0.000
6203808917,Actual,DZ114328,08/02/2026,kWh,consumption,0.288,0.288,0.275,0.275,0.288,0.275,0.275,0.275,0.275,0.288,2.638,0.313,0.200,0.038,0.013,0.000,0.013,0.000,0.000,0.000,0.000,0.000,0.000,0.000,0.000,0.175,0.000,0.000,0.000,0.000,0.000,0.000,0.000,0.000,0.000,0.000,0.000,0.013,0.000,0.000,0.000,0.050,0.288,0.275,0.288,0.275,0.288,0.275
6203808917,Actual,DZ114328,08/02/2026,kWh,generation,0.000,0.000,0.000,0.000,0.000,0.000,0.000,0.000,0.000,0.000,0.000,0.000,0.000,0.000,0.000,0.013,0.013,1.400,2.963,3.725,2.463,4.188,4.663,0.863,1.475,2.850,2.275,2.175,4.413,4.388,4.050,2.463,2.150,0.838,0.075,0.000,0.000,0.013,0.000,0.013,0.000,0.000,0.000,0.000,0.000,0.000,0.000,0.000
6203808917,Actual,DZ114328,09/02/2026,kWh,consumption,0.288,0.275,0.275,0.288,0.275,0.275,0.275,0.288,0.275,0.275,2.750,0.275,0.213,0.063,0.013,0.013,0.000,0.000,0.000,0.000,0.013,0.000,0.000,0.000,0.000,0.313,0.000,0.000,0.000,0.000,0.000,0.000,0.000,0.000,0.000,0.000,0.000,0.000,0.000,0.013,0.025,0.275,0.275,0.288,0.275,0.275,0.288,0.275
6203808917,Actual,DZ114328,09/02/2026,kWh,generation,0.000,0.000,0.000,0.000,0.000,0.000,0.000,0.000,0.000,0.000,0.000,0.000,0.000,0.000,0.013,0.013,0.000,0.013,0.000,0.013,0.300,0.813,1.350,1.138,1.325,1.513,1.463,1.525,1.425,1.088,0.888,0.763,1.400,1.163,0.213,0.013,0.000,0.013,0.000,0.013,0.000,0.000,0.000,0.000,0.000,0.000,0.000,0.000
6203808917,Actual,DZ114328,10/02/2026,kWh,consumption,0.275,0.275,0.275,0.275,0.288,0.275,0.275,0.288,0.275,0.275,2.650,0.275,0.250,0.138,0.025,0.013,0.000,0.000,0.013,0.013,0.000,0.000,0.000,0.000,0.000,0.325,0.000,0.000,0.000,0.000,0.000,0.000,0.000,0.000,0.000,0.000,0.013,0.000,0.000,0.000,0.013,0.000,0.025,0.888,0.663,0.563,0.875,0.625
6203808917,Actual,DZ114328,10/02/2026,kWh,generation,0.000,0.000,0.000,0.000,0.000,0.000,0.000,0.000,0.000,0.000,0.000,0.000,0.000,0.000,0.000,0.000,0.013,0.000,0.013,0.013,0.438,0.813,0.938,1.163,2.938,2.900,3.913,3.475,3.950,4.288,4.563,4.138,3.425,2.975,1.713,1.438,0.500,0.075,0.013,0.000,0.000,0.013,0.000,0.000,0.000,0.000,0.000,0.000
6203808917,Actual,DZ114328,11/02/2026,kWh,consumption,0.313,0.300,0.288,0.288,0.338,0.313,0.300,0.288,0.288,0.300,2.725,0.288,0.125,0.013,0.000,0.013,0.000,0.000,0.000,0.000,0.000,0.000,0.000,0.000,0.000,0.413,0.000,0.000,0.000,0.000,0.000,0.000,0.000,0.000,0.013,0.000,0.000,0.000,0.013,0.000,0.300,0.288,0.288,0.288,0.713,0.925,0.713,0.300
6203808917,Actual,DZ114328,11/02/2026,kWh,generation,0.000,0.000,0.000,0.000,0.000,0.000,0.000,0.000,0.000,0.000,0.000,0.000,0.000,0.013,0.000,0.013,0.350,1.338,2.588,2.950,1.400,1.175,2.263,1.463,1.463,0.338,1.488,2.175,2.038,1.250,1.100,0.525,0.038,0.013,0.000,0.000,0.013,0.000,0.000,0.013,0.000,0.000,0.000,0.000,0.000,0.000,0.000,0.000
6203808917,Actual,DZ114328,12/02/2026,kWh,consumption,0.475,0.863,0.375,0.338,0.963,0.975,0.913,0.813,0.688,0.488,2.875,0.275,0.100,0.000,0.000,0.013,0.013,0.000,0.000,0.000,0.000,0.000,0.000,0.000,0.000,0.000,0.000,0.000,0.000,0.000,0.000,0.000,0.000,0.000,0.000,0.000,0.000,0.000,0.000,0.000,0.013,0.000,0.000,0.213,0.275,0.288,0.275,0.275
6203808917,Actual,DZ114328,12/02/2026,kWh,generation,0.000,0.000,0.000,0.000,0.000,0.000,0.000,0.000,0.000,0.000,0.000,0.000,0.000,0.000,0.013,0.000,0.013,1.600,2.900,2.513,1.713,2.088,4.363,2.788,3.300,4.275,4.575,4.175,4.488,3.675,3.875,3.763,3.325,3.088,2.188,1.575,0.700,0.075,0.013,0.013,0.000,0.000,0.013,0.000,0.000,0.000,0.000,0.000
6203808917,Actual,DZ114328,13/02/2026,kWh,consumption,0.263,0.275,0.263,0.263,0.313,0.300,0.275,0.275,0.275,0.263,5.850,5.900,5.825,5.725,4.600,0.913,0.013,0.000,0.000,0.000,0.000,0.000,0.000,0.000,0.000,0.000,0.000,0.000,0.000,0.000,0.000,0.000,0.000,0.000,0.000,0.000,0.000,0.013,0.000,0.013,0.000,0.188,0.400,0.313,0.313,0.500,0.825,0.388
6203808917,Actual,DZ114328,13/02/2026,kWh,generation,0.000,0.000,0.000,0.000,0.000,0.000,0.000,0.000,0.000,0.000,0.000,0.000,0.000,0.000,0.000,0.000,0.050,0.513,0.925,0.925,0.938,1.013,2.300,1.013,1.200,2.275,2.088,2.088,2.300,2.325,3.250,3.350,3.650,2.913,2.213,1.413,0.525,0.025,0.000,0.013,0.000,0.000,0.000,0.000,0.000,0.000,0.000,0.000
6203808917,Actual,DZ114328,14/02/2026,kWh,consumption,0.663,0.275,0.275,0.263,0.275,0.263,0.275,0.263,0.275,0.263,0.275,0.250,0.100,0.013,0.013,0.000,0.000,0.000,0.000,0.000,0.000,0.000,0.000,0.000,0.000,0.000,0.000,0.000,0.000,0.000,0.000,0.000,0.000,0.000,0.000,0.000,0.000,0.013,0.000,0.000,0.000,0.013,0.000,0.188,0.300,0.300,0.300,0.288
6203808917,Actual,DZ114328,14/02/2026,kWh,generation,0.000,0.000,0.000,0.000,0.000,0.000,0.000,0.000,0.000,0.000,0.000,0.000,0.000,0.013,0.000,0.013,0.350,2.225,2.125,3.013,2.563,4.300,4.525,4.663,4.675,4.713,4.713,4.638,4.675,4.713,4.000,3.350,3.663,2.975,2.213,1.375,0.638,0.075,0.000,0.013,0.000,0.000,0.013,0.000,0.000,0.000,0.000,0.000
6203808917,Actual,DZ114328,15/02/2026,kWh,consumption,0.275,0.275,0.263,0.263,0.275,0.275,0.263,0.275,0.263,0.275,0.263,0.250,0.175,0.050,0.000,0.013,0.000,0.000,0.000,0.000,0.000,0.000,0.000,0.000,0.000,0.000,0.000,0.000,0.000,0.000,0.000,0.000,0.000,0.000,0.000,0.000,0.000,0.000,0.000,0.013,0.000,0.000,0.013,0.150,0.275,0.275,0.275,0.275
6203808917,Actual,DZ114328,15/02/2026,kWh,generation,0.000,0.000,0.000,0.000,0.000,0.000,0.000,0.000,0.000,0.000,0.000,0.000,0.000,0.000,0.013,0.000,0.200,2.250,2.925,3.525,4.013,4.425,4.650,4.650,4.713,4.650,4.725,4.700,4.700,4.663,4.388,3.963,3.438,2.788,2.075,1.300,0.563,0.050,0.013,0.000,0.000,0.000,0.013,0.000,0.000,0.000,0.000,0.000
6203808917,Actual,DZ114328,16/02/2026,kWh,consumption,0.288,0.300,0.288,0.275,0.275,0.300,0.275,0.263,0.263,0.275,0.263,0.250,0.200,0.088,0.013,0.013,0.000,0.000,0.000,0.000,0.000,0.000,0.000,0.000,0.000,0.000,0.000,0.000,0.000,0.000,0.000,0.000,0.000,0.000,0.000,0.000,0.000,0.013,0.000,0.000,0.013,0.000,2.575,3.038,1.738,0.325,0.350,0.313
6203808917,Actual,DZ114328,16/02/2026,kWh,generation,0.000,0.000,0.000,0.000,0.000,0.000,0.000,0.000,0.000,0.000,0.000,0.000,0.000,0.000,0.000,0.013,0.175,2.213,2.950,3.525,4.038,4.425,4.663,4.725,4.138,4.250,4.713,3.350,3.400,4.250,4.200,3.050,3.363,2.638,1.688,1.138,0.550,0.038,0.000,0.013,0.000,0.000,0.000,0.000,0.000,0.000,0.000,0.000
6203808917,Actual,DZ114328,17/02/2026,kWh,consumption,0.288,0.288,0.300,0.300,0.288,0.275,0.263,0.263,0.250,0.263,0.250,0.250,0.200,0.113,0.013,0.013,0.000,0.000,0.000,0.000,0.000,0.000,0.000,0.000,0.000,0.000,0.000,0.000,0.000,0.000,0.000,0.000,0.000,0.000,0.000,0.013,0.013,0.000,0.000,0.013,0.388,0.725,0.338,0.350,0.338,0.313,0.300,0.300
6203808917,Actual,DZ114328,17/02/2026,kWh,generation,0.000,0.000,0.000,0.000,0.000,0.000,0.000,0.000,0.000,0.000,0.000,0.000,0.000,0.000,0.013,0.013,0.175,2.238,3.025,2.613,3.788,3.825,4.425,3.975,3.325,3.813,3.175,2.313,1.025,0.325,0.513,0.200,0.100,0.088,0.063,0.013,0.000,0.013,0.000,0.013,0.000,0.000,0.000,0.000,0.000,0.000,0.000,0.000
6203808917,Actual,DZ114328,18/02/2026,kWh,consumption,0.300,0.313,0.363,0.400,0.400,0.400,0.350,0.363,0.350,0.350,5.988,6.000,5.900,5.800,3.113,0.013,0.000,0.013,0.000,0.000,0.000,0.000,0.000,0.000,0.000,0.000,0.000,0.163,0.000,0.000,0.000,0.000,0.000,0.000,0.000,0.000,0.000,0.000,0.000,0.000,0.013,0.000,0.000,0.163,0.275,0.263,0.263,0.263
6203808917,Actual,DZ114328,18/02/2026,kWh,generation,0.000,0.000,0.000,0.000,0.000,0.000,0.000,0.000,0.000,0.000,0.000,0.000,0.000,0.000,0.000,0.013,0.013,1.400,2.888,3.475,3.163,3.513,3.400,3.613,3.563,3.763,3.425,2.688,4.438,4.400,4.475,3.688,3.475,2.850,2.125,1.338,0.575,0.038,0.000,0.000,0.013,0.000,0.013,0.000,0.000,0.000,0.000,0.000
6203808917,Actual,DZ114328,19/02/2026,kWh,consumption,0.263,0.263,0.250,0.263,0.400,0.988,0.988,0.875,0.738,0.725,6.013,6.000,0.763,0.175,0.013,0.013,0.013,0.000,0.000,0.000,0.000,0.000,0.000,0.000,0.000,0.000,0.088,0.000,0.000,0.000,0.000,0.000,0.000,0.000,0.000,0.000,0.000,0.000,0.013,0.000,0.000,0.000,0.013,0.213,0.575,0.875,0.825,0.613
6203808917,Actual,DZ114328,19/02/2026,kWh,generation,0.000,0.000,0.000,0.000,0.000,0.000,0.000,0.000,0.000,0.000,0.000,0.000,0.000,0.000,0.000,0.013,0.325,1.025,2.650,2.988,3.950,4.350,4.700,4.675,4.438,4.613,3.900,4.463,4.450,4.650,4.475,4.050,3.513,2.863,2.188,1.388,0.575,0.025,0.013,0.000,0.000,0.000,0.013,0.000,0.000,0.000,0.000,0.000
6203808917,Actual,DZ114328,20/02/2026,kWh,consumption,0.288,0.300,0.325,0.288,0.313,0.300,0.300,0.313,0.300,0.300,5.863,5.913,5.863,5.263,0.025,0.000,0.013,0.000,0.000,0.000,0.000,0.000,0.000,0.000,0.000,0.000,0.000,0.000,0.000,0.000,0.000,0.000,0.000,0.000,0.000,0.000,0.000,0.013,0.000,0.000,0.013,0.000,0.000,0.138,0.263,0.263,0.263,0.275
6203808917,Actual,DZ114328,20/02/2026,kWh,generation,0.000,0.000,0.000,0.000,0.000,0.000,0.000,0.000,0.000,0.000,0.000,0.000,0.000,0.000,0.000,0.013,0.013,0.688,1.913,3.638,3.825,4.413,4.675,4.750,4.788,4.788,4.763,4.763,4.713,4.688,4.450,4.025,3.500,2.850,2.125,1.350,0.513,0.025,0.013,0.000,0.000,0.000,0.000,0.013,0.000,0.000,0.000,0.000
6203808917,Actual,DZ114328,21/02/2026,kWh,consumption,0.288,0.275,0.263,0.263,0.263,0.250,0.263,0.263,0.263,0.250,0.263,0.250,0.200,0.038,0.000,0.000,0.013,0.000,0.013,0.000,0.000,0.000,0.000,0.000,0.000,0.000,0.000,0.000,0.000,0.000,0.000,0.000,0.000,0.000,0.000,0.000,0.000,0.000,0.000,0.000,0.000,0.013,0.000,0.163,0.263,0.263,0.375,1.088
6203808917,Actual,DZ114328,21/02/2026,kWh,generation,0.000,0.000,0.000,0.000,0.000,0.000,0.000,0.000,0.000,0.000,0.000,0.000,0.000,0.000,0.000,0.013,0.000,0.013,0.788,3.100,4.050,4.475,4.750,4.763,4.775,4.788,4.775,4.663,4.475,3.575,3.563,2.763,2.525,2.913,2.088,1.288,0.475,0.013,0.000,0.013,0.000,0.000,0.013,0.000,0.000,0.000,0.000,0.000
6203808917,Actual,DZ114328,22/02/2026,kWh,consumption,1.038,1.438,1.363,0.900,0.788,0.700,0.700,0.600,0.325,0.288,5.875,5.900,5.838,5.875,5.788,3.100,0.013,0.000,0.000,0.000,0.000,0.013,0.000,0.000,0.013,0.000,0.013,0.000,0.000,0.000,0.000,0.013,0.000,0.000,0.000,0.013,0.000,0.000,0.000,0.013,0.363,0.350,0.325,0.250,0.263,0.250,0.300,0.313
6203808917,Actual,DZ114328,22/02/2026,kWh,generation,0.000,0.000,0.000,0.000,0.000,0.000,0.000,0.000,0.000,0.000,0.000,0.000,0.000,0.000,0.000,0.000,0.000,0.000,0.000,0.013,0.000,0.000,0.013,0.000,0.038,0.038,0.050,0.063,0.000,0.000,0.000,0.013,0.000,0.013,0.000,0.000,0.013,0.013,0.000,0.013,0.000,0.000,0.000,0.000,0.000,0.000,0.000,0.000
6203808917,Actual,DZ114328,23/02/2026,kWh,consumption,0.400,0.700,0.350,0.338,0.288,0.275,0.275,0.288,0.275,5.850,5.913,5.888,5.913,5.763,5.625,5.575,0.963,0.450,0.088,0.000,0.025,0.000,0.000,0.000,0.000,0.000,0.000,0.000,0.000,0.000,0.000,0.000,0.000,0.000,0.000,0.000,0.000,0.013,0.000,0.000,0.013,0.213,0.550,0.825,0.388,0.650,0.288,0.275
6203808917,Actual,DZ114328,23/02/2026,kWh,generation,0.000,0.000,0.000,0.000,0.000,0.000,0.000,0.000,0.000,0.000,0.000,0.000,0.000,0.000,0.000,0.000,0.000,0.000,0.050,0.088,0.025,1.488,3.075,3.813,4.100,4.138,4.713,4.713,4.638,4.688,4.538,4.138,3.563,2.888,2.138,1.175,0.250,0.013,0.000,0.013,0.000,0.000,0.000,0.000,0.000,0.000,0.000,0.000
6203808917,Actual,DZ114328,24/02/2026,kWh,consumption,0.275,0.263,0.250,0.263,0.250,0.263,0.250,0.263,0.250,0.363,0.263,0.275,0.213,0.013,0.263,0.038,0.025,0.013,0.000,0.000,0.000,0.000,0.000,0.000,0.000,0.000,0.013,0.000,0.000,0.000,0.000,0.000,0.000,0.000,0.000,0.000,0.013,0.000,0.000,0.013,0.000,0.088,0.400,0.338,0.313,0.313,0.288,0.275
6203808917,Actual,DZ114328,24/02/2026,kWh,generation,0.000,0.000,0.000,0.000,0.000,0.000,0.000,0.000,0.000,0.000,0.000,0.000,0.000,0.000,0.000,0.025,0.025,0.363,1.425,1.500,3.488,4.338,4.363,3.750,0.800,0.013,0.000,0.013,0.063,0.538,2.325,1.725,1.000,1.988,1.513,0.100,0.025,0.013,0.000,0.000,0.000,0.013,0.000,0.000,0.000,0.000,0.000,0.000
6203808917,Actual,DZ114328,25/02/2026,kWh,consumption,0.263,0.275,0.263,0.275,0.263,0.263,0.263,0.263,0.388,0.300,0.275,0.288,0.263,0.150,0.025,0.013,0.013,0.025,0.000,0.000,0.000,0.000,0.000,0.000,0.000,0.000,0.000,0.000,0.000,0.000,0.000,0.000,0.000,0.000,0.000,0.000,0.000,0.000,0.013,0.000,0.000,0.013,0.238,0.438,0.863,0.300,0.313,0.275
6203808917,Actual,DZ114328,25/02/2026,kWh,generation,0.000,0.000,0.000,0.000,0.000,0.000,0.000,0.000,0.000,0.000,0.000,0.000,0.000,0.000,0.000,0.000,0.025,0.013,1.088,1.913,2.488,1.863,1.450,1.150,1.363,1.000,1.200,2.413,2.088,1.650,1.850,1.638,1.450,0.825,0.238,0.138,0.013,0.013,0.000,0.000,0.000,0.000,0.000,0.000,0.000,0.000,0.000,0.000
6203808917,Actual,DZ114328,26/02/2026,kWh,consumption,0.263,0.275,0.300,0.900,0.463,0.425,0.363,0.375,0.488,5.888,5.950,5.938,5.888,5.738,5.550,5.338,0.013,0.013,0.000,0.000,0.000,0.000,0.000,0.000,0.000,0.000,0.000,0.000,0.000,0.000,0.000,0.000,0.000,0.000,0.000,0.000,0.013,0.000,0.000,0.013,0.000,0.013,0.325,0.288,0.275,0.288,0.275,0.275
6203808917,Actual,DZ114328,26/02/2026,kWh,generation,0.000,0.000,0.000,0.000,0.000,0.000,0.000,0.000,0.000,0.000,0.000,0.000,0.000,0.000,0.000,0.000,0.013,0.013,0.000,1.188,3.750,3.850,3.750,3.975,4.300,3.963,4.513,4.688,4.688,4.650,4.288,3.888,3.363,2.713,1.913,1.063,0.213,0.000,0.013,0.000,0.000,0.013,0.000,0.000,0.000,0.000,0.000,0.000
6203808917,Actual,DZ114328,27/02/2026,kWh,consumption,0.275,0.275,0.263,0.275,0.263,0.263,0.250,0.263,0.263,0.250,0.263,0.375,0.238,0.163,0.038,0.000,0.013,0.000,0.000,0.000,0.000,0.000,0.000,0.000,0.000,0.000,0.000,0.000,0.000,0.000,0.000,0.000,0.013,0.000,0.000,0.000,0.013,0.000,0.013,0.000,0.475,5.163,6.688,7.150,6.625,6.563,6.588,6.613
6203808917,Actual,DZ114328,27/02/2026,kWh,generation,0.000,0.000,0.000,0.000,0.000,0.000,0.000,0.000,0.000,0.000,0.000,0.000,0.000,0.000,0.000,0.013,0.000,0.963,2.038,2.538,3.538,3.750,3.963,3.050,4.563,2.863,3.150,2.688,1.100,0.313,0.000,0.013,0.000,0.000,0.013,0.000,0.000,0.000,0.013,0.000,0.000,0.000,0.000,0.000,0.000,0.000,0.000,0.000
6203808917,Actual,DZ114328,28/02/2026,kWh,consumption,3.250,0.400,0.413,0.400,0.388,0.363,0.363,0.350,0.350,0.363,0.350,0.350,0.325,0.088,0.013,0.000,0.013,0.000,0.013,0.000,0.000,0.000,0.000,0.000,0.000,0.000,0.000,0.000,0.000,0.000,0.000,0.000,0.000,0.000,0.000,0.000,0.013,0.000,0.000,0.013,0.438,0.425,0.513,0.350,0.350,0.350,0.350,0.338
6203808917,Actual,DZ114328,28/02/2026,kWh,generation,0.000,0.000,0.000,0.000,0.000,0.000,0.000,0.000,0.000,0.000,0.000,0.000,0.000,0.000,0.013,0.000,0.013,0.000,0.738,1.288,2.375,2.713,2.275,2.075,1.563,0.825,0.800,0.650,0.913,0.975,0.613,0.625,0.450,0.113,0.025,0.063,0.000,0.013,0.000,0.013,0.000,0.000,0.000,0.000,0.000,0.000,0.000,0.000
6203808917,Actual,DZ114328,01/03/2026,kWh,consumption,0.325,0.313,0.313,0.325,0.325,0.313,0.313,0.313,0.313,0.313,0.313,0.288,0.275,0.113,0.013,0.013,0.000,0.000,0.000,0.000,0.000,0.000,0.000,0.000,0.000,0.000,0.000,0.000,0.000,0.000,0.000,0.000,0.000,0.013,0.000,0.000,0.000,0.013,0.000,0.013,0.413,0.400,0.700,0.875,0.400,0.738,0.363,0.338
6203808917,Actual,DZ114328,01/03/2026,kWh,generation,0.000,0.000,0.000,0.000,0.000,0.000,0.000,0.000,0.000,0.000,0.000,0.000,0.000,0.000,0.000,0.013,0.000,0.000,0.063,1.988,2.275,2.450,2.600,2.675,3.063,1.850,1.500,1.925,0.988,0.663,0.238,0.263,0.100,0.000,0.000,0.013,0.000,0.000,0.013,0.000,0.000,0.000,0.000,0.000,0.000,0.000,0.000,0.000
6203808917,Actual,DZ114328,02/03/2026,kWh,consumption,0.350,0.338,0.788,1.063,1.038,1.013,1.013,1.000,0.963,6.475,6.475,6.400,6.413,6.238,2.138,0.013,0.000,0.013,0.025,0.038,0.013,0.013,0.013,0.013,0.000,0.000,0.000,0.000,0.000,0.000,0.000,0.000,0.000,0.000,0.013,0.000,0.013,0.000,0.013,0.000,0.338,0.300,0.288,0.288,0.300,0.275,0.413,0.850
6203808917,Actual,DZ114328,02/03/2026,kWh,generation,0.000,0.000,0.000,0.000,0.000,0.000,0.000,0.000,0.000,0.000,0.000,0.000,0.000,0.000,0.000,0.000,0.013,0.000,0.013,0.013,0.013,0.013,0.000,0.013,0.288,0.550,1.013,0.900,0.400,0.263,0.213,0.313,0.213,0.025,0.000,0.000,0.013,0.000,0.013,0.000,0.000,0.000,0.000,0.000,0.000,0.000,0.000,0.000
6203808917,Actual,DZ114328,03/03/2026,kWh,consumption,0.350,0.313,0.288,0.275,0.275,0.263,0.263,0.263,0.263,5.800,5.900,5.838,5.700,0.425,1.250,0.675,0.563,0.050,0.000,0.013,0.000,0.000,0.000,0.000,0.000,0.000,0.000,0.000,0.000,0.000,0.000,0.000,0.000,0.000,0.000,0.000,0.013,0.000,0.013,0.000,0.250,0.313,0.313,0.375,0.313,0.300,0.338,0.313
6203808917,Actual,DZ114328,03/03/2026,kWh,generation,0.000,0.000,0.000,0.000,0.000,0.000,0.000,0.000,0.000,0.000,0.000,0.000,0.000,0.000,0.000,0.000,0.000,0.000,0.013,0.013,0.675,2.500,3.538,3.788,4.350,3.750,3.475,3.113,2.913,3.413,2.863,2.113,1.413,0.863,0.538,0.225,0.013,0.000,0.000,0.000,0.013,0.000,0.000,0.000,0.000,0.000,0.000,0.000
6203808917,Actual,DZ114328,04/03/2026,kWh,consumption,0.325,0.300,0.275,0.275,0.288,0.263,0.275,0.275,0.263,5.838,5.913,5.900,5.888,1.625,0.025,0.425,0.450,0.125,0.100,3.313,4.188,0.000,0.000,0.013,0.000,0.000,0.000,0.000,0.000,0.000,0.000,0.000,0.000,0.250,0.000,0.000,0.000,0.013,0.000,0.013,0.413,0.400,0.375,0.350,0.363,0.338,0.313,0.313
6203808917,Actual,DZ114328,04/03/2026,kWh,generation,0.000,0.000,0.000,0.000,0.000,0.000,0.000,0.000,0.000,0.000,0.000,0.000,0.000,0.000,0.000,0.000,0.000,0.000,0.000,0.000,0.000,0.013,0.000,0.000,0.013,0.488,1.788,1.750,2.575,2.825,3.100,3.013,3.063,2.150,0.850,0.300,0.000,0.013,0.013,0.000,0.000,0.000,0.000,0.000,0.000,0.000,0.000,0.000
6203808917,Actual,DZ114328,05/03/2026,kWh,consumption,0.313,0.313,0.300,0.313,0.313,0.313,0.350,0.350,0.313,5.888,5.963,2.825,0.300,0.338,0.075,0.025,0.013,0.000,0.000,0.000,0.000,0.000,0.000,0.000,0.863,0.225,0.000,0.000,0.000,0.000,0.000,0.000,0.000,0.000,0.000,0.000,0.000,0.013,0.000,0.000,0.013,0.125,0.338,0.325,0.350,0.338,0.425,0.750
6203808917,Actual,DZ114328,05/03/2026,kWh,generation,0.000,0.000,0.000,0.000,0.000,0.000,0.000,0.000,0.000,0.000,0.000,0.000,0.000,0.000,0.000,0.013,0.000,0.013,2.025,3.438,3.900,4.363,4.588,4.625,2.250,3.363,3.888,3.888,3.825,3.775,3.488,3.025,2.788,2.525,1.825,1.013,0.100,0.000,0.013,0.000,0.013,0.000,0.000,0.000,0.000,0.000,0.000,0.000
6203808917,Actual,DZ114328,06/03/2026,kWh,consumption,0.400,0.363,0.313,0.313,0.313,0.313,0.313,0.313,0.313,5.875,5.925,5.338,0.300,0.238,0.075,0.013,0.038,0.013,0.025,0.000,0.000,0.000,0.000,0.000,0.213,0.000,0.000,0.000,0.000,0.000,0.000,0.000,0.000,0.000,0.000,0.000,0.000,0.000,0.013,0.000,0.013,0.575,0.638,0.513,1.200,0.775,0.638,0.350
6203808917,Actual,DZ114328,06/03/2026,kWh,generation,0.000,0.000,0.000,0.000,0.000,0.000,0.000,0.000,0.000,0.000,0.000,0.000,0.000,0.000,0.000,0.000,0.025,0.025,0.013,0.325,1.525,1.738,2.388,2.188,3.500,4.550,4.613,4.550,4.575,4.438,3.500,3.063,2.563,2.225,1.713,0.900,0.075,0.000,0.000,0.013,0.000,0.000,0.000,0.000,0.000,0.000,0.000,0.000
6203808917,Actual,DZ114328,07/03/2026,kWh,consumption,0.350,0.988,0.975,0.975,0.975,0.925,0.338,0.313,0.325,0.300,0.313,0.313,0.300,0.263,0.063,0.063,0.013,0.025,0.000,0.000,0.000,0.000,0.000,0.000,0.000,0.000,0.000,0.000,0.000,0.000,0.000,0.000,0.000,0.000,0.000,0.000,0.000,0.013,0.000,0.000,0.013,4.375,0.313,0.313,0.300,0.288,0.300,0.300
6203808917,Actual,DZ114328,07/03/2026,kWh,generation,0.000,0.000,0.000,0.000,0.000,0.000,0.000,0.000,0.000,0.000,0.000,0.000,0.000,0.000,0.000,0.013,0.025,0.100,1.663,1.038,1.688,2.450,2.875,4.188,4.025,3.088,2.775,3.038,3.613,4.625,4.263,2.475,1.100,0.363,0.188,0.013,0.000,0.013,0.000,0.013,0.000,0.000,0.000,0.000,0.000,0.000,0.000,0.000
6203808917,Actual,DZ114328,08/03/2026,kWh,consumption,0.300,0.300,0.300,0.300,0.300,0.300,0.288,0.288,0.288,0.300,0.288,0.288,0.263,0.150,0.025,0.000,0.013,0.000,0.013,0.000,0.000,0.000,0.000,0.000,0.000,0.000,0.000,0.000,0.000,0.000,0.000,0.000,0.000,0.438,2.200,3.575,0.000,0.000,0.000,0.013,1.138,1.113,1.000,1.025,5.850,6.088,6.163,6.138
6203808917,Actual,DZ114328,08/03/2026,kWh,generation,0.000,0.000,0.000,0.000,0.000,0.000,0.000,0.000,0.000,0.000,0.000,0.000,0.000,0.000,0.000,0.013,0.000,0.000,0.013,0.375,0.575,1.163,1.638,2.025,2.075,2.750,4.138,3.750,3.913,4.500,4.088,2.988,1.938,1.375,0.588,0.000,0.013,0.000,0.013,0.000,0.000,0.000,0.000,0.000,0.000,0.000,0.000,0.000
6203808917,Actual,DZ114328,09/03/2026,kWh,consumption,6.150,6.138,4.825,0.575,0.450,4.050,4.138,0.538,0.325,0.375,0.325,0.313,0.300,0.213,0.075,0.000,0.025,0.000,0.013,0.000,0.000,0.000,0.000,0.000,0.000,0.000,0.000,0.000,0.000,0.000,0.000,0.000,0.000,0.000,0.000,0.000,0.000,0.000,0.000,0.013,0.300,0.325,0.325,0.325,0.338,0.325,0.325,0.313
6203808917,Actual,DZ114328,09/03/2026,kWh,generation,0.000,0.000,0.000,0.000,0.000,0.000,0.000,0.000,0.000,0.000,0.000,0.000,0.000,0.000,0.000,0.013,0.025,0.013,0.063,0.513,2.675,4.325,4.138,4.400,3.800,3.875,3.688,2.000,2.025,3.963,3.750,2.300,3.150,2.463,1.650,0.763,0.025,0.013,0.000,0.000,0.000,0.000,0.000,0.000,0.000,0.000,0.000,0.000
6203808917,Actual,DZ114328,10/03/2026,kWh,consumption,0.313,0.325,0.325,0.350,0.788,0.475,0.375,0.313,0.313,5.850,5.913,5.863,5.888,5.813,4.713,0.438,0.088,0.013,0.000,0.000,0.000,0.000,0.000,0.000,0.000,0.000,0.000,0.000,0.000,0.000,0.000,0.000,0.000,0.000,0.000,0.000,0.013,0.000,0.000,0.025,0.750,0.400,0.788,0.350,0.325,0.363,0.338,0.300
6203808917,Actual,DZ114328,10/03/2026,kWh,generation,0.000,0.000,0.000,0.000,0.000,0.000,0.000,0.000,0.000,0.000,0.000,0.000,0.000,0.000,0.000,0.000,0.013,0.013,1.800,3.050,3.775,4.200,4.413,4.563,4.638,4.650,4.225,4.200,4.525,4.350,3.963,3.450,2.963,2.313,1.538,0.713,0.025,0.000,0.013,0.013,0.000,0.000,0.000,0.000,0.000,0.000,0.000,0.000
6203808917,Actual,DZ114328,11/03/2026,kWh,consumption,0.300,0.650,6.013,6.275,6.000,5.963,5.913,5.900,5.888,5.900,5.850,2.313,0.425,0.238,0.250,0.113,0.013,0.013,0.013,0.000,0.000,0.000,0.013,0.000,0.013,0.000,0.000,0.000,0.000,0.000,0.000,0.000,0.000,0.000,0.000,0.013,0.000,0.013,0.000,0.000,0.013,0.313,0.300,0.300,0.300,0.288,0.300,0.288
6203808917,Actual,DZ114328,11/03/2026,kWh,generation,0.000,0.000,0.000,0.000,0.000,0.000,0.000,0.000,0.000,0.000,0.000,0.000,0.000,0.000,0.000,0.000,0.000,0.000,0.013,0.000,0.013,0.000,0.013,0.000,0.013,0.000,0.163,0.375,1.075,1.950,1.638,0.163,0.500,0.413,1.013,0.350,0.000,0.000,0.013,0.000,0.000,0.000,0.000,0.000,0.000,0.000,0.000,0.000
6203808917,Actual,DZ114328,12/03/2026,kWh,consumption,0.288,0.288,0.288,0.275,0.263,0.263,0.263,0.250,0.263,5.788,5.913,5.888,5.838,5.688,5.538,1.200,0.425,0.075,0.000,0.000,0.000,0.000,0.000,0.000,0.000,1.700,4.175,0.013,0.000,0.000,0.000,0.000,0.000,0.000,0.000,0.000,0.013,0.000,0.000,0.000,0.225,0.750,1.213,0.475,0.300,0.300,0.288,0.300
6203808917,Actual,DZ114328,12/03/2026,kWh,generation,0.000,0.000,0.000,0.000,0.000,0.000,0.000,0.000,0.000,0.000,0.000,0.000,0.000,0.000,0.000,0.013,0.000,0.000,0.563,1.563,0.513,1.475,0.513,1.200,2.363,0.300,0.000,0.013,0.413,1.338,1.225,0.538,0.313,0.275,0.038,0.100,0.000,0.013,0.000,0.000,0.000,0.000,0.000,0.000,0.000,0.000,0.000,0.000
6203808917,Actual,DZ114328,13/03/2026,kWh,consumption,0.300,0.288,0.288,0.300,0.288,0.288,0.288,0.275,0.288,5.838,5.913,5.888,0.850,0.213,0.013,0.025,0.013,0.013,0.000,0.000,0.000,0.000,0.000,0.138,0.000,0.000,0.000,0.000,0.788,1.538,0.100,0.000,0.000,0.000,0.000,0.000,0.000,0.000,0.013,0.000,0.288,0.425,0.400,0.400,0.438,0.850,0.600,0.663
6203808917,Actual,DZ114328,13/03/2026,kWh,generation,0.000,0.000,0.000,0.000,0.000,0.000,0.000,0.000,0.000,0.000,0.000,0.000,0.000,0.000,0.013,0.000,0.025,0.338,2.288,1.563,0.963,4.075,3.450,3.025,3.863,3.688,4.288,4.413,1.600,0.000,3.500,3.275,2.813,2.125,1.263,0.700,0.025,0.000,0.000,0.000,0.000,0.000,0.000,0.000,0.000,0.000,0.000,0.000
6203808917,Actual,DZ114328,14/03/2026,kWh,consumption,0.888,0.888,0.850,0.438,0.375,0.350,0.363,0.363,0.350,0.388,0.388,0.363,0.350,0.250,0.050,0.013,0.013,0.000,0.000,0.000,0.000,0.000,0.000,0.000,0.000,0.000,0.000,0.000,0.000,0.000,0.000,0.000,0.000,0.000,0.000,0.000,0.000,0.000,0.000,0.013,0.463,0.388,0.475,0.350,0.363,0.438,0.338,0.313
6203808917,Actual,DZ114328,14/03/2026,kWh,generation,0.000,0.000,0.000,0.000,0.000,0.000,0.000,0.000,0.000,0.000,0.000,0.000,0.000,0.000,0.013,0.013,0.013,1.538,2.888,2.988,3.650,3.800,4.363,4.588,4.663,4.113,4.650,4.638,4.625,4.488,4.038,3.488,2.738,1.000,1.138,0.200,0.000,0.013,0.013,0.000,0.000,0.000,0.000,0.000,0.000,0.000,0.000,0.000
6203808917,Actual,DZ114328,15/03/2026,kWh,consumption,0.325,0.325,0.338,0.325,1.150,1.225,1.213,1.225,1.225,1.263,1.200,1.200,1.175,1.088,0.113,0.375,0.138,0.013,0.000,0.000,0.000,0.000,0.000,0.000,0.000,0.000,0.000,0.000,0.000,0.000,0.000,0.000,1.238,3.163,2.188,0.000,0.013,0.000,0.000,0.013,0.563,0.850,0.763,0.300,0.288,0.300,0.300,0.313
6203808917,Actual,DZ114328,15/03/2026,kWh,generation,0.000,0.000,0.000,0.000,0.000,0.000,0.000,0.000,0.000,0.000,0.000,0.000,0.000,0.000,0.000,0.013,0.000,0.013,1.888,2.363,3.263,4.113,4.375,4.638,4.513,4.338,2.438,3.025,3.500,3.538,4.088,0.650,0.113,0.000,0.000,0.013,0.000,0.013,0.000,0.013,0.000,0.000,0.000,0.000,0.000,0.000,0.000,0.000
6203808917,Actual,DZ114328,16/03/2026,kWh,consumption,0.313,0.288,0.300,0.288,0.288,0.388,6.713,6.913,6.925,5.950,3.363,0.288,0.288,0.275,0.213,0.175,0.100,0.350,0.588,1.463,0.725,0.563,1.413,0.213,0.025,0.025,0.013,0.013,0.013,0.000,0.000,0.013,0.000,0.013,0.000,0.000,0.013,0.000,0.000,0.138,0.788,0.688,0.388,0.738,0.375,0.413,0.388,0.725
6203808917,Actual,DZ114328,16/03/2026,kWh,generation,0.000,0.000,0.000,0.000,0.000,0.000,0.000,0.000,0.000,0.000,0.000,0.000,0.000,0.000,0.000,0.000,0.000,0.000,0.000,0.000,0.000,0.000,0.000,0.000,0.013,0.013,0.000,0.013,0.013,0.013,0.000,0.000,0.013,0.000,0.000,0.000,0.013,0.013,0.000,0.000,0.000,0.000,0.000,0.000,0.000,0.000,0.000,0.000
6203808917,Actual,DZ114328,17/03/2026,kWh,consumption,0.663,0.350,0.338,0.975,1.250,1.238,1.250,1.238,1.250,5.900,5.850,5.863,2.238,0.288,0.200,0.075,0.125,0.050,0.013,0.013,0.000,0.000,0.013,1.025,0.000,0.013,0.000,0.000,0.013,0.000,0.000,0.000,0.000,0.000,0.463,0.125,0.000,0.000,0.013,0.000,0.325,0.388,0.475,0.425,0.475,1.175,1.100,0.313
6203808917,Actual,DZ114328,17/03/2026,kWh,generation,0.000,0.000,0.000,0.000,0.000,0.000,0.000,0.000,0.000,0.000,0.000,0.000,0.000,0.000,0.000,0.000,0.000,0.000,0.013,0.013,0.000,0.000,0.013,0.013,0.000,0.013,0.013,0.000,0.038,1.938,2.050,1.463,0.688,0.250,0.050,0.000,0.013,0.000,0.013,0.000,0.000,0.000,0.000,0.000,0.000,0.000,0.000,0.000
6203808917,Actual,DZ114328,18/03/2026,kWh,consumption,0.300,0.300,0.288,0.388,1.188,1.188,1.188,1.175,1.175,5.838,5.688,1.188,1.163,1.150,0.363,0.000,0.038,0.000,0.013,0.000,0.000,0.088,0.063,0.000,0.000,0.000,0.000,0.000,0.000,0.000,0.000,0.000,0.000,0.000,0.000,0.000,0.013,0.000,0.000,0.013,0.375,0.338,0.325,0.325,0.325,0.325,0.300,0.300
6203808917,Actual,DZ114328,18/03/2026,kWh,generation,0.000,0.000,0.000,0.000,0.000,0.000,0.000,0.000,0.000,0.000,0.000,0.000,0.000,0.000,0.000,0.013,0.000,0.013,0.000,0.575,1.550,2.813,1.713,2.675,2.275,3.575,3.175,4.475,4.525,4.413,4.063,2.600,2.513,2.488,0.475,0.313,0.000,0.013,0.000,0.013,0.000,0.000,0.000,0.000,0.000,0.000,0.000,0.000
6203808917,Actual,DZ114328,19/03/2026,kWh,consumption,0.300,0.288,0.350,1.288,1.300,1.288,1.250,1.250,1.238,5.800,5.863,1.488,0.250,0.250,0.188,0.038,0.025,0.063,0.013,0.013,0.000,0.463,0.013,0.013,0.000,0.013,0.000,0.000,0.000,0.000,0.000,0.000,0.000,2.550,3.363,3.688,0.013,0.000,0.000,0.700,1.288,1.200,0.925,0.888,0.763,0.700,0.625,0.363
6203808917,Actual,DZ114328,19/03/2026,kWh,generation,0.000,0.000,0.000,0.000,0.000,0.000,0.000,0.000,0.000,0.000,0.000,0.000,0.000,0.000,0.000,0.000,0.013,0.000,0.013,0.013,0.000,0.013,0.013,0.013,0.000,0.013,0.000,1.375,0.538,0.825,1.100,1.513,1.175,0.088,0.000,0.000,0.013,0.000,0.013,0.000,0.000,0.000,0.000,0.000,0.000,0.000,0.000,0.000
6203808917,Actual,DZ114328,20/03/2026,kWh,consumption,0.325,0.313,0.325,0.313,0.388,0.375,0.400,1.113,1.300,5.925,5.938,4.800,1.025,0.288,0.113,0.025,0.088,0.013,0.013,0.000,0.013,0.000,0.000,0.000,0.000,0.000,0.000,0.000,0.000,0.000,0.000,0.000,0.000,0.000,0.000,0.000,0.013,0.000,0.000,0.013,0.175,0.313,0.300,1.575,0.313,0.713,0.725,0.313
6203808917,Actual,DZ114328,20/03/2026,kWh,generation,0.000,0.000,0.000,0.000,0.000,0.000,0.000,0.000,0.000,0.000,0.000,0.000,0.000,0.000,0.000,0.000,0.013,0.013,0.000,0.013,0.250,0.138,1.775,3.838,4.725,4.738,4.725,4.725,4.675,4.375,3.988,3.600,1.825,1.263,1.525,0.275,0.000,0.000,0.013,0.000,0.000,0.000,0.000,0.000,0.000,0.000,0.000,0.000
6203808917,Actual,DZ114328,21/03/2026,kWh,consumption,0.663,0.288,0.275,0.275,0.263,0.275,0.263,0.263,0.263,0.263,0.263,0.263,0.263,0.213,0.088,0.000,0.013,0.000,0.000,0.000,0.000,0.013,0.000,0.000,0.000,0.000,0.000,0.000,0.000,0.000,0.000,0.000,0.000,0.000,0.000,0.000,0.013,0.000,0.000,0.000,0.500,0.475,0.500,0.663,0.813,0.700,1.075,0.588
6203808917,Actual,DZ114328,21/03/2026,kWh,generation,0.000,0.000,0.000,0.000,0.000,0.000,0.000,0.000,0.000,0.000,0.000,0.000,0.000,0.000,0.000,0.013,0.013,0.400,0.975,1.013,2.988,2.525,3.013,3.438,4.438,4.663,4.650,4.600,4.550,4.350,3.938,3.438,2.838,2.075,0.663,0.013,0.000,0.013,0.000,0.000,0.000,0.000,0.000,0.000,0.000,0.000,0.000,0.000
6203808917,Actual,DZ114328,22/03/2026,kWh,consumption,0.313,0.288,0.288,0.275,0.288,0.275,0.275,0.275,0.275,0.275,0.275,0.263,0.263,0.200,0.088,0.000,0.013,0.013,0.000,0.000,0.000,0.000,0.000,0.000,0.000,0.000,0.000,0.000,0.000,0.000,0.613,0.000,2.125,1.450,0.000,0.013,0.000,0.000,0.013,0.000,0.738,0.363,0.325,0.325,0.313,0.313,0.275,0.275
6203808917,Actual,DZ114328,22/03/2026,kWh,generation,0.000,0.000,0.000,0.000,0.000,0.000,0.000,0.000,0.000,0.000,0.000,0.000,0.000,0.000,0.000,0.013,0.013,0.000,0.713,2.538,2.413,2.138,3.288,3.450,3.463,3.538,2.388,2.513,2.763,2.600,1.613,2.350,0.888,0.000,0.175,0.238,0.000,0.013,0.000,0.013,0.000,0.000,0.000,0.000,0.000,0.000,0.000,0.000
6203808917,Actual,DZ114328,23/03/2026,kWh,consumption,0.263,0.263,0.275,0.263,0.263,0.263,0.263,0.263,0.250,0.263,0.388,0.363,0.325,0.288,0.138,0.013,0.013,0.025,0.013,0.013,0.000,0.000,0.000,0.000,0.000,0.000,0.000,0.000,0.000,0.000,0.000,0.000,0.000,0.000,0.763,4.325,0.263,0.188,0.013,1.413,1.250,1.063,1.200,1.338,1.238,0.850,1.275,1.125
6203808917,Actual,DZ114328,23/03/2026,kWh,generation,0.000,0.000,0.000,0.000,0.000,0.000,0.000,0.000,0.000,0.000,0.000,0.000,0.000,0.000,0.000,0.000,0.013,0.013,0.025,1.688,2.488,2.913,4.050,4.263,4.238,3.938,4.013,4.450,4.138,4.213,3.638,1.375,2.338,1.575,0.988,0.000,0.000,0.000,0.013,0.000,0.000,0.000,0.000,0.000,0.000,0.000,0.000,0.000
6203808917,Actual,DZ114328,24/03/2026,kWh,consumption,6.863,6.263,6.363,6.250,1.300,0.825,0.813,0.825,0.800,0.688,0.375,0.300,0.300,0.213,0.025,0.550,0.000,0.025,0.025,0.013,0.000,0.013,0.000,0.000,0.000,0.000,0.000,0.000,0.000,0.000,0.000,0.000,0.000,0.013,0.000,0.000,0.013,0.000,0.013,0.000,0.325,0.338,0.313,0.350,0.350,0.288,0.275,0.263
6203808917,Actual,DZ114328,24/03/2026,kWh,generation,0.000,0.000,0.000,0.000,0.000,0.000,0.000,0.000,0.000,0.000,0.000,0.000,0.000,0.000,0.000,0.000,0.013,0.025,0.013,0.013,0.063,0.488,0.138,2.650,1.038,0.313,0.313,1.200,2.500,1.513,0.800,0.188,0.000,0.013,0.000,0.000,0.000,0.013,0.000,0.000,0.000,0.000,0.000,0.000,0.000,0.000,0.000,0.000
6203808917,Actual,DZ114328,25/03/2026,kWh,consumption,0.275,0.263,0.263,0.263,0.250,0.263,0.263,0.263,0.263,0.263,0.250,0.263,0.263,0.238,0.138,0.350,0.025,0.013,0.000,0.000,0.000,0.000,0.000,0.000,0.000,0.000,0.000,0.000,0.000,0.000,0.000,0.000,2.613,3.150,3.888,3.975,4.213,6.375,3.988,0.738,0.313,1.000,0.950,0.600,0.475,0.350,0.288,0.275
6203808917,Actual,DZ114328,25/03/2026,kWh,generation,0.000,0.000,0.000,0.000,0.000,0.000,0.000,0.000,0.000,0.000,0.000,0.000,0.000,0.000,0.000,0.000,0.013,0.025,1.038,1.325,2.350,2.213,1.625,1.375,2.000,0.675,0.725,0.788,1.938,2.725,1.538,0.925,0.013,0.000,0.000,0.000,0.000,0.000,0.000,0.000,0.000,0.000,0.000,0.000,0.000,0.000,0.000,0.000
6203808917,Actual,DZ114328,26/03/2026,kWh,consumption,0.313,0.288,0.500,0.513,0.575,0.375,0.413,0.413,0.413,0.350,0.575,0.350,0.350,0.313,0.113,0.050,0.013,0.000,0.013,0.013,0.000,0.000,0.000,0.000,0.000,0.000,0.000,0.000,0.000,0.000,0.013,0.000,0.013,0.000,0.013,0.000,0.763,1.725,2.350,2.450,2.388,2.325,2.063,1.938,1.363,1.613,1.200,1.338
6203808917,Actual,DZ114328,26/03/2026,kWh,generation,0.000,0.000,0.000,0.000,0.000,0.000,0.000,0.000,0.000,0.000,0.000,0.000,0.000,0.000,0.013,0.000,0.013,0.013,0.025,0.363,1.163,2.388,2.175,1.050,1.213,0.975,0.700,1.263,0.525,0.238,0.025,0.013,0.013,0.000,0.013,0.000,0.000,0.000,0.000,0.000,0.000,0.000,0.000,0.000,0.000,0.000,0.000,0.000
6203808917,Actual,DZ114328,27/03/2026,kWh,consumption,0.738,0.263,0.250,0.263,0.413,0.250,0.250,0.238,0.250,0.413,0.275,0.250,0.250,0.238,0.713,0.975,0.700,0.138,0.013,0.013,0.013,0.000,0.013,0.013,0.000,0.013,0.000,0.013,0.000,0.000,0.000,0.000,0.000,0.000,0.000,0.000,0.000,0.000,0.013,0.000,0.000,0.075,0.288,0.263,0.788,6.713,8.075,7.713
6203808917,Actual,DZ114328,27/03/2026,kWh,generation,0.000,0.000,0.000,0.000,0.000,0.000,0.000,0.000,0.000,0.000,0.000,0.000,0.000,0.000,0.000,0.000,0.000,0.013,0.013,0.013,0.013,0.013,0.000,0.025,0.013,0.038,0.000,0.150,2.825,4.625,3.550,2.800,1.325,0.838,0.238,0.050,0.013,0.000,0.000,0.000,0.000,0.000,0.000,0.000,0.000,0.000,0.000,0.000
6203808917,Actual,DZ114328,28/03/2026,kWh,consumption,6.863,6.850,6.900,6.850,6.838,5.238,1.275,1.275,1.263,1.275,1.225,1.225,1.225,1.213,0.125,0.013,0.000,0.013,0.000,0.013,0.000,0.000,0.000,0.000,0.000,0.000,0.000,0.000,0.000,0.013,0.000,0.000,0.000,0.000,0.013,0.000,0.000,0.000,0.013,0.013,0.700,0.638,1.213,0.800,0.813,0.438,0.913,0.850
6203808917,Actual,DZ114328,28/03/2026,kWh,generation,0.000,0.000,0.000,0.000,0.000,0.000,0.000,0.000,0.000,0.000,0.000,0.000,0.000,0.000,0.000,0.000,0.013,0.000,0.013,0.100,0.813,1.375,2.150,3.100,1.438,3.313,2.900,3.175,0.738,0.013,0.400,0.725,0.500,0.125,0.050,0.000,0.013,0.000,0.013,0.000,0.000,0.000,0.000,0.000,0.000,0.000,0.000,0.000
6203808917,Actual,DZ114328,29/03/2026,kWh,consumption,0.825,0.688,0.300,0.263,0.250,0.250,0.263,0.250,0.263,0.250,0.250,0.263,0.250,0.225,0.075,0.013,0.000,0.025,0.013,0.000,0.000,0.000,0.000,0.000,0.000,0.000,0.000,0.000,0.000,0.000,0.000,0.000,0.000,0.000,0.000,0.000,0.013,0.000,0.013,0.000,0.513,0.388,0.363,0.413,0.325,0.288,0.263,0.275
6203808917,Actual,DZ114328,29/03/2026,kWh,generation,0.000,0.000,0.000,0.000,0.000,0.000,0.000,0.000,0.000,0.000,0.000,0.000,0.000,0.000,0.000,0.013,0.013,0.013,0.175,1.813,3.163,2.825,3.925,4.000,4.738,4.775,4.775,4.688,4.538,4.288,3.688,3.250,2.700,1.788,0.450,0.013,0.000,0.013,0.000,0.000,0.000,0.000,0.000,0.000,0.000,0.000,0.000,0.000
6203808917,Actual,DZ114328,30/03/2026,kWh,consumption,0.275,0.288,0.263,0.263,0.263,0.263,0.250,0.250,0.250,0.263,0.250,0.250,0.263,0.238,0.038,0.000,0.013,0.000,0.000,0.000,0.000,0.000,0.000,0.000,0.000,0.000,0.000,0.000,0.000,0.000,0.000,0.000,0.000,0.000,0.000,0.000,0.013,0.000,0.000,0.013,0.413,0.788,0.713,0.350,0.725,0.300,0.300,0.300
6203808917,Actual,DZ114328,30/03/2026,kWh,generation,0.000,0.000,0.000,0.000,0.000,0.000,0.000,0.000,0.000,0.000,0.000,0.000,0.000,0.000,0.000,0.013,0.013,0.038,2.113,2.763,2.700,3.738,4.125,4.425,4.650,4.525,4.563,4.650,4.488,4.200,3.588,3.188,2.563,1.700,0.200,0.013,0.000,0.000,0.013,0.000,0.000,0.000,0.000,0.000,0.000,0.000,0.000,0.000
6203808917,Actual,DZ114328,31/03/2026,kWh,consumption,0.288,0.288,0.288,0.288,0.275,0.288,0.288,0.288,0.275,0.288,0.288,0.288,0.275,1.000,0.638,0.000,0.050,0.013,0.000,0.000,0.000,0.000,0.000,0.000,0.000,0.000,0.000,0.000,0.000,0.000,0.950,2.150,1.925,2.188,0.013,0.000,0.000,0.000,0.013,0.000,0.363,0.338,0.325,0.325,0.300,0.300,0.288,0.263
6203808917,Actual,DZ114328,31/03/2026,kWh,generation,0.000,0.000,0.000,0.000,0.000,0.000,0.000,0.000,0.000,0.000,0.000,0.000,0.000,0.000,0.000,0.013,0.013,0.025,1.700,3.400,3.663,3.875,3.238,4.075,4.638,4.713,4.663,4.600,4.475,4.175,1.625,0.000,0.000,0.000,0.000,0.000,0.013,0.000,0.000,0.000,0.000,0.000,0.000,0.000,0.000,0.000,0.000,0.000
6203808917,Actual,DZ114328,01/04/2026,kWh,consumption,0.275,0.275,0.263,0.263,0.263,0.275,0.263,0.250,0.263,0.238,0.238,0.238,0.263,0.188,0.038,0.000,0.025,0.013,0.025,0.013,0.000,0.000,0.000,0.000,0.000,0.000,0.000,0.000,0.000,0.000,0.000,0.000,0.000,0.013,0.438,3.050,0.000,0.000,0.013,0.000,0.313,0.450,0.288,0.475,0.288,0.275,0.275,0.263
6203808917,Actual,DZ114328,01/04/2026,kWh,generation,0.000,0.000,0.000,0.000,0.000,0.000,0.000,0.000,0.000,0.000,0.000,0.000,0.000,0.000,0.013,0.000,0.013,0.025,0.038,0.200,1.813,3.450,3.263,2.938,1.938,1.363,1.100,1.338,0.825,0.400,0.238,0.088,0.313,0.038,0.013,0.000,0.000,0.000,0.000,0.000,0.000,0.000,0.000,0.000,0.000,0.000,0.000,0.000
6203808917,Actual,DZ114328,02/04/2026,kWh,consumption,0.263,0.263,0.263,0.263,0.263,0.263,0.250,0.263,0.250,0.263,0.263,0.263,0.275,0.238,0.113,0.013,0.000,0.013,0.013,0.000,0.000,0.000,0.000,0.000,0.000,0.000,0.000,0.000,0.000,0.000,0.000,0.000,0.000,0.000,0.000,0.000,0.000,0.013,0.000,0.000,0.000,0.150,1.025,6.063,6.388,2.925,0.525,0.463
6203808917,Actual,DZ114328,02/04/2026,kWh,generation,0.000,0.000,0.000,0.000,0.000,0.000,0.000,0.000,0.000,0.000,0.000,0.000,0.000,0.000,0.000,0.013,0.013,0.013,0.075,2.750,3.338,3.763,3.738,4.413,4.300,3.963,4.100,4.450,4.213,3.150,2.150,1.213,2.125,1.588,0.188,0.088,0.013,0.000,0.000,0.000,0.000,0.013,0.000,0.000,0.000,0.000,0.000,0.000
6203808917,Actual,DZ114328,03/04/2026,kWh,consumption,0.388,0.313,0.325,0.400,0.650,1.263,0.425,0.275,0.288,0.275,0.288,0.300,0.275,0.275,0.138,0.025,0.000,0.013,0.000,0.025,0.000,0.000,0.000,0.000,0.000,0.000,0.000,0.000,0.000,0.000,0.000,0.000,0.000,0.000,0.000,0.000,0.000,0.013,0.000,0.013,0.663,0.800,0.713,0.375,0.763,0.613,0.313,5.725
6203808917,Actual,DZ114328,03/04/2026,kWh,generation,0.000,0.000,0.000,0.000,0.000,0.000,0.000,0.000,0.000,0.000,0.000,0.000,0.000,0.000,0.000,0.000,0.013,0.000,0.013,0.025,1.000,1.738,1.475,2.750,2.038,1.250,1.588,2.250,2.050,2.488,1.213,0.788,0.913,0.325,0.113,0.000,0.000,0.013,0.013,0.013,0.000,0.000,0.000,0.000,0.000,0.000,0.000,0.000
6203808917,Actual,DZ114328,04/04/2026,kWh,consumption,6.013,6.275,5.588,1.513,0.813,0.363,0.325,0.313,0.313,0.313,0.313,0.313,0.313,0.250,0.025,0.250,0.613,0.038,0.013,0.013,0.000,0.000,0.000,0.000,0.000,0.000,0.000,0.000,0.000,0.000,0.000,0.000,0.000,0.000,0.000,0.013,0.000,0.000,0.000,0.400,6.088,6.975,6.750,6.788,7.050,4.188,1.975,0.763
6203808917,Actual,DZ114328,04/04/2026,kWh,generation,0.000,0.000,0.000,0.000,0.000,0.000,0.000,0.000,0.000,0.000,0.000,0.000,0.000,0.000,0.000,0.000,0.000,0.013,0.025,0.013,0.088,2.575,3.113,3.388,4.638,4.675,4.675,4.600,4.525,4.238,3.763,3.163,2.538,1.713,0.775,0.000,0.000,0.000,0.013,0.000,0.000,0.000,0.000,0.000,0.000,0.000,0.000,0.000
6203808917,Actual,DZ114328,05/04/2026,kWh,consumption,0.325,0.338,0.800,0.663,0.325,1.400,1.125,1.100,1.113,1.088,1.063,0.275,0.288,0.263,0.150,0.163,1.075,0.038,0.038,0.000,0.000,0.000,0.000,0.000,0.000,0.000,0.000,0.000,0.000,0.013,0.000,0.000,0.000,0.000,0.000,0.013,0.000,0.000,0.013,0.000,0.000,0.013,0.350,0.338,0.325,0.313,0.350,0.338
6203808917,Actual,DZ114328,05/04/2026,kWh,generation,0.000,0.000,0.000,0.000,0.000,0.000,0.000,0.000,0.000,0.000,0.000,0.000,0.000,0.000,0.000,0.000,0.013,0.025,0.025,1.588,2.975,3.363,3.438,4.088,4.375,3.888,2.725,4.163,4.050,3.025,2.150,1.500,1.375,1.100,0.650,0.013,0.000,0.013,0.000,0.000,0.013,0.000,0.000,0.000,0.000,0.000,0.000,0.000
6203808917,Actual,DZ114328,06/04/2026,kWh,consumption,0.288,0.288,0.288,0.288,0.288,0.275,0.288,0.288,0.275,0.288,0.288,0.288,0.288,0.275,0.250,0.063,0.900,0.275,0.025,0.013,0.013,0.000,0.013,0.013,0.000,0.013,0.000,0.000,0.000,0.000,0.000,0.000,0.000,0.000,0.000,0.000,0.013,1.663,4.775,4.350,5.775,7.225,6.300,6.138,6.213,6.188,6.163,2.725
6203808917,Actual,DZ114328,06/04/2026,kWh,generation,0.000,0.000,0.000,0.000,0.000,0.000,0.000,0.000,0.000,0.000,0.000,0.000,0.000,0.000,0.000,0.013,0.000,0.000,0.013,0.000,0.013,0.000,0.013,0.000,0.013,0.063,2.638,4.313,1.325,1.300,0.800,2.538,2.300,1.125,0.338,0.013,0.013,0.000,0.000,0.000,0.000,0.000,0.000,0.000,0.000,0.000,0.000,0.000
6203808917,Actual,DZ114328,07/04/2026,kWh,consumption,1.650,1.325,0.750,0.238,0.350,0.238,0.225,0.288,0.250,0.238,0.238,0.388,0.238,0.225,0.075,0.000,0.013,0.000,0.013,0.013,0.025,0.025,0.025,0.013,0.000,0.000,0.000,0.000,0.000,0.000,0.000,0.000,0.000,0.013,0.000,0.000,0.013,0.000,0.013,0.000,0.000,0.013,0.425,0.438,0.375,0.363,0.800,0.350
6203808917,Actual,DZ114328,07/04/2026,kWh,generation,0.000,0.000,0.000,0.000,0.000,0.000,0.000,0.000,0.000,0.000,0.000,0.000,0.000,0.000,0.000,0.013,0.013,0.000,0.075,0.350,0.150,0.038,0.038,1.075,1.750,2.025,0.700,1.763,1.200,0.313,0.750,0.250,0.188,0.050,0.000,0.013,0.000,0.013,0.000,0.013,0.013,0.000,0.000,0.000,0.000,0.000,0.000,0.000
6203808917,Actual,DZ114328,08/04/2026,kWh,consumption,0.338,0.313,0.300,0.300,0.300,0.300,0.300,0.313,0.300,0.300,0.538,0.300,0.288,0.288,0.200,0.038,0.000,0.038,0.000,0.000,0.000,0.000,0.000,0.000,0.000,0.000,0.000,0.000,0.000,0.000,0.000,0.000,0.000,0.000,0.013,0.000,0.000,0.000,0.000,0.000,0.013,0.000,0.350,0.363,0.350,0.350,0.325,0.300
6203808917,Actual,DZ114328,08/04/2026,kWh,generation,0.000,0.000,0.000,0.000,0.000,0.000,0.000,0.000,0.000,0.000,0.000,0.000,0.000,0.000,0.000,0.013,0.000,0.025,0.038,0.613,2.788,1.438,2.738,3.588,2.713,3.913,4.388,4.125,3.763,3.975,3.525,2.600,2.188,0.563,0.075,0.013,0.000,0.000,0.000,0.000,0.000,0.013,0.000,0.000,0.000,0.000,0.000,0.000
6203808917,Actual,DZ114328,09/04/2026,kWh,consumption,0.300,0.300,0.300,0.288,0.300,0.300,0.288,0.288,0.300,0.288,0.300,0.288,0.300,0.288,0.200,0.025,0.000,0.013,0.000,0.000,0.000,0.000,0.000,0.000,0.000,0.000,0.000,0.013,0.000,0.000,0.013,0.000,0.000,0.000,0.000,0.000,0.013,0.000,0.013,0.000,0.013,0.000,0.300,0.613,0.963,0.450,0.488,0.900
6203808917,Actual,DZ114328,09/04/2026,kWh,generation,0.000,0.000,0.000,0.000,0.000,0.000,0.000,0.000,0.000,0.000,0.000,0.000,0.000,0.000,0.000,0.000,0.013,0.013,0.863,2.663,3.138,3.550,3.288,3.913,4.150,4.200,3.725,1.425,0.213,0.038,0.000,0.113,0.188,0.000,0.013,0.000,0.000,0.013,0.013,0.000,0.000,0.000,0.000,0.000,0.000,0.000,0.000,0.000
6203808917,Actual,DZ114328,10/04/2026,kWh,consumption,0.850,0.813,0.338,0.275,0.275,0.263,0.275,0.275,0.275,0.275,0.275,0.275,0.325,0.313,0.538,0.838,0.113,0.000,0.013,0.000,0.025,0.013,0.000,0.000,0.000,0.000,0.000,0.000,0.013,0.000,0.000,0.000,0.000,0.000,0.000,0.013,0.000,0.000,0.000,0.000,0.000,0.013,0.313,0.300,0.300,0.300,0.300,0.300
6203808917,Actual,DZ114328,10/04/2026,kWh,generation,0.000,0.000,0.000,0.000,0.000,0.000,0.000,0.000,0.000,0.000,0.000,0.000,0.000,0.000,0.000,0.000,0.013,0.013,0.013,0.300,0.100,1.738,0.638,0.413,1.463,2.325,3.138,2.488,0.413,1.938,0.575,0.000,0.238,0.088,0.013,0.000,0.013,0.000,0.000,0.000,0.000,0.013,0.000,0.000,0.000,0.000,0.000,0.000
6203808917,Actual,DZ114328,11/04/2026,kWh,consumption,0.300,0.300,0.300,0.300,0.288,0.300,0.300,0.300,0.288,0.300,0.300,0.288,0.350,0.313,0.175,0.025,0.013,0.025,0.013,0.000,0.000,0.000,0.000,0.000,0.000,0.000,0.000,0.000,0.000,0.000,0.000,0.000,0.013,0.013,0.000,0.000,0.000,0.000,0.013,0.000,0.000,0.013,0.313,0.313,0.300,0.313,0.300,0.313
6203808917,Actual,DZ114328,11/04/2026,kWh,generation,0.000,0.000,0.000,0.000,0.000,0.000,0.000,0.000,0.000,0.000,0.000,0.000,0.000,0.000,0.000,0.000,0.013,0.025,0.800,2.175,2.050,2.563,1.025,1.663,2.425,1.288,2.063,3.025,3.450,1.663,2.238,0.925,0.013,0.150,0.000,0.000,0.000,0.000,0.000,0.013,0.000,0.000,0.000,0.000,0.000,0.000,0.000,0.000
6203808917,Actual,DZ114328,12/04/2026,kWh,consumption,0.300,0.313,0.313,0.300,0.400,0.663,1.088,0.300,0.275,0.300,0.300,0.288,0.288,0.288,0.175,0.013,0.038,0.013,0.013,0.013,0.000,0.000,0.000,0.000,0.000,0.000,0.000,0.000,0.000,0.000,0.000,0.000,0.013,0.000,0.013,0.000,0.000,0.013,0.000,0.000,0.000,0.013,0.588,0.688,0.300,0.300,0.600,1.463
6203808917,Actual,DZ114328,12/04/2026,kWh,generation,0.000,0.000,0.000,0.000,0.000,0.000,0.000,0.000,0.000,0.000,0.000,0.000,0.000,0.000,0.000,0.000,0.013,0.013,0.013,0.063,1.513,2.725,1.163,1.300,2.250,1.675,2.988,1.525,1.138,1.988,1.425,1.325,0.513,0.875,0.000,0.013,0.000,0.000,0.000,0.000,0.013,0.000,0.000,0.000,0.000,0.000,0.000,0.000
6203808917,Actual,DZ114328,13/04/2026,kWh,consumption,1.088,0.288,0.300,0.263,0.263,0.275,0.263,0.238,0.238,0.238,0.700,6.263,5.863,6.175,6.650,6.363,6.150,4.613,4.525,4.288,2.350,0.013,0.038,0.013,0.000,0.000,0.000,0.000,0.000,0.013,0.013,0.000,0.000,0.013,0.000,0.000,0.000,3.413,0.013,0.000,0.000,0.013,0.588,0.638,0.438,0.438,0.425,0.413
6203808917,Actual,DZ114328,13/04/2026,kWh,generation,0.000,0.000,0.000,0.000,0.000,0.000,0.000,0.000,0.000,0.000,0.000,0.000,0.000,0.000,0.000,0.000,0.000,0.000,0.000,0.000,0.025,0.025,0.075,0.013,0.363,1.250,2.763,3.050,3.650,1.225,0.138,0.613,1.388,0.688,0.038,0.013,0.000,0.000,0.013,0.000,0.000,0.013,0.000,0.000,0.000,0.000,0.000,0.000
6203808917,Actual,DZ114328,14/04/2026,kWh,consumption,0.363,0.325,1.250,1.288,0.775,0.288,0.275,0.275,0.263,0.263,0.263,5.225,0.488,0.238,0.125,0.025,0.013,0.000,0.013,0.000,0.013,0.013,0.000,0.013,0.775,0.013,0.000,0.000,0.000,0.000,0.000,0.000,0.000,0.000,0.000,0.000,2.350,3.863,0.013,0.013,0.000,0.000,0.413,0.363,0.600,0.338,5.063,6.588
6203808917,Actual,DZ114328,14/04/2026,kWh,generation,0.000,0.000,0.000,0.000,0.000,0.000,0.000,0.000,0.000,0.000,0.000,0.000,0.000,0.000,0.000,0.000,0.000,0.025,0.000,0.013,0.488,0.175,0.013,0.075,0.200,0.013,0.363,0.663,1.563,1.138,0.575,0.463,0.450,0.100,0.000,0.000,0.000,0.000,0.013,0.000,0.000,0.000,0.000,0.000,0.000,0.000,0.000,0.000
6203808917,Actual,DZ114328,15/04/2026,kWh,consumption,0.463,0.275,0.288,0.263,0.263,0.275,0.275,0.288,0.338,0.288,0.263,0.275,0.263,0.250,0.175,0.588,0.213,0.000,0.075,0.000,0.013,0.000,0.013,0.000,0.000,0.013,0.000,0.000,0.000,0.000,0.000,0.000,0.000,0.000,0.000,0.000,0.000,0.000,0.000,0.013,0.000,0.013,0.325,0.263,0.263,0.250,0.263,0.250
6203808917,Actual,DZ114328,15/04/2026,kWh,generation,0.000,0.000,0.000,0.000,0.000,0.000,0.000,0.000,0.000,0.000,0.000,0.000,0.000,0.000,0.000,0.013,0.000,0.000,0.013,0.025,0.013,0.000,0.000,0.013,0.013,0.013,0.550,1.050,0.800,0.800,0.700,0.625,0.213,0.000,0.013,0.000,0.000,0.000,0.000,0.013,0.000,0.000,0.000,0.000,0.000,0.000,0.000,0.000
6203808917,Actual,DZ114328,16/04/2026,kWh,consumption,0.263,0.250,0.250,0.263,0.250,0.250,0.250,0.300,0.275,0.263,0.250,0.263,0.400,0.238,0.100,0.000,0.013,0.013,0.000,0.000,0.000,0.000,0.000,0.000,0.000,0.000,0.000,0.000,0.000,0.000,0.000,0.000,0.000,0.000,0.000,0.000,0.000,0.013,0.000,0.000,0.000,0.013,0.413,0.275,0.263,0.275,0.263,0.263
6203808917,Actual,DZ114328,16/04/2026,kWh,generation,0.000,0.000,0.000,0.000,0.000,0.000,0.000,0.000,0.000,0.000,0.000,0.000,0.000,0.000,0.000,0.013,0.013,0.013,0.113,2.538,3.075,3.375,3.538,3.963,1.850,2.450,2.438,3.050,2.438,1.138,0.550,0.050,0.638,0.413,0.125,0.000,0.000,0.000,0.000,0.000,0.000,0.013,0.000,0.000,0.000,0.000,0.000,0.000
6203808917,Actual,DZ114328,17/04/2026,kWh,consumption,0.275,0.263,0.263,0.275,0.263,0.275,0.263,0.263,0.325,0.288,0.275,0.275,0.275,0.263,0.200,0.075,0.000,0.013,0.025,0.000,0.000,0.000,0.000,0.000,0.000,0.000,0.000,0.000,0.000,0.000,0.000,0.000,0.000,0.000,0.000,0.000,0.013,0.000,0.000,0.000,0.000,0.013,0.375,0.363,0.350,0.425,0.263,0.250
6203808917,Actual,DZ114328,17/04/2026,kWh,generation,0.000,0.000,0.000,0.000,0.000,0.000,0.000,0.000,0.000,0.000,0.000,0.000,0.000,0.000,0.000,0.000,0.000,0.013,0.025,1.300,0.538,2.288,3.125,3.475,3.488,3.700,4.438,4.313,3.063,3.988,3.375,2.688,2.125,1.138,0.038,0.000,0.000,0.000,0.000,0.000,0.000,0.013,0.000,0.000,0.000,0.000,0.000,0.000
6203808917,Actual,DZ114328,18/04/2026,kWh,consumption,0.263,4.663,6.850,7.013,7.050,6.000,6.650,6.838,6.613,6.375,2.538,0.588,0.275,0.263,0.225,0.063,0.000,0.000,0.013,0.013,0.013,0.013,0.000,0.000,0.000,0.000,0.000,0.000,0.000,0.000,0.000,0.000,0.000,0.000,0.013,0.000,0.000,0.000,0.000,0.013,0.000,0.025,6.900,7.113,7.013,3.325,1.363,1.288
6203808917,Actual,DZ114328,18/04/2026,kWh,generation,0.000,0.000,0.000,0.000,0.000,0.000,0.000,0.000,0.000,0.000,0.000,0.000,0.000,0.000,0.000,0.000,0.000,0.000,0.013,0.013,0.025,0.000,0.138,1.138,2.050,2.213,2.850,3.338,3.950,3.688,3.338,2.688,2.075,0.950,0.000,0.013,0.000,0.000,0.000,0.000,0.013,0.000,0.000,0.000,0.000,0.000,0.000,0.000
6203808917,Actual,DZ114328,19/04/2026,kWh,consumption,1.313,1.263,1.275,1.238,0.238,0.213,0.225,0.225,0.213,0.213,0.225,0.213,0.225,0.200,1.675,0.100,0.400,0.088,0.063,0.038,0.050,0.025,0.000,0.000,0.000,0.000,0.000,0.000,0.000,0.000,0.000,0.000,0.000,0.000,0.000,0.000,0.000,0.000,0.000,0.000,0.013,0.013,1.163,0.300,0.713,3.338,6.925,6.913
6203808917,Actual,DZ114328,19/04/2026,kWh,generation,0.000,0.000,0.000,0.000,0.000,0.000,0.000,0.000,0.000,0.000,0.000,0.000,0.000,0.000,0.000,0.000,0.013,0.000,0.025,0.013,0.025,0.063,1.238,3.800,3.688,3.238,4.225,4.263,4.025,3.575,3.125,2.713,1.975,1.013,0.075,0.000,0.013,0.000,0.000,0.000,0.000,0.000,0.000,0.000,0.000,0.000,0.000,0.000
6203808917,Actual,DZ114328,20/04/2026,kWh,consumption,1.563,0.238,0.238,0.250,0.238,0.238,0.250,0.238,0.238,0.238,0.250,0.238,0.638,0.225,0.150,0.013,0.000,0.013,0.000,0.000,0.000,0.000,0.000,0.000,0.000,0.000,0.000,0.000,0.000,0.000,0.000,0.000,0.000,0.000,0.000,0.000,0.013,0.000,0.000,0.000,0.013,0.013,0.350,0.325,0.425,0.388,0.238,0.225
6203808917,Actual,DZ114328,20/04/2026,kWh,generation,0.000,0.000,0.000,0.000,0.000,0.000,0.000,0.000,0.000,0.000,0.000,0.000,0.000,0.000,0.000,0.013,0.013,0.013,0.013,2.038,2.813,3.100,3.575,3.938,4.275,4.388,4.438,4.288,3.975,3.613,3.113,2.413,1.950,1.050,0.100,0.000,0.000,0.000,0.000,0.000,0.013,0.000,0.000,0.000,0.000,0.000,0.000,0.000
6203808917,Actual,DZ114328,21/04/2026,kWh,consumption,0.238,0.225,0.238,0.225,0.225,0.238,0.225,0.238,0.225,0.225,0.238,0.225,0.238,0.225,0.150,0.025,0.000,0.000,0.025,0.000,0.000,0.000,0.000,0.000,0.000,0.000,0.000,0.000,0.000,0.000,0.000,0.000,0.000,0.000,0.013,0.000,0.000,0.013,0.000,0.000,0.000,0.013,0.275,0.263,0.250,0.263,0.250,0.250
6203808917,Actual,DZ114328,21/04/2026,kWh,generation,0.000,0.000,0.000,0.000,0.000,0.000,0.000,0.000,0.000,0.000,0.000,0.000,0.000,0.000,0.000,0.000,0.013,0.013,0.013,1.600,2.663,3.000,3.200,3.763,4.238,4.150,3.425,4.313,4.013,2.988,3.163,2.300,1.763,0.675,0.000,0.013,0.000,0.000,0.000,0.000,0.000,0.013,0.000,0.000,0.000,0.000,0.000,0.000
6203808917,Actual,DZ114328,22/04/2026,kWh,consumption,0.263,0.250,0.250,0.263,0.250,0.250,0.263,0.250,0.250,0.250,0.263,0.250,0.388,0.238,0.100,0.013,0.000,0.013,0.000,0.000,0.000,0.000,0.000,0.000,0.000,0.000,0.000,0.000,0.000,0.000,0.000,1.625,0.000,0.225,3.588,3.975,5.100,1.288,3.100,0.825,1.013,1.688,0.863,0.775,0.738,0.988,1.075,0.938
6203808917,Actual,DZ114328,22/04/2026,kWh,generation,0.000,0.000,0.000,0.000,0.000,0.000,0.000,0.000,0.000,0.000,0.000,0.000,0.000,0.000,0.000,0.000,0.013,0.013,0.013,1.388,2.363,2.375,2.850,3.388,3.000,2.463,2.800,3.325,2.838,1.675,0.700,0.113,0.000,0.000,0.000,0.000,0.000,0.000,0.000,0.000,0.000,0.000,0.000,0.000,0.000,0.000,0.000,0.000
6203808917,Actual,DZ114328,23/04/2026,kWh,consumption,1.013,2.163,0.838,0.400,0.300,0.300,0.300,0.288,0.438,0.300,0.300,0.300,1.213,0.613,0.213,1.438,1.713,0.025,0.788,2.513,0.063,0.013,0.000,0.000,0.000,0.000,0.000,0.000,0.000,0.000,0.000,0.000,0.000,0.000,0.013,0.000,0.000,0.813,0.038,0.013,0.000,0.013,0.388,0.350,0.325,0.275,0.275,0.263
6203808917,Actual,DZ114328,23/04/2026,kWh,generation,0.000,0.000,0.000,0.000,0.000,0.000,0.000,0.000,0.000,0.000,0.000,0.000,0.000,0.000,0.000,0.000,0.000,0.013,0.000,0.013,0.013,0.038,0.263,1.563,2.825,3.525,3.900,3.350,3.600,3.263,2.338,1.975,1.638,0.775,0.013,0.000,0.013,0.000,0.013,0.013,0.000,0.000,0.000,0.000,0.000,0.000,0.000,0.000
6203808917,Actual,DZ114328,24/04/2026,kWh,consumption,0.275,0.263,0.275,0.250,0.263,0.250,0.250,0.238,0.250,0.250,0.250,0.263,0.250,0.238,0.175,0.050,0.013,0.000,0.000,0.013,0.000,0.000,0.000,0.000,0.000,0.000,0.000,0.000,0.000,0.000,0.000,0.000,0.000,0.000,0.013,0.000,0.000,0.000,0.000,0.013,0.013,0.000,0.438,0.438,0.438,0.425,0.588,0.400
6203808917,Actual,DZ114328,24/04/2026,kWh,generation,0.000,0.000,0.000,0.000,0.000,0.000,0.000,0.000,0.000,0.000,0.000,0.000,0.000,0.000,0.000,0.013,0.000,0.013,0.013,0.013,0.125,1.488,3.513,3.975,4.088,4.425,4.225,3.800,3.563,2.300,2.675,1.725,0.338,0.288,0.025,0.013,0.000,0.000,0.000,0.025,0.000,0.013,0.000,0.000,0.000,0.000,0.000,0.000
6203808917,Actual,DZ114328,25/04/2026,kWh,consumption,0.400,0.375,0.350,0.350,0.338,0.350,0.363,0.325,0.325,0.300,0.288,0.275,0.288,0.275,0.213,0.088,0.000,0.013,0.013,0.000,0.000,0.000,0.013,0.000,0.000,0.000,0.000,0.000,0.000,0.000,0.000,0.000,0.000,0.000,0.000,0.000,0.000,0.013,0.000,0.013,0.000,0.000,0.438,0.388,0.388,2.325,5.938,6.000
6203808917,Actual,DZ114328,25/04/2026,kWh,generation,0.000,0.000,0.000,0.000,0.000,0.000,0.000,0.000,0.000,0.000,0.000,0.000,0.000,0.000,0.000,0.000,0.000,0.013,0.013,0.000,0.013,0.000,1.863,2.775,3.100,3.300,4.313,4.038,3.763,3.425,2.700,2.450,1.638,0.525,0.000,0.013,0.000,0.000,0.013,0.000,0.013,0.000,0.000,0.000,0.000,0.000,0.000,0.000
6203808917,Actual,DZ114328,26/04/2026,kWh,consumption,6.013,5.975,5.975,5.988,5.725,1.913,0.325,0.275,0.288,0.263,0.250,0.250,0.250,0.250,0.175,0.025,0.013,0.013,0.013,0.013,0.013,0.013,0.000,0.000,0.000,0.000,0.000,0.000,0.000,0.000,0.000,0.000,0.000,0.000,0.000,0.000,0.000,0.013,0.000,0.000,0.000,0.013,0.413,2.613,6.750,6.688,6.563,4.850
6203808917,Actual,DZ114328,26/04/2026,kWh,generation,0.000,0.000,0.000,0.000,0.000,0.000,0.000,0.000,0.000,0.000,0.000,0.000,0.000,0.000,0.000,0.000,0.013,0.013,0.013,0.038,0.063,0.750,2.238,2.738,3.150,1.438,1.238,1.050,1.238,0.838,0.638,1.588,0.688,0.375,0.013,0.013,0.000,0.000,0.013,0.000,0.000,0.000,0.000,0.000,0.000,0.000,0.000,0.000
6203808917,Actual,DZ114328,27/04/2026,kWh,consumption,1.050,0.475,0.650,0.938,0.863,0.825,0.738,0.638,0.338,0.300,0.288,0.275,0.275,0.263,0.225,0.088,0.013,0.363,0.200,0.025,0.013,0.025,0.000,0.000,0.000,0.000,1.838,3.075,0.900,0.025,0.000,0.000,0.000,0.000,0.000,0.000,0.013,0.000,0.000,0.013,0.000,0.013,0.663,1.488,1.138,0.713,0.350,0.300
6203808917,Actual,DZ114328,27/04/2026,kWh,generation,0.000,0.000,0.000,0.000,0.000,0.000,0.000,0.000,0.000,0.000,0.000,0.000,0.000,0.000,0.000,0.000,0.013,0.000,0.000,0.038,0.025,0.013,0.013,0.700,1.375,1.513,0.325,0.000,0.013,0.125,1.888,2.075,1.325,0.488,0.000,0.013,0.000,0.000,0.000,0.000,0.013,0.000,0.000,0.000,0.000,0.000,0.000,0.000
6203808917,Actual,DZ114328,28/04/2026,kWh,consumption,0.288,0.263,0.263,0.263,0.263,0.263,0.263,0.250,0.263,0.263,0.263,0.250,0.375,0.250,0.225,0.663,0.600,0.025,0.013,0.013,0.000,0.000,0.000,0.000,0.000,0.000,0.000,0.000,0.000,0.000,0.000,0.000,0.000,0.000,0.000,0.013,0.000,0.000,0.000,0.013,0.000,0.013,0.725,0.363,1.263,1.338,0.325,0.713
6203808917,Actual,DZ114328,28/04/2026,kWh,generation,0.000,0.000,0.000,0.000,0.000,0.000,0.000,0.000,0.000,0.000,0.000,0.000,0.000,0.000,0.000,0.000,0.000,0.025,0.013,0.013,0.550,2.838,2.688,2.100,2.438,1.500,1.900,1.463,2.350,1.063,1.338,0.838,0.150,0.050,0.000,0.013,0.000,0.000,0.000,0.000,0.000,0.000,0.000,0.000,0.000,0.000,0.000,0.000
6203808917,Actual,DZ114328,29/04/2026,kWh,consumption,0.325,0.375,0.325,0.300,0.300,0.300,0.288,0.288,0.288,0.300,0.288,0.288,0.400,0.263,0.350,0.988,0.613,0.138,0.025,0.013,0.013,0.000,0.000,0.000,0.000,0.000,0.000,0.000,0.000,0.000,0.000,0.000,0.000,0.000,0.013,0.000,0.000,0.000,0.000,0.013,0.013,0.013,0.350,0.288,0.288,0.275,0.288,0.288
6203808917,Actual,DZ114328,29/04/2026,kWh,generation,0.000,0.000,0.000,0.000,0.000,0.000,0.000,0.000,0.000,0.000,0.000,0.000,0.000,0.000,0.000,0.000,0.000,0.013,0.025,0.025,0.375,2.950,3.100,3.150,3.200,3.113,2.750,3.738,3.588,3.325,2.738,2.175,1.375,0.375,0.000,0.013,0.000,0.000,0.000,0.013,0.000,0.000,0.000,0.000,0.000,0.000,0.000,0.000
6203808917,Actual,DZ114328,30/04/2026,kWh,consumption,0.325,0.300,0.288,0.275,0.275,0.275,0.275,0.263,0.275,0.263,0.263,0.263,0.263,0.263,0.213,1.063,1.113,0.188,0.013,0.013,0.013,0.000,0.000,0.000,0.000,0.000,0.000,0.000,0.000,0.000,0.000,0.000,0.000,0.000,0.000,0.000,0.000,0.013,0.000,0.000,0.000,0.000,0.263,0.238,0.250,0.425,0.338,0.638
6203808917,Actual,DZ114328,30/04/2026,kWh,generation,0.000,0.000,0.000,0.000,0.000,0.000,0.000,0.000,0.000,0.000,0.000,0.000,0.000,0.000,0.000,0.000,0.000,0.013,0.025,0.013,0.025,0.538,1.025,3.163,3.425,3.163,3.638,4.000,3.050,2.800,1.350,1.913,1.175,0.138,0.000,0.000,0.000,0.013,0.000,0.000,0.000,0.000,0.000,0.000,0.000,0.000,0.000,0.000
6203808917,Actual,DZ114328,01/05/2026,kWh,consumption,0.300,0.263,0.250,0.238,0.250,0.238,0.238,0.250,0.225,0.238,0.238,0.588,1.175,1.188,0.875,0.025,0.013,0.013,0.000,0.000,0.000,0.000,0.000,0.000,0.000,0.000,0.000,0.000,0.000,0.000,0.000,0.000,0.000,0.000,0.013,0.000,0.000,0.013,0.000,0.000,0.000,0.013,1.025,0.688,0.388,0.925,0.713,0.325
6203808917,Actual,DZ114328,01/05/2026,kWh,generation,0.000,0.000,0.000,0.000,0.000,0.000,0.000,0.000,0.000,0.000,0.000,0.000,0.000,0.000,0.000,0.013,0.000,0.013,0.025,1.813,1.700,2.788,3.013,3.675,3.963,4.100,3.313,3.000,3.250,1.550,1.013,0.625,0.925,0.388,0.000,0.013,0.000,0.000,0.013,0.000,0.000,0.000,0.000,0.000,0.000,0.000,0.000,0.000
6203808917,Actual,DZ114328,02/05/2026,kWh,consumption,0.450,1.575,0.788,0.763,0.550,0.338,0.300,0.300,0.300,0.300,0.288,0.300,0.300,0.300,0.275,0.200,0.100,0.013,0.000,0.013,0.025,0.025,0.038,0.013,0.000,0.013,0.000,0.000,0.000,0.000,0.000,0.000,0.000,0.000,0.000,0.000,0.000,0.013,0.000,0.000,0.000,0.000,0.350,0.325,0.313,0.350,0.313,0.325
6203808917,Actual,DZ114328,02/05/2026,kWh,generation,0.000,0.000,0.000,0.000,0.000,0.000,0.000,0.000,0.000,0.000,0.000,0.000,0.000,0.000,0.000,0.000,0.000,0.000,0.013,0.000,0.013,0.000,0.013,0.013,0.013,0.013,0.375,0.800,1.525,1.313,0.825,1.625,0.213,0.000,0.000,0.013,0.000,0.000,0.000,0.000,0.000,0.013,0.000,0.000,0.000,0.000,0.000,0.000
6203808917,Actual,DZ114328,03/05/2026,kWh,consumption,0.325,0.750,0.763,1.500,0.975,0.900,0.900,0.300,0.550,0.300,0.675,5.863,6.250,5.938,6.125,5.863,5.650,5.688,6.000,6.025,4.563,1.413,0.563,0.025,0.238,0.100,1.138,0.300,0.025,0.450,0.025,0.013,0.388,0.013,0.000,0.000,0.013,0.000,0.000,0.000,0.013,0.000,0.700,0.675,0.675,0.613,0.600,0.413
6203808917,Actual,DZ114328,03/05/2026,kWh,generation,0.000,0.000,0.000,0.000,0.000,0.000,0.000,0.000,0.000,0.000,0.000,0.000,0.000,0.000,0.000,0.000,0.000,0.000,0.000,0.000,0.000,0.000,0.000,0.100,0.000,0.013,0.000,0.000,0.200,0.013,0.038,0.013,0.025,0.000,0.013,0.000,0.000,0.013,0.000,0.000,0.000,0.000,0.000,0.000,0.000,0.000,0.000,0.000
6203808917,Actual,DZ114328,04/05/2026,kWh,consumption,0.438,0.825,0.738,0.363,0.300,0.275,0.275,0.263,0.263,0.263,0.275,5.463,1.300,0.388,0.538,1.050,0.775,0.013,0.038,0.013,0.050,0.000,0.000,0.300,0.000,0.025,0.013,0.013,0.000,0.475,0.013,0.013,0.013,1.475,0.013,0.013,0.013,0.000,0.413,1.813,0.788,0.513,0.475,0.425,0.438,0.463,0.875,0.550
6203808917,Actual,DZ114328,04/05/2026,kWh,generation,0.000,0.000,0.000,0.000,0.000,0.000,0.000,0.000,0.000,0.000,0.000,0.000,0.000,0.000,0.000,0.000,0.000,0.013,0.013,0.013,0.100,1.975,2.200,1.425,1.788,0.200,1.538,0.538,0.013,0.013,0.013,0.013,0.013,0.000,0.013,0.013,0.013,0.000,0.000,0.000,0.000,0.000,0.000,0.000,0.000,0.000,0.000,0.000
6203808917,Actual,DZ114328,05/05/2026,kWh,consumption,0.438,0.263,0.275,0.263,0.413,0.250,0.263,0.263,0.400,0.250,0.250,0.263,0.713,0.400,0.225,0.213,0.025,0.013,0.025,0.025,0.025,0.000,0.013,0.000,0.000,0.000,0.000,0.000,0.000,0.000,0.000,0.000,0.000,0.000,0.000,0.013,0.000,0.013,0.000,0.000,0.000,0.013,1.238,0.538,0.750,1.188,0.288,0.288
6203808917,Actual,DZ114328,05/05/2026,kWh,generation,0.000,0.000,0.000,0.000,0.000,0.000,0.000,0.000,0.000,0.000,0.000,0.000,0.000,0.000,0.000,0.000,0.000,0.013,0.013,0.113,0.088,0.425,0.775,3.925,2.163,2.213,1.175,0.775,0.463,0.363,0.125,0.063,0.000,0.000,0.013,0.000,0.000,0.013,0.000,0.000,0.000,0.000,0.000,0.000,0.000,0.000,0.000,0.000
6203808917,Actual,DZ114328,06/05/2026,kWh,consumption,0.275,0.263,0.263,0.263,0.263,0.250,0.263,0.250,0.263,0.250,0.250,0.263,0.250,0.263,0.238,0.163,0.013,0.025,0.050,0.025,0.013,0.013,0.013,0.000,0.000,0.000,0.000,0.000,0.000,0.000,0.000,0.000,0.000,0.000,0.000,0.000,0.000,0.000,0.013,0.000,0.000,0.025,1.700,1.388,1.000,0.263,0.263,0.775
6203808917,Actual,DZ114328,06/05/2026,kWh,generation,0.000,0.000,0.000,0.000,0.000,0.000,0.000,0.000,0.000,0.000,0.000,0.000,0.000,0.000,0.000,0.000,0.013,0.013,0.013,0.050,0.100,0.213,0.925,3.400,2.488,3.125,2.325,1.800,1.850,1.100,0.963,1.675,0.425,0.013,0.013,0.000,0.000,0.000,0.000,0.000,0.000,0.013,0.000,0.000,0.000,0.000,0.000,0.000
6203808917,Actual,DZ114328,07/05/2026,kWh,consumption,0.850,0.825,0.825,0.450,0.263,0.250,0.263,0.250,0.313,1.000,0.675,0.263,0.700,0.400,1.163,1.125,0.800,1.025,0.063,0.050,0.050,0.013,0.025,0.000,0.000,0.000,0.000,0.000,0.000,0.000,0.000,0.000,0.000,0.000,0.000,0.000,0.013,0.000,0.000,0.000,0.013,0.000,0.813,0.538,0.250,0.238,0.288,1.188
6203808917,Actual,DZ114328,07/05/2026,kWh,generation,0.000,0.000,0.000,0.000,0.000,0.000,0.000,0.000,0.000,0.000,0.000,0.000,0.000,0.000,0.000,0.000,0.000,0.000,0.013,0.000,0.013,0.013,0.025,1.038,1.675,2.088,2.213,3.263,1.950,0.550,0.788,0.550,0.088,0.050,0.013,0.000,0.000,0.000,0.000,0.000,0.000,0.000,0.000,0.000,0.000,0.000,0.000,0.000
6203808917,Actual,DZ114328,08/05/2026,kWh,consumption,0.725,2.200,1.425,1.288,1.275,1.275,1.313,1.275,1.263,1.250,1.250,5.750,5.925,5.788,5.775,5.650,5.813,5.638,4.938,3.213,0.300,0.013,0.013,0.013,0.013,0.013,0.000,0.000,0.000,0.000,0.000,0.000,0.000,0.000,0.000,0.000,0.000,0.388,0.000,0.000,0.013,0.000,0.813,0.250,0.325,0.700,0.963,0.238
6203808917,Actual,DZ114328,08/05/2026,kWh,generation,0.000,0.000,0.000,0.000,0.000,0.000,0.000,0.000,0.000,0.000,0.000,0.000,0.000,0.000,0.000,0.000,0.000,0.000,0.000,0.000,0.013,0.063,0.238,0.500,0.100,0.313,0.413,1.250,2.563,0.663,0.288,0.263,0.400,0.075,0.013,0.000,0.000,0.000,0.000,0.000,0.000,0.000,0.000,0.000,0.000,0.000,0.000,0.000
6203808917,Actual,DZ114328,09/05/2026,kWh,consumption,0.238,0.238,0.238,0.238,0.238,0.225,0.238,0.238,0.225,0.238,0.238,3.600,1.100,0.800,0.988,1.100,0.225,0.013,0.000,0.050,0.100,0.000,0.013,0.013,0.013,0.000,0.000,0.000,0.013,0.013,0.000,0.088,0.200,0.013,0.013,0.000,0.013,0.000,0.013,0.000,0.000,0.013,0.288,0.275,0.275,0.388,0.913,0.463
6203808917,Actual,DZ114328,09/05/2026,kWh,generation,0.000,0.000,0.000,0.000,0.000,0.000,0.000,0.000,0.000,0.000,0.000,0.000,0.000,0.000,0.000,0.000,0.013,0.000,0.013,0.013,0.013,0.013,0.013,0.013,0.163,1.413,1.125,0.888,0.050,0.013,0.300,1.050,0.013,0.000,0.013,0.000,0.000,0.000,0.000,0.000,0.013,0.000,0.000,0.000,0.000,0.000,0.000,0.000
6203808917,Actual,DZ114328,10/05/2026,kWh,consumption,0.788,0.500,0.900,0.550,0.600,0.238,0.238,0.238,0.225,0.238,0.238,2.450,0.225,0.238,0.225,0.175,0.700,0.438,0.050,0.238,0.013,0.025,0.025,0.000,0.000,0.000,0.000,0.000,0.000,0.000,0.000,0.013,1.013,0.013,0.000,0.013,0.000,0.000,0.000,0.013,0.000,0.000,0.513,1.200,2.525,2.863,1.825,1.425
6203808917,Actual,DZ114328,10/05/2026,kWh,generation,0.000,0.000,0.000,0.000,0.000,0.000,0.000,0.000,0.000,0.000,0.000,0.000,0.000,0.000,0.000,0.000,0.000,0.000,0.000,0.013,0.025,0.013,0.013,0.050,1.188,0.925,0.750,1.113,1.000,0.625,0.438,0.038,0.000,0.013,0.000,0.013,0.000,0.000,0.000,0.000,0.000,0.000,0.000,0.000,0.000,0.000,0.000,0.000
6203808917,Actual,DZ114328,11/05/2026,kWh,consumption,1.400,1.388,1.325,1.338,0.588,1.350,1.575,1.875,1.863,1.825,1.800,3.325,0.650,0.263,0.363,0.125,0.613,1.038,0.500,0.013,0.000,0.000,0.013,0.000,0.000,0.000,0.000,0.000,0.000,0.000,0.000,0.000,0.000,0.000,0.000,0.013,0.013,0.000,0.013,0.000,0.013,0.213,6.925,5.663,0.550,0.350,0.338,0.988
6203808917,Actual,DZ114328,11/05/2026,kWh,generation,0.000,0.000,0.000,0.000,0.000,0.000,0.000,0.000,0.000,0.000,0.000,0.000,0.000,0.000,0.000,0.000,0.000,0.000,0.000,0.013,0.000,0.050,0.350,3.000,2.225,2.738,2.938,2.425,2.488,2.063,1.600,1.013,1.038,0.263,0.013,0.013,0.013,0.000,0.000,0.013,0.000,0.000,0.000,0.000,0.000,0.000,0.000,0.000
6203808917,Actual,DZ114328,12/05/2026,kWh,consumption,1.438,0.888,0.463,0.263,0.250,0.250,0.238,0.250,0.250,0.238,0.238,0.613,0.575,0.238,0.225,0.225,0.925,0.400,0.025,0.000,0.000,0.000,0.000,0.000,0.000,0.000,0.000,0.000,0.000,0.000,0.000,0.000,0.000,0.000,0.000,0.000,0.013,0.000,0.000,0.000,0.013,0.013,1.088,1.063,0.288,0.988,1.125,0.250
6203808917,Actual,DZ114328,12/05/2026,kWh,generation,0.000,0.000,0.000,0.000,0.000,0.000,0.000,0.000,0.000,0.000,0.000,0.000,0.000,0.000,0.000,0.000,0.000,0.000,0.013,0.013,0.075,2.338,2.175,2.750,3.450,3.425,3.788,2.700,3.338,2.588,2.325,1.913,1.150,0.188,0.000,0.000,0.000,0.000,0.000,0.000,0.000,0.013,0.000,0.000,0.000,0.000,0.000,0.000
6203808917,Actual,DZ114328,13/05/2026,kWh,consumption,0.263,0.250,0.238,0.250,0.250,0.250,0.250,0.250,0.250,0.238,0.250,0.250,0.250,0.350,0.238,0.375,1.113,0.538,0.213,0.638,0.088,0.013,0.013,0.000,0.000,0.000,0.000,0.000,0.000,0.000,0.000,0.000,0.000,0.000,0.013,0.000,0.000,0.000,0.013,0.013,0.000,0.013,0.838,0.588,0.338,0.363,0.300,0.238
6203808917,Actual,DZ114328,13/05/2026,kWh,generation,0.000,0.000,0.000,0.000,0.000,0.000,0.000,0.000,0.000,0.000,0.000,0.000,0.000,0.000,0.000,0.000,0.000,0.000,0.000,0.000,0.013,0.013,0.025,1.700,3.438,3.725,3.650,3.250,3.038,2.750,2.500,2.263,0.963,0.163,0.013,0.000,0.000,0.000,0.013,0.013,0.000,0.013,0.000,0.000,0.000,0.000,0.000,0.000
6203808917,Actual,DZ114328,14/05/2026,kWh,consumption,0.238,0.225,0.238,0.225,0.225,0.238,0.225,0.225,0.225,0.225,0.425,0.350,0.225,0.350,0.263,0.950,0.988,0.363,0.000,0.013,0.013,0.013,0.013,0.000,0.000,0.000,0.000,0.000,0.000,0.000,0.000,0.000,0.000,0.000,0.000,0.013,0.000,0.000,0.013,0.000,0.013,0.000,1.400,1.225,0.975,0.375,0.763,0.800
6203808917,Actual,DZ114328,14/05/2026,kWh,generation,0.000,0.000,0.000,0.000,0.000,0.000,0.000,0.000,0.000,0.000,0.000,0.000,0.000,0.000,0.000,0.000,0.000,0.000,0.013,0.013,0.013,0.050,0.288,1.725,3.513,3.175,4.138,3.288,3.350,2.613,1.775,1.838,1.175,0.213,0.013,0.000,0.000,0.000,0.013,0.000,0.000,0.013,0.000,0.000,0.000,0.000,0.000,0.000
6203808917,Actual,DZ114328,15/05/2026,kWh,consumption,1.575,1.313,1.313,1.500,1.338,1.338,1.338,1.338,1.338,1.350,1.325,6.713,6.838,7.500,7.625,7.600,7.375,5.550,5.550,2.538,0.013,0.000,0.000,0.000,0.000,0.000,0.000,0.000,0.000,1.188,1.938,0.700,0.013,0.000,0.000,0.000,0.013,0.000,0.000,0.013,0.000,0.013,0.813,0.525,0.338,0.538,0.700,0.613
6203808917,Actual,DZ114328,15/05/2026,kWh,generation,0.000,0.000,0.000,0.000,0.000,0.000,0.000,0.000,0.000,0.000,0.000,0.000,0.000,0.000,0.000,0.000,0.000,0.000,0.000,0.000,0.013,0.038,2.525,3.488,3.813,3.950,3.863,3.650,3.438,1.038,0.000,0.013,0.000,0.000,0.000,0.000,0.013,0.000,0.000,0.000,0.000,0.000,0.000,0.000,0.000,0.000,0.000,0.000
6203808917,Actual,DZ114328,16/05/2026,kWh,consumption,1.263,1.650,1.338,1.250,1.238,1.238,1.238,1.238,1.250,1.463,1.250,6.800,6.888,6.275,2.675,1.175,0.025,0.000,0.013,0.000,0.013,0.025,0.000,0.000,0.000,0.000,0.000,0.000,0.000,0.000,0.000,0.000,0.000,0.000,0.000,0.013,0.000,0.000,0.000,0.000,0.013,0.000,0.375,0.500,1.338,1.350,1.400,1.363
6203808917,Actual,DZ114328,16/05/2026,kWh,generation,0.000,0.000,0.000,0.000,0.000,0.000,0.000,0.000,0.000,0.000,0.000,0.000,0.000,0.000,0.000,0.000,0.000,0.013,0.013,0.013,0.013,0.075,2.588,3.613,3.138,3.750,4.213,3.600,2.088,0.700,0.463,0.050,0.000,0.000,0.000,0.000,0.000,0.000,0.000,0.013,0.000,0.000,0.000,0.000,0.000,0.000,0.000,0.000
6203808917,Actual,DZ114328,17/05/2026,kWh,consumption,1.750,1.525,1.550,2.775,1.375,1.388,1.263,0.900,0.513,0.863,0.838,6.438,6.325,4.050,0.725,0.238,0.138,0.025,0.025,0.000,0.000,0.013,0.025,0.038,0.013,0.013,0.000,0.000,0.000,0.000,0.000,0.000,0.000,0.000,0.000,0.000,0.000,1.213,0.013,0.013,0.975,3.475,6.013,2.438,0.350,0.263,0.263,0.238
6203808917,Actual,DZ114328,17/05/2026,kWh,generation,0.000,0.000,0.000,0.000,0.000,0.000,0.000,0.000,0.000,0.000,0.000,0.000,0.000,0.000,0.000,0.000,0.000,0.000,0.000,0.013,0.000,0.000,0.025,0.000,0.013,0.150,0.575,0.838,0.625,0.363,0.288,0.200,0.200,0.013,0.000,0.000,0.000,0.000,0.013,0.013,0.000,0.000,0.000,0.000,0.000,0.000,0.000,0.000
6203808917,Actual,DZ114328,18/05/2026,kWh,consumption,0.250,0.250,0.238,0.225,0.238,0.238,0.225,0.238,0.225,0.225,0.225,0.225,0.225,0.238,0.238,0.150,0.250,0.763,0.050,0.000,0.175,0.300,0.013,0.375,0.538,0.638,0.263,0.263,0.188,0.013,0.000,0.013,0.000,0.000,0.000,0.800,0.888,0.663,0.488,0.350,0.475,0.350,0.488,0.913,1.275,1.188,0.913,0.288
6203808917,Actual,DZ114328,18/05/2026,kWh,generation,0.000,0.000,0.000,0.000,0.000,0.000,0.000,0.000,0.000,0.000,0.000,0.000,0.000,0.000,0.000,0.000,0.000,0.000,0.013,0.000,0.000,0.013,0.000,0.013,0.000,0.000,0.000,0.000,0.000,0.013,0.000,0.013,0.000,0.000,0.013,0.000,0.000,0.000,0.000,0.000,0.000,0.000,0.000,0.000,0.000,0.000,0.000,0.000
6203808917,Actual,DZ114328,19/05/2026,kWh,consumption,0.275,0.250,0.263,0.350,0.250,0.250,0.250,0.363,0.250,0.238,0.238,0.325,0.275,0.475,0.238,0.925,1.000,0.625,0.113,0.013,0.025,0.013,0.000,0.013,0.000,0.025,0.000,0.000,0.000,0.000,0.000,0.000,0.000,0.000,0.013,0.000,0.000,0.038,0.075,0.013,0.013,0.050,0.900,0.588,0.363,0.275,1.188,1.088
6203808917,Actual,DZ114328,19/05/2026,kWh,generation,0.000,0.000,0.000,0.000,0.000,0.000,0.000,0.000,0.000,0.000,0.000,0.000,0.000,0.000,0.000,0.000,0.000,0.000,0.013,0.013,0.050,0.013,0.000,0.013,0.013,0.550,2.088,2.938,1.600,0.388,0.425,0.463,0.250,0.163,0.000,0.000,0.000,0.000,0.013,0.013,0.013,0.000,0.000,0.000,0.000,0.000,0.000,0.000
6203808917,Actual,DZ114328,20/05/2026,kWh,consumption,0.300,0.250,0.250,0.250,0.250,0.238,0.250,0.250,0.263,0.250,0.325,1.038,0.813,0.250,0.250,0.925,0.975,0.638,0.075,0.000,0.013,0.013,0.000,0.000,0.000,0.000,0.000,0.000,0.000,0.000,0.000,0.000,0.000,0.000,0.013,0.000,0.000,0.000,0.013,0.000,0.000,0.025,1.950,1.550,1.300,0.350,0.300,0.275
6203808917,Actual,DZ114328,20/05/2026,kWh,generation,0.000,0.000,0.000,0.000,0.000,0.000,0.000,0.000,0.000,0.000,0.000,0.000,0.000,0.000,0.000,0.000,0.000,0.000,0.013,0.013,0.013,0.125,1.513,2.688,1.200,1.413,1.825,1.775,0.388,1.363,0.525,0.025,0.013,0.000,0.000,0.000,0.000,0.000,0.013,0.000,0.000,0.000,0.000,0.000,0.000,0.000,0.000,0.000
6203808917,Actual,DZ114328,21/05/2026,kWh,consumption,0.250,0.250,0.263,0.238,0.238,0.238,0.238,0.238,0.238,0.238,0.238,1.063,0.638,0.238,0.238,0.663,0.913,0.638,0.025,0.013,0.000,0.013,0.000,0.013,0.000,0.000,0.000,0.000,0.000,0.000,0.000,0.000,0.000,0.000,0.000,0.000,0.013,0.000,0.000,0.000,0.013,0.000,0.950,1.050,1.225,1.025,1.225,0.313
6203808917,Actual,DZ114328,21/05/2026,kWh,generation,0.000,0.000,0.000,0.000,0.000,0.000,0.000,0.000,0.000,0.000,0.000,0.000,0.000,0.000,0.000,0.000,0.000,0.000,0.013,0.000,0.013,0.000,0.013,0.300,1.200,0.888,0.713,0.850,0.763,0.513,0.413,0.175,0.025,0.000,0.000,0.000,0.000,0.000,0.000,0.000,0.000,0.013,0.000,0.000,0.000,0.000,0.000,0.000
6203808917,Actual,DZ114328,22/05/2026,kWh,consumption,0.275,0.250,0.313,0.288,0.250,0.263,0.250,0.238,0.250,0.250,0.238,0.863,0.600,1.125,1.150,1.113,0.988,0.700,0.063,0.000,0.000,0.000,0.000,0.000,0.000,0.000,0.000,0.000,0.000,0.000,0.000,0.000,0.000,0.013,0.000,0.000,0.000,0.000,0.013,0.000,0.000,0.025,1.488,1.050,1.263,1.263,0.825,0.650
6203808917,Actual,DZ114328,22/05/2026,kWh,generation,0.000,0.000,0.000,0.000,0.000,0.000,0.000,0.000,0.000,0.000,0.000,0.000,0.000,0.000,0.000,0.000,0.000,0.000,0.000,0.013,0.888,2.425,2.888,3.113,3.513,3.250,3.513,3.038,3.475,3.063,2.450,1.775,0.850,0.000,0.013,0.000,0.000,0.000,0.000,0.000,0.000,0.013,0.000,0.000,0.000,0.000,0.000,0.000
6203808917,Actual,DZ114328,23/05/2026,kWh,consumption,1.325,0.625,0.613,0.413,0.538,0.250,0.300,0.263,0.263,0.250,0.250,0.250,0.238,0.250,0.638,0.213,0.025,0.000,0.063,0.300,0.013,0.000,0.025,0.013,0.025,0.000,0.000,0.000,0.000,0.000,0.000,0.000,0.000,0.013,0.000,0.000,0.000,0.013,0.000,0.000,0.013,0.025,1.363,2.075,2.650,2.075,2.425,2.950
6203808917,Actual,DZ114328,23/05/2026,kWh,generation,0.000,0.000,0.000,0.000,0.000,0.000,0.000,0.000,0.000,0.000,0.000,0.000,0.000,0.000,0.000,0.000,0.000,0.000,0.013,0.000,0.000,0.013,0.025,0.025,0.050,1.013,1.063,3.588,2.600,0.900,0.400,0.163,0.013,0.000,0.013,0.000,0.000,0.000,0.000,0.000,0.013,0.000,0.000,0.000,0.000,0.000,0.000,0.000
6203808917,Actual,DZ114328,24/05/2026,kWh,consumption,1.888,1.663,1.338,1.150,0.250,0.225,0.225,0.238,0.263,0.275,0.238,5.813,5.850,5.863,5.825,6.550,5.775,6.375,7.125,6.975,7.100,1.788,0.575,0.250,0.050,0.150,0.025,0.013,0.025,0.000,0.000,1.975,1.563,0.000,0.125,0.763,5.775,7.063,1.925,1.863,1.650,1.788,1.400,0.350,0.400,1.113,1.663,1.925
6203808917,Actual,DZ114328,24/05/2026,kWh,generation,0.000,0.000,0.000,0.000,0.000,0.000,0.000,0.000,0.000,0.000,0.000,0.000,0.000,0.000,0.000,0.000,0.000,0.000,0.000,0.000,0.000,0.000,0.000,0.000,0.013,0.000,0.013,0.013,0.000,0.013,0.000,0.000,0.013,0.000,0.013,0.000,0.000,0.000,0.000,0.000,0.000,0.000,0.000,0.000,0.000,0.000,0.000,0.000
6203808917,Actual,DZ114328,25/05/2026,kWh,consumption,1.713,2.425,0.813,0.663,0.363,0.300,0.288,0.288,0.425,0.288,0.288,0.325,0.338,0.675,0.538,0.250,0.463,0.963,0.888,0.250,0.125,0.025,0.000,0.025,0.013,0.000,0.038,0.013,0.013,0.713,0.025,0.013,0.013,0.000,0.000,0.013,0.000,0.375,1.000,0.400,0.913,0.863,1.200,0.500,1.225,0.463,0.850,0.838
6203808917,Actual,DZ114328,25/05/2026,kWh,generation,0.000,0.000,0.000,0.000,0.000,0.000,0.000,0.000,0.000,0.000,0.000,0.000,0.000,0.000,0.000,0.000,0.000,0.000,0.000,0.000,0.000,0.000,0.013,0.000,0.013,0.013,0.000,0.350,0.025,0.000,0.025,0.013,0.000,0.000,0.013,0.000,0.000,0.013,0.000,0.000,0.000,0.000,0.000,0.000,0.000,0.000,0.000,0.000
6203808917,Actual,DZ114328,26/05/2026,kWh,consumption,0.288,0.275,0.288,0.313,0.375,0.338,0.275,0.263,0.763,0.438,0.638,0.800,0.713,0.263,0.275,1.113,1.100,0.950,0.363,0.463,0.038,0.000,0.025,0.013,0.025,0.013,0.013,0.013,0.000,0.525,0.363,0.475,0.000,0.000,0.000,0.100,1.225,1.225,1.225,1.238,1.225,2.388,7.000,7.663,7.550,6.063,6.288,7.150
6203808917,Actual,DZ114328,26/05/2026,kWh,generation,0.000,0.000,0.000,0.000,0.000,0.000,0.000,0.000,0.000,0.000,0.000,0.000,0.000,0.000,0.000,0.000,0.000,0.000,0.000,0.013,0.025,0.163,0.025,0.013,0.038,0.000,0.013,0.100,0.013,0.000,0.000,0.000,0.000,0.013,0.000,0.000,0.000,0.000,0.000,0.000,0.000,0.000,0.000,0.000,0.000,0.000,0.000,0.000
6203808917,Actual,DZ114328,27/05/2026,kWh,consumption,6.900,6.913,5.275,1.988,1.288,1.350,1.263,1.250,1.250,1.250,1.400,0.263,0.375,0.250,0.250,0.400,0.238,0.900,0.588,0.213,0.050,0.538,6.363,2.938,0.763,1.288,1.100,0.125,0.563,0.538,0.025,0.025,0.013,0.013,0.000,0.013,0.013,0.375,0.875,0.600,0.913,1.313,0.913,1.113,1.488,1.700,1.513,2.200
6203808917,Actual,DZ114328,27/05/2026,kWh,generation,0.000,0.000,0.000,0.000,0.000,0.000,0.000,0.000,0.000,0.000,0.000,0.000,0.000,0.000,0.000,0.000,0.000,0.000,0.000,0.000,0.013,0.013,0.000,0.000,0.000,0.000,0.000,0.013,0.000,0.000,0.025,0.025,0.013,0.013,0.000,0.013,0.000,0.000,0.000,0.000,0.000,0.000,0.000,0.000,0.000,0.000,0.000,0.000
6203808917,Actual,DZ114328,28/05/2026,kWh,consumption,2.050,1.800,1.963,1.813,1.838,1.088,0.913,0.988,0.863,0.850,0.863,5.900,2.313,0.850,0.838,0.863,1.663,1.650,0.475,0.763,0.075,1.300,1.538,0.113,0.063,0.125,0.625,0.200,1.225,0.825,0.325,2.338,1.488,1.300,1.350,1.588,1.400,6.750,5.875,5.000,1.300,1.050,0.963,2.325,1.900,1.775,1.700,1.675
6203808917,Actual,DZ114328,28/05/2026,kWh,generation,0.000,0.000,0.000,0.000,0.000,0.000,0.000,0.000,0.000,0.000,0.000,0.000,0.000,0.000,0.000,0.000,0.000,0.000,0.000,0.000,0.013,0.013,0.000,0.013,0.013,0.013,0.000,0.000,0.000,0.013,0.000,0.000,0.000,0.000,0.000,0.000,0.000,0.000,0.000,0.000,0.000,0.000,0.000,0.000,0.000,0.000,0.000,0.000
6203808917,Actual,DZ114328,29/05/2026,kWh,consumption,0.500,0.313,0.288,0.300,0.450,0.300,0.563,0.375,0.300,0.413,0.288,0.288,0.575,1.388,1.225,1.338,0.100,0.013,0.013,0.113,0.013,0.000,0.013,0.025,0.000,0.000,0.000,0.000,0.000,0.000,0.000,0.000,0.000,0.000,0.000,0.013,0.000,0.000,0.000,0.013,0.000,0.000,0.300,0.625,0.425,0.838,0.400,1.688
6203808917,Actual,DZ114328,29/05/2026,kWh,generation,0.000,0.000,0.000,0.000,0.000,0.000,0.000,0.000,0.000,0.000,0.000,0.000,0.000,0.000,0.000,0.000,0.013,0.000,0.013,0.013,0.025,0.013,0.125,0.113,1.375,1.063,0.563,1.025,1.875,1.950,1.638,1.450,0.650,0.038,0.000,0.000,0.000,0.000,0.013,0.000,0.000,0.000,0.000,0.000,0.000,0.000,0.000,0.000
6203808917,Actual,DZ114328,30/05/2026,kWh,consumption,0.563,0.500,0.300,0.288,0.300,0.750,0.325,0.275,0.288,0.638,0.725,0.750,0.488,0.288,0.275,0.238,0.500,1.138,1.113,0.025,0.013,0.000,0.000,0.000,0.000,0.000,0.000,0.000,0.000,0.000,0.000,0.013,0.000,0.013,0.000,0.000,0.000,0.013,0.000,0.000,0.013,0.013,0.725,1.363,1.475,1.088,0.738,0.938
6203808917,Actual,DZ114328,30/05/2026,kWh,generation,0.000,0.000,0.000,0.000,0.000,0.000,0.000,0.000,0.000,0.000,0.000,0.000,0.000,0.000,0.000,0.000,0.000,0.000,0.000,0.013,0.025,0.163,2.675,2.775,1.425,2.275,2.975,0.525,0.350,0.588,0.275,0.013,0.000,0.013,0.000,0.000,0.000,0.000,0.000,0.013,0.000,0.000,0.000,0.000,0.000,0.000,0.000,0.000
6203808917,Actual,DZ114328,31/05/2026,kWh,consumption,0.500,0.663,1.650,1.600,0.288,0.250,0.275,0.288,0.275,0.275,0.275,5.813,5.838,5.813,3.463,0.550,0.525,0.025,0.013,0.013,0.163,0.288,0.038,0.025,0.025,0.000,0.000,0.000,0.000,0.000,0.000,0.000,0.000,0.000,0.000,0.425,0.000,0.013,0.000,0.000,0.000,0.025,0.663,0.313,0.988,1.213,0.625,0.288
6203808917,Actual,DZ114328,31/05/2026,kWh,generation,0.000,0.000,0.000,0.000,0.000,0.000,0.000,0.000,0.000,0.000,0.000,0.000,0.000,0.000,0.000,0.000,0.000,0.013,0.000,0.013,0.025,0.025,0.263,0.288,0.363,2.963,0.863,1.038,0.613,1.163,0.763,0.013,0.025,0.013,0.000,0.013,0.000,0.000,0.000,0.000,0.000,0.013,0.000,0.000,0.000,0.000,0.000,0.000
6203808917,Actual,DZ114328,01/06/2026,kWh,consumption,0.275,0.263,0.325,0.288,0.263,0.263,0.263,0.275,0.263,0.263,0.263,2.925,1.013,0.775,0.250,0.950,0.888,0.588,0.025,0.000,0.000,0.013,0.013,0.013,0.000,0.000,0.000,0.013,0.000,0.013,0.013,0.013,0.013,0.013,0.013,0.013,0.013,0.013,0.025,0.013,0.013,0.013,1.463,2.050,2.425,0.613,0.375,0.375
6203808917,Actual,DZ114328,01/06/2026,kWh,generation,0.000,0.000,0.000,0.000,0.000,0.000,0.000,0.000,0.000,0.000,0.000,0.000,0.000,0.000,0.000,0.000,0.000,0.000,0.013,0.000,0.013,0.013,0.013,0.075,0.625,0.213,0.038,0.025,0.038,0.013,0.013,0.013,0.000,0.013,0.000,0.013,0.013,0.013,0.013,0.013,0.000,0.013,0.000,0.000,0.000,0.000,0.000,0.000
6203808917,Actual,DZ114328,02/06/2026,kWh,consumption,0.363,0.375,1.175,0.925,0.275,0.275,0.275,0.275,0.275,0.300,0.750,0.638,0.513,0.525,0.488,0.450,1.050,0.625,0.113,0.013,0.025,0.588,0.150,0.200,0.013,0.013,0.025,0.025,0.000,0.000,0.000,0.000,0.000,0.013,0.000,0.000,0.000,0.013,0.000,0.013,0.013,0.000,0.575,0.450,0.375,1.063,1.313,1.225
6203808917,Actual,DZ114328,02/06/2026,kWh,generation,0.000,0.000,0.000,0.000,0.000,0.000,0.000,0.000,0.000,0.000,0.000,0.000,0.000,0.000,0.000,0.000,0.000,0.000,0.013,0.013,0.013,0.000,0.013,0.050,0.138,0.625,0.050,0.088,0.875,1.313,1.938,1.213,0.325,0.000,0.013,0.000,0.000,0.000,0.000,0.013,0.000,0.013,0.000,0.000,0.000,0.000,0.000,0.000
6203808917,Actual,DZ114328,03/06/2026,kWh,consumption,0.363,0.313,0.325,0.313,0.325,0.313,0.313,0.313,0.300,0.313,0.313,0.313,0.313,0.588,0.300,0.300,0.925,0.863,0.150,0.038,0.025,0.013,0.013,0.013,0.000,0.000,0.000,0.000,0.000,0.000,0.000,0.000,0.000,0.000,0.000,0.013,0.000,0.013,0.000,0.013,0.000,0.013,2.113,0.888,1.300,1.425,0.663,0.775
6203808917,Actual,DZ114328,03/06/2026,kWh,generation,0.000,0.000,0.000,0.000,0.000,0.000,0.000,0.000,0.000,0.000,0.000,0.000,0.000,0.000,0.000,0.000,0.000,0.000,0.013,0.038,0.113,0.013,0.013,0.238,2.538,3.913,1.288,1.525,1.850,1.238,1.063,0.700,0.038,0.013,0.000,0.000,0.000,0.000,0.000,0.000,0.000,0.013,0.000,0.000,0.000,0.000,0.000,0.000
6203808917,Actual,DZ114328,04/06/2026,kWh,consumption,0.763,0.763,0.625,0.338,0.313,0.275,0.288,0.288,0.300,0.300,0.300,0.525,0.313,0.863,0.413,0.263,1.025,0.838,0.500,0.463,0.013,0.375,0.013,0.013,0.013,0.013,0.000,0.013,0.000,0.000,0.013,0.000,0.013,0.000,0.000,0.013,0.000,0.013,0.000,0.013,0.000,0.025,1.350,1.000,1.225,0.350,0.688,1.275
6203808917,Actual,DZ114328,04/06/2026,kWh,generation,0.000,0.000,0.000,0.000,0.000,0.000,0.000,0.000,0.000,0.000,0.000,0.000,0.000,0.000,0.000,0.000,0.000,0.000,0.000,0.000,0.000,0.013,0.013,0.000,0.038,0.000,0.000,0.000,0.013,0.000,0.000,0.013,0.000,0.000,0.000,0.000,0.000,0.000,0.000,0.000,0.013,0.000,0.000,0.000,0.000,0.000,0.000,0.000
6203808917,Actual,DZ114328,05/06/2026,kWh,consumption,0.350,0.350,1.300,1.963,3.075,2.063,2.038,1.338,1.650,1.938,1.313,5.913,4.263,1.025,0.825,0.438,1.088,1.938,1.563,1.125,0.250,0.038,0.013,0.000,0.000,1.225,0.825,0.000,0.000,0.000,0.000,0.000,0.013,0.375,0.688,0.000,0.038,1.763,2.750,2.288,1.725,1.388,2.775,3.350,2.250,1.813,2.813,1.788
6203808917,Actual,DZ114328,05/06/2026,kWh,generation,0.000,0.000,0.000,0.000,0.000,0.000,0.000,0.000,0.000,0.000,0.000,0.000,0.000,0.000,0.000,0.000,0.000,0.000,0.000,0.000,0.013,0.038,0.000,0.200,1.300,0.938,0.638,0.550,2.450,2.188,1.463,0.038,0.013,0.000,0.000,0.000,0.000,0.000,0.000,0.000,0.000,0.000,0.000,0.000,0.000,0.000,0.000,0.000
6203808917,Actual,DZ114328,06/06/2026,kWh,consumption,1.900,2.463,1.425,1.438,1.313,1.288,0.875,0.288,0.288,0.288,0.275,5.863,5.913,5.563,1.863,0.325,0.250,0.875,0.563,0.200,0.238,0.088,0.113,0.163,0.038,0.013,0.013,0.013,0.013,0.038,0.013,0.013,0.000,0.000,0.013,0.000,0.000,0.000,0.013,0.000,0.000,0.000,0.288,0.300,1.075,0.400,0.300,0.288
6203808917,Actual,DZ114328,06/06/2026,kWh,generation,0.000,0.000,0.000,0.000,0.000,0.000,0.000,0.000,0.000,0.000,0.000,0.000,0.000,0.000,0.000,0.000,0.000,0.000,0.000,0.013,0.000,0.013,0.000,0.000,0.025,0.288,0.075,0.300,0.088,0.013,0.013,0.013,0.000,0.013,0.000,0.000,0.000,0.000,0.000,0.013,0.000,0.000,0.000,0.000,0.000,0.000,0.000,0.000
6203808917,Actual,DZ114328,07/06/2026,kWh,consumption,0.288,0.275,0.288,0.288,0.275,0.275,0.288,0.263,0.275,0.275,0.275,0.275,0.275,0.275,1.200,1.175,0.250,0.025,0.025,0.000,0.025,0.013,0.013,0.000,0.000,0.000,0.000,0.000,0.000,0.000,0.000,0.000,0.000,0.013,0.000,0.000,0.000,0.000,0.013,0.000,0.000,0.013,0.775,1.275,1.263,1.263,0.650,0.300
6203808917,Actual,DZ114328,07/06/2026,kWh,generation,0.000,0.000,0.000,0.000,0.000,0.000,0.000,0.000,0.000,0.000,0.000,0.000,0.000,0.000,0.000,0.000,0.000,0.000,0.025,0.000,0.025,0.025,1.750,2.575,2.338,0.425,0.713,0.575,0.563,0.100,0.000,0.000,0.000,0.013,0.000,0.000,0.000,0.000,0.000,0.000,0.000,0.013,0.000,0.000,0.000,0.000,0.000,0.000
6203808917,Actual,DZ114328,08/06/2026,kWh,consumption,0.288,0.288,0.288,0.275,0.275,0.275,0.275,0.275,0.275,0.275,0.275,0.263,0.275,0.275,0.263,0.225,0.050,0.500,0.350,0.013,0.013,0.000,0.000,0.000,0.000,0.000,0.000,0.000,0.000,0.000,0.000,0.000,0.000,0.000,0.013,0.000,0.000,0.013,0.000,0.013,0.000,0.013,0.550,0.950,0.350,0.563,1.263,0.825
6203808917,Actual,DZ114328,08/06/2026,kWh,generation,0.000,0.000,0.000,0.000,0.000,0.000,0.000,0.000,0.000,0.000,0.000,0.000,0.000,0.000,0.000,0.000,0.000,0.000,0.000,0.013,0.150,2.050,1.938,2.875,3.163,3.838,3.763,3.613,3.150,1.938,1.813,1.363,0.625,0.038,0.000,0.000,0.013,0.000,0.000,0.000,0.013,0.000,0.000,0.000,0.000,0.000,0.000,0.000
6203808917,Actual,DZ114328,09/06/2026,kWh,consumption,0.363,0.300,0.288,0.275,0.275,0.275,0.275,0.263,0.275,0.263,0.275,0.263,0.263,0.263,0.275,0.263,0.200,0.100,0.500,0.288,0.063,0.025,0.013,0.000,0.000,0.000,0.000,0.000,0.000,0.000,0.000,0.000,0.013,0.013,0.000,0.013,0.000,0.013,0.000,0.000,0.013,0.013,1.225,0.350,0.650,0.725,0.663,0.450
6203808917,Actual,DZ114328,09/06/2026,kWh,generation,0.000,0.000,0.000,0.000,0.000,0.000,0.000,0.000,0.000,0.000,0.000,0.000,0.000,0.000,0.000,0.000,0.000,0.000,0.000,0.013,0.000,0.038,0.088,1.238,2.613,2.950,3.075,3.675,3.425,2.913,2.250,0.425,0.000,0.013,0.000,0.000,0.013,0.000,0.000,0.000,0.013,0.000,0.000,0.000,0.000,0.000,0.000,0.000
6203808917,Actual,DZ114328,10/06/2026,kWh,consumption,0.613,0.300,0.838,1.300,1.263,1.713,1.800,1.663,1.275,1.238,1.238,5.788,5.825,5.813,5.788,5.763,6.588,6.313,1.150,0.688,0.038,0.013,0.313,0.850,1.100,0.075,0.013,0.138,0.938,0.225,0.000,0.013,0.000,0.000,0.000,0.013,0.000,2.400,0.125,1.475,2.675,2.725,2.750,2.100,1.350,1.363,1.013,1.000
6203808917,Actual,DZ114328,10/06/2026,kWh,generation,0.000,0.000,0.000,0.000,0.000,0.000,0.000,0.000,0.000,0.000,0.000,0.000,0.000,0.000,0.000,0.000,0.000,0.000,0.000,0.000,0.000,0.013,0.000,0.000,0.000,0.013,0.000,0.013,0.000,0.000,0.013,0.000,0.000,0.013,0.000,0.000,0.000,0.000,0.000,0.000,0.000,0.000,0.000,0.000,0.000,0.000,0.000,0.000
6203808917,Actual,DZ114328,11/06/2026,kWh,consumption,1.113,1.263,1.463,1.625,1.350,1.338,1.325,1.313,1.300,1.288,1.275,3.675,1.250,1.250,1.250,1.200,1.125,0.675,0.563,0.013,0.000,0.013,0.000,0.013,0.000,0.675,0.950,0.000,0.000,0.000,0.000,0.013,0.000,0.013,0.688,0.013,0.000,0.013,0.000,0.000,0.013,0.000,1.500,0.338,0.338,0.375,1.175,1.325
6203808917,Actual,DZ114328,11/06/2026,kWh,generation,0.000,0.000,0.000,0.000,0.000,0.000,0.000,0.000,0.000,0.000,0.000,0.000,0.000,0.000,0.000,0.000,0.000,0.000,0.000,0.013,0.000,0.013,0.013,0.013,0.013,0.063,0.713,1.988,1.613,1.263,0.688,0.113,0.000,0.000,0.013,0.000,0.000,0.000,0.000,0.000,0.000,0.000,0.000,0.000,0.000,0.000,0.000,0.000
6203808917,Actual,DZ114328,12/06/2026,kWh,consumption,0.438,1.100,0.350,0.313,0.300,0.313,0.313,0.300,0.313,0.313,0.300,1.263,1.238,1.225,1.588,1.225,1.175,0.800,0.338,0.025,0.088,0.013,0.063,0.025,0.013,0.000,0.000,3.450,4.813,4.875,3.613,4.613,4.763,6.775,5.925,5.975,5.700,2.675,1.575,2.000,1.925,1.425,1.600,1.625,1.775,1.225,0.513,0.400
6203808917,Actual,DZ114328,12/06/2026,kWh,generation,0.000,0.000,0.000,0.000,0.000,0.000,0.000,0.000,0.000,0.000,0.000,0.000,0.000,0.000,0.000,0.000,0.000,0.000,0.013,0.013,0.013,0.013,0.013,0.025,0.200,1.363,2.100,0.188,0.000,0.000,0.000,0.000,0.000,0.000,0.000,0.000,0.000,0.000,0.000,0.000,0.000,0.000,0.000,0.000,0.000,0.000,0.000,0.000
6203808917,Actual,DZ114328,13/06/2026,kWh,consumption,0.413,0.400,0.413,0.400,0.400,0.713,1.375,1.338,1.338,1.325,1.388,2.263,2.263,1.988,1.288,1.325,1.325,1.213,1.150,1.138,0.800,0.850,0.938,0.575,0.063,0.013,0.088,0.138,0.263,0.175,0.200,0.263,0.263,0.325,0.338,0.338,0.338,0.338,0.338,0.338,1.163,1.250,1.325,1.313,1.375,1.588,1.313,1.313
6203808917,Actual,DZ114328,13/06/2026,kWh,generation,0.000,0.000,0.000,0.000,0.000,0.000,0.000,0.000,0.000,0.000,0.000,0.000,0.000,0.000,0.000,0.000,0.000,0.000,0.000,0.000,0.000,0.000,0.000,0.000,0.000,0.013,0.000,0.000,0.000,0.000,0.000,0.000,0.000,0.000,0.000,0.000,0.000,0.000,0.000,0.000,0.000,0.000,0.000,0.000,0.000,0.000,0.000,0.000
6203808917,Actual,DZ114328,14/06/2026,kWh,consumption,1.325,1.313,1.288,1.288,0.338,0.338,0.350,0.338,0.363,0.338,0.350,0.350,1.263,1.263,1.263,0.475,1.125,1.013,0.538,0.025,0.038,0.025,0.013,0.000,0.025,0.000,0.000,0.000,0.000,0.000,0.000,0.000,0.000,0.013,0.000,0.000,0.013,0.000,0.013,0.013,0.000,0.600,1.425,1.900,1.563,1.900,2.213,2.238
6203808917,Actual,DZ114328,14/06/2026,kWh,generation,0.000,0.000,0.000,0.000,0.000,0.000,0.000,0.000,0.000,0.000,0.000,0.000,0.000,0.000,0.000,0.000,0.000,0.000,0.000,0.013,0.013,0.025,0.013,0.013,0.050,1.488,1.775,2.763,1.775,2.125,0.863,0.413,0.013,0.013,0.000,0.000,0.000,0.013,0.000,0.000,0.000,0.000,0.000,0.000,0.000,0.000,0.000,0.000
6203808917,Actual,DZ114328,15/06/2026,kWh,consumption,1.763,1.300,1.275,1.263,0.313,0.313,0.313,0.313,0.300,0.313,0.313,1.250,2.988,7.663,7.713,6.875,1.575,0.050,0.013,0.100,0.013,0.038,0.013,0.013,0.000,0.000,0.000,0.000,0.000,0.000,0.000,0.013,0.000,0.013,0.000,0.000,0.013,0.000,0.013,0.000,0.013,0.013,0.700,0.413,0.388,0.388,0.375,0.363
6203808917,Actual,DZ114328,15/06/2026,kWh,generation,0.000,0.000,0.000,0.000,0.000,0.000,0.000,0.000,0.000,0.000,0.000,0.000,0.000,0.000,0.000,0.000,0.000,0.000,0.013,0.013,0.013,0.025,0.025,0.025,1.050,2.963,3.588,3.025,3.238,2.663,2.125,1.113,0.000,0.000,0.013,0.000,0.000,0.000,0.000,0.000,0.000,0.000,0.000,0.000,0.000,0.000,0.000,0.000
6203808917,Actual,DZ114328,16/06/2026,kWh,consumption,0.363,0.375,0.363,0.363,0.363,0.363,0.363,0.363,0.375,0.350,0.363,1.325,2.075,2.238,2.200,1.388,1.300,0.213,0.113,0.025,0.013,0.013,0.000,0.063,0.038,0.025,0.000,0.013,0.063,0.238,0.000,0.013,0.000,0.963,5.100,6.975,7.338,6.038,5.250,7.888,4.388,1.863,1.438,1.388,1.425,2.950,2.550,1.663
6203808917,Actual,DZ114328,16/06/2026,kWh,generation,0.000,0.000,0.000,0.000,0.000,0.000,0.000,0.000,0.000,0.000,0.000,0.000,0.000,0.000,0.000,0.000,0.000,0.000,0.013,0.000,0.013,0.000,0.000,0.000,0.000,0.013,0.000,0.000,0.000,0.000,0.000,0.013,0.000,0.000,0.000,0.000,0.000,0.000,0.000,0.000,0.000,0.000,0.000,0.000,0.000,0.000,0.000,0.000
6203808917,Actual,DZ114328,17/06/2026,kWh,consumption,1.600,2.175,1.838,1.863,1.813,2.050,2.063,2.050,2.050,2.038,2.025,3.063,1.638,1.275,1.313,1.275,1.125,0.050,0.000,0.013,0.050,0.013,0.013,0.013,0.025,0.013,0.000,0.000,0.000,0.000,0.000,0.000,0.000,0.000,0.000,1.625,3.425,3.638,6.063,7.075,6.975,7.488,5.288,1.800,1.450,1.238,0.725,0.925
6203808917,Actual,DZ114328,17/06/2026,kWh,generation,0.000,0.000,0.000,0.000,0.000,0.000,0.000,0.000,0.000,0.000,0.000,0.000,0.000,0.000,0.000,0.000,0.000,0.000,0.013,0.000,0.000,0.063,0.113,0.013,0.063,1.325,3.500,3.388,3.200,0.675,0.200,0.013,0.000,0.000,0.000,0.000,0.000,0.000,0.000,0.000,0.000,0.000,0.000,0.000,0.000,0.000,0.000,0.000
6203808917,Actual,DZ114328,18/06/2026,kWh,consumption,0.863,0.863,0.825,0.700,0.400,0.313,0.325,0.313,0.313,0.313,0.313,1.238,1.225,1.238,1.225,1.625,1.313,0.050,0.013,0.000,0.013,0.013,0.000,0.013,0.000,0.013,0.013,0.013,0.000,0.013,0.000,0.013,0.000,0.013,0.000,0.000,0.000,0.013,0.013,0.000,0.013,0.013,0.438,0.725,1.200,0.538,0.338,0.338
6203808917,Actual,DZ114328,18/06/2026,kWh,generation,0.000,0.000,0.000,0.000,0.000,0.000,0.000,0.000,0.000,0.000,0.000,0.000,0.000,0.000,0.000,0.000,0.000,0.000,0.013,0.000,0.000,0.013,0.000,0.013,0.000,0.013,0.013,0.013,0.000,0.000,0.013,0.000,0.013,0.000,0.000,0.000,0.000,0.013,0.000,0.000,0.013,0.000,0.000,0.000,0.000,0.000,0.000,0.000
6203808917,Actual,DZ114328,19/06/2026,kWh,consumption,0.325,0.325,0.338,0.713,2.025,1.375,1.088,0.788,0.325,0.325,0.825,1.588,1.275,1.413,1.263,1.238,1.138,0.000,0.013,0.013,0.000,0.013,0.100,0.175,0.025,0.013,0.000,0.000,0.000,0.000,0.000,0.000,0.000,0.000,0.013,0.000,0.013,0.000,0.013,0.000,0.013,0.000,0.350,0.338,0.338,0.338,2.388,6.275
6203808917,Actual,DZ114328,19/06/2026,kWh,generation,0.000,0.000,0.000,0.000,0.000,0.000,0.000,0.000,0.000,0.000,0.000,0.000,0.000,0.000,0.000,0.000,0.000,0.000,0.013,0.000,0.000,0.013,0.063,0.013,0.475,1.613,3.550,3.875,1.463,0.575,0.288,0.263,0.513,0.038,0.000,0.000,0.000,0.000,0.000,0.000,0.000,0.000,0.000,0.000,0.000,0.000,0.000,0.000
6203808917,Actual,DZ114328,20/06/2026,kWh,consumption,6.775,6.763,6.750,5.500,1.300,1.275,1.288,1.275,1.288,1.288,1.263,1.263,1.238,1.250,1.913,3.100,1.500,1.575,0.850,0.513,0.000,0.013,0.013,0.025,0.025,0.525,0.988,0.013,0.000,0.000,0.000,0.000,0.013,0.025,0.013,0.900,2.138,2.288,2.513,2.550,2.850,3.450,1.425,1.388,1.863,2.163,1.875,1.513
6203808917,Actual,DZ114328,20/06/2026,kWh,generation,0.000,0.000,0.000,0.000,0.000,0.000,0.000,0.000,0.000,0.000,0.000,0.000,0.000,0.000,0.000,0.000,0.000,0.000,0.013,0.000,0.013,0.000,0.013,0.050,0.013,0.013,0.000,0.625,1.850,1.575,0.875,0.000,0.013,0.013,0.000,0.013,0.000,0.000,0.000,0.000,0.000,0.000,0.000,0.000,0.000,0.000,0.000,0.000
6203808917,Actual,DZ114328,21/06/2026,kWh,consumption,2.763,1.713,0.363,0.350,0.350,0.350,0.363,0.563,0.863,7.363,6.900,6.863,6.825,6.825,4.788,2.075,1.275,0.738,0.450,0.250,0.013,0.013,0.013,0.038,0.113,0.013,0.050,0.000,0.000,0.000,0.000,3.588,4.600,1.038,0.400,1.875,1.925,2.800,2.400,2.100,1.988,2.125,3.450,2.500,2.163,1.513,1.213,1.238
6203808917,Actual,DZ114328,21/06/2026,kWh,generation,0.000,0.000,0.000,0.000,0.000,0.000,0.000,0.000,0.000,0.000,0.000,0.000,0.000,0.000,0.000,0.000,0.000,0.000,0.000,0.000,0.013,0.013,0.013,0.050,0.088,0.400,3.413,3.338,2.675,1.438,0.463,0.025,0.000,0.000,0.000,0.000,0.000,0.000,0.000,0.000,0.000,0.000,0.000,0.000,0.000,0.000,0.000,0.000
6203808917,Actual,DZ114328,22/06/2026,kWh,consumption,1.913,1.888,1.875,3.100,5.125,0.325,0.300,0.475,1.050,0.538,0.288,1.513,1.263,2.313,2.138,2.113,2.000,0.263,0.000,0.013,0.013,0.025,0.025,0.000,0.013,0.013,0.000,0.100,0.075,0.050,0.013,0.000,0.013,0.000,0.000,0.013,0.013,0.000,0.013,0.013,0.000,0.050,1.788,1.725,1.038,1.175,1.213,1.050
6203808917,Actual,DZ114328,22/06/2026,kWh,generation,0.000,0.000,0.000,0.000,0.000,0.000,0.000,0.000,0.000,0.000,0.000,0.000,0.000,0.000,0.000,0.000,0.000,0.000,0.000,0.013,0.000,0.025,0.025,0.000,0.000,0.013,0.013,0.275,0.038,0.088,0.000,0.013,0.000,0.000,0.000,0.013,0.000,0.000,0.000,0.013,0.000,0.000,0.000,0.000,0.000,0.000,0.000,0.000
6203808917,Actual,DZ114328,23/06/2026,kWh,consumption,0.300,0.300,1.013,1.200,1.213,1.213,0.963,0.288,0.288,0.275,0.288,1.738,1.338,1.538,1.225,1.213,1.100,0.013,0.013,0.013,0.025,0.025,0.025,0.000,0.000,0.013,0.000,0.013,0.013,0.000,0.000,0.013,0.000,0.000,0.013,0.000,0.000,0.013,0.000,0.013,1.913,2.513,2.063,1.150,2.150,3.113,2.913,2.250
6203808917,Actual,DZ114328,23/06/2026,kWh,generation,0.000,0.000,0.000,0.000,0.000,0.000,0.000,0.000,0.000,0.000,0.000,0.000,0.000,0.000,0.000,0.000,0.000,0.000,0.025,0.000,0.038,0.013,0.025,1.775,1.363,0.150,0.000,0.013,0.000,0.000,0.000,0.000,0.013,0.000,0.000,0.000,0.000,0.000,0.013,0.013,0.000,0.000,0.000,0.000,0.000,0.000,0.000,0.000
6203808917,Actual,DZ114328,24/06/2026,kWh,consumption,2.225,2.113,1.825,1.800,1.938,2.625,2.175,2.138,2.125,2.125,2.113,7.875,8.150,7.375,6.575,6.350,6.550,7.550,3.725,0.825,0.063,0.025,0.363,0.125,0.250,0.225,1.275,5.913,2.050,1.175,0.863,1.638,1.600,1.750,1.788,1.425,1.338,1.350,1.450,2.100,1.500,1.088,1.963,1.550,1.463,2.238,1.438,1.425
6203808917,Actual,DZ114328,24/06/2026,kWh,generation,0.000,0.000,0.000,0.000,0.000,0.000,0.000,0.000,0.000,0.000,0.000,0.000,0.000,0.000,0.000,0.000,0.000,0.000,0.000,0.000,0.000,0.013,0.000,0.000,0.000,0.000,0.000,0.000,0.000,0.000,0.000,0.000,0.000,0.000,0.000,0.000,0.000,0.000,0.000,0.000,0.000,0.000,0.000,0.000,0.000,0.000,0.000,0.000
6203808917,Actual,DZ114328,25/06/2026,kWh,consumption,1.400,1.925,2.300,1.675,1.450,1.425,1.413,1.413,1.413,1.325,1.763,4.213,1.800,1.538,1.238,1.350,1.075,0.963,0.275,1.850,0.013,0.013,0.013,0.013,0.088,0.013,0.000,0.013,0.013,0.013,0.000,0.013,0.925,0.025,0.000,0.000,1.150,1.975,1.188,0.563,0.375,0.363,0.313,0.550,1.900,2.250,1.800,1.338
6203808917,Actual,DZ114328,25/06/2026,kWh,generation,0.000,0.000,0.000,0.000,0.000,0.000,0.000,0.000,0.000,0.000,0.000,0.000,0.000,0.000,0.000,0.000,0.000,0.000,0.013,0.013,0.025,0.013,0.000,0.013,0.013,0.125,1.663,0.900,0.013,0.000,0.013,0.000,0.000,0.013,0.000,0.000,0.000,0.000,0.000,0.000,0.000,0.000,0.000,0.000,0.000,0.000,0.000,0.000
6203808917,Actual,DZ114328,26/06/2026,kWh,consumption,1.350,1.025,0.375,0.363,0.388,1.300,1.300,1.288,1.288,1.288,1.275,7.325,6.913,5.800,1.250,1.238,2.063,1.088,1.050,1.125,0.925,0.588,0.013,0.013,0.000,0.000,0.000,0.438,0.000,0.000,0.000,0.013,0.000,0.013,0.000,0.013,3.575,1.538,0.975,1.113,0.750,1.450,1.413,1.938,1.675,1.650,1.913,2.988
6203808917,Actual,DZ114328,26/06/2026,kWh,generation,0.000,0.000,0.000,0.000,0.000,0.000,0.000,0.000,0.000,0.000,0.000,0.000,0.000,0.000,0.000,0.000,0.000,0.000,0.000,0.000,0.000,0.000,0.013,0.088,0.125,0.313,0.275,1.525,2.263,0.588,0.338,0.038,0.000,0.000,0.013,0.013,0.000,0.000,0.000,0.000,0.000,0.000,0.000,0.000,0.000,0.000,0.000,0.000
6203808917,Actual,DZ114328,27/06/2026,kWh,consumption,3.125,2.100,1.738,1.350,1.325,1.338,1.375,1.375,1.375,1.375,1.325,3.513,1.313,0.763,0.325,0.325,1.338,1.225,0.688,0.563,1.063,1.338,1.450,0.063,0.013,0.000,0.013,0.000,0.000,0.000,0.000,0.000,0.000,0.013,0.013,0.013,0.000,0.013,0.013,0.000,0.000,0.013,3.638,3.488,2.863,2.200,2.200,2.250
6203808917,Actual,DZ114328,27/06/2026,kWh,generation,0.000,0.000,0.000,0.000,0.000,0.000,0.000,0.000,0.000,0.000,0.000,0.000,0.000,0.000,0.000,0.000,0.000,0.000,0.000,0.000,0.000,0.000,0.013,0.013,0.013,0.000,0.063,1.175,3.000,2.775,2.313,1.413,0.238,0.038,0.000,0.000,0.013,0.000,0.000,0.013,0.000,0.000,0.000,0.000,0.000,0.000,0.000,0.000
6203808917,Actual,DZ114328,28/06/2026,kWh,consumption,1.513,1.838,1.838,1.850,0.925,1.500,0.663,1.325,1.313,1.975,1.963,8.025,8.350,8.338,3.713,1.938,1.150,1.500,1.688,1.413,0.750,0.375,0.038,0.025,0.013,0.000,0.013,0.000,0.013,0.000,0.025,0.050,0.238,0.013,0.000,0.038,1.725,1.513,1.475,2.325,2.025,2.100,2.075,1.925,1.100,1.225,1.163,0.475
6203808917,Actual,DZ114328,28/06/2026,kWh,generation,0.000,0.000,0.000,0.000,0.000,0.000,0.000,0.000,0.000,0.000,0.000,0.000,0.000,0.000,0.000,0.000,0.000,0.000,0.000,0.000,0.000,0.000,0.050,0.025,0.038,0.375,0.100,0.788,0.688,1.088,0.038,0.013,0.000,0.000,0.013,0.000,0.000,0.000,0.000,0.000,0.000,0.000,0.000,0.000,0.000,0.000,0.000,0.000
6203808917,Actual,DZ114328,29/06/2026,kWh,consumption,0.413,0.400,1.288,1.388,1.188,1.288,1.288,1.300,1.300,1.288,1.275,6.738,6.788,1.675,1.250,1.400,1.213,1.100,1.038,1.088,0.488,0.050,0.013,0.013,0.088,0.700,0.100,0.088,0.350,1.300,0.013,0.000,0.575,0.963,0.913,1.238,1.350,2.900,1.475,1.438,2.138,1.913,1.688,1.738,2.150,2.213,2.125,2.063
6203808917,Actual,DZ114328,29/06/2026,kWh,generation,0.000,0.000,0.000,0.000,0.000,0.000,0.000,0.000,0.000,0.000,0.000,0.000,0.000,0.000,0.000,0.000,0.000,0.000,0.000,0.000,0.013,0.000,0.013,0.013,0.000,0.000,0.013,0.013,0.025,0.000,0.000,0.000,0.000,0.000,0.000,0.000,0.000,0.000,0.000,0.000,0.000,0.000,0.000,0.000,0.000,0.000,0.000,0.000
6203808917,Actual,DZ114328,30/06/2026,kWh,consumption,0.938,0.325,0.350,0.325,0.300,0.300,0.300,0.300,0.300,0.300,0.300,7.363,7.075,5.400,1.225,1.225,1.775,1.175,1.125,1.550,1.300,2.588,1.425,0.850,0.838,3.263,1.075,1.063,1.038,1.138,1.250,0.563,0.200,0.513,0.413,0.425,0.400,0.400,0.513,0.513,0.550,0.438,0.988,0.725,1.325,1.363,1.600,1.438
6203808917,Actual,DZ114328,30/06/2026,kWh,generation,0.000,0.000,0.000,0.000,0.000,0.000,0.000,0.000,0.000,0.000,0.000,0.000,0.000,0.000,0.000,0.000,0.000,0.000,0.000,0.000,0.000,0.000,0.000,0.000,0.000,0.000,0.000,0.000,0.000,0.000,0.000,0.000,0.000,0.000,0.000,0.000,0.000,0.000,0.000,0.000,0.000,0.000,0.000,0.000,0.000,0.000,0.000,0.000
6203808917,Actual,DZ114328,01/07/2026,kWh,consumption,2.238,2.225,2.188,1.500,1.288,1.313,1.300,1.038,0.300,0.300,0.288,6.825,6.413,1.363,1.200,1.200,1.163,1.050,0.963,0.900,0.050,0.025,0.013,0.013,0.000,0.000,0.000,0.000,0.000,0.013,0.000,0.000,0.025,0.000,0.000,0.525,2.150,1.700,1.350,1.263,1.300,1.363,1.200,1.150,0.713,0.813,0.675,0.350
6203808917,Actual,DZ114328,01/07/2026,kWh,generation,0.000,0.000,0.000,0.000,0.000,0.000,0.000,0.000,0.000,0.000,0.000,0.000,0.000,0.000,0.000,0.000,0.000,0.000,0.000,0.000,0.013,0.025,0.150,0.538,2.075,1.763,1.088,0.575,0.188,0.013,0.000,0.000,0.013,0.000,0.013,0.000,0.000,0.000,0.000,0.000,0.000,0.000,0.000,0.000,0.000,0.000,0.000,0.000
6203808917,Actual,DZ114328,02/07/2026,kWh,consumption,0.775,0.600,0.300,0.288,0.288,0.288,0.288,0.288,0.288,0.288,0.275,6.763,6.675,5.838,1.225,1.200,2.163,0.900,1.550,1.663,1.725,0.638,0.100,0.363,3.188,0.713,1.438,1.363,1.813,1.575,1.888,2.025,1.963,1.388,1.388,1.400,1.588,1.488,1.475,1.525,1.600,1.725,2.875,2.525,2.600,1.863,1.400,1.338
6203808917,Actual,DZ114328,02/07/2026,kWh,generation,0.000,0.000,0.000,0.000,0.000,0.000,0.000,0.000,0.000,0.000,0.000,0.000,0.000,0.000,0.000,0.000,0.000,0.000,0.000,0.000,0.000,0.000,0.000,0.000,0.000,0.000,0.000,0.000,0.000,0.000,0.000,0.000,0.000,0.000,0.000,0.000,0.000,0.000,0.000,0.000,0.000,0.000,0.000,0.000,0.000,0.000,0.000,0.000
6203808917,Actual,DZ114328,03/07/2026,kWh,consumption,1.338,1.350,1.300,0.338,0.325,0.313,0.325,0.325,0.313,0.325,0.350,6.488,1.275,1.263,1.238,1.388,1.875,1.263,0.288,0.013,0.088,0.013,0.013,0.025,0.025,0.025,0.013,0.038,0.000,0.000,0.013,0.013,0.013,0.000,0.013,0.000,0.013,0.000,0.013,1.025,1.538,2.063,2.250,2.650,2.425,1.800,1.350,1.988
6203808917,Actual,DZ114328,03/07/2026,kWh,generation,0.000,0.000,0.000,0.000,0.000,0.000,0.000,0.000,0.000,0.000,0.000,0.000,0.000,0.000,0.000,0.000,0.000,0.000,0.013,0.013,0.013,0.038,0.075,0.113,0.113,0.575,0.113,0.075,1.488,0.813,0.725,0.075,0.013,0.000,0.000,0.013,0.000,0.000,0.000,0.000,0.000,0.000,0.000,0.000,0.000,0.000,0.000,0.000
6203808917,Actual,DZ114328,04/07/2026,kWh,consumption,1.850,1.850,1.288,1.250,1.313,0.425,0.525,0.313,0.300,0.300,0.313,5.888,5.888,5.850,5.825,5.450,1.613,1.625,1.238,0.388,0.725,0.088,0.050,0.113,0.100,0.363,0.013,0.050,0.013,0.013,0.000,0.013,0.000,0.000,0.013,0.000,0.000,0.050,0.000,0.013,0.000,0.013,1.900,1.925,1.325,1.275,1.288,1.313
6203808917,Actual,DZ114328,04/07/2026,kWh,generation,0.000,0.000,0.000,0.000,0.000,0.000,0.000,0.000,0.000,0.000,0.000,0.000,0.000,0.000,0.000,0.000,0.000,0.000,0.000,0.013,0.013,0.025,0.025,0.088,0.063,0.025,0.100,0.250,0.150,0.025,0.825,0.250,0.000,0.013,0.000,0.000,0.000,0.000,0.000,0.000,0.013,0.000,0.000,0.000,0.000,0.000,0.000,0.000
6203808917,Actual,DZ114328,05/07/2026,kWh,consumption,1.250,1.238,1.250,1.375,1.838,2.100,1.975,2.000,1.850,1.763,1.713,6.975,7.900,7.538,6.250,1.538,1.075,0.975,0.675,1.200,1.825,0.525,0.063,0.000,0.013,0.000,0.000,0.013,3.250,3.313,1.063,2.525,0.013,0.013,0.313,2.400,1.775,1.525,2.900,2.038,1.538,2.625,2.175,2.900,2.938,1.938,1.775,1.400
6203808917,Actual,DZ114328,05/07/2026,kWh,generation,0.000,0.000,0.000,0.000,0.000,0.000,0.000,0.000,0.000,0.000,0.000,0.000,0.000,0.000,0.000,0.000,0.000,0.000,0.000,0.000,0.000,0.000,0.013,0.013,0.700,1.188,1.100,1.625,0.000,0.013,0.000,0.000,0.013,0.013,0.000,0.000,0.000,0.000,0.000,0.000,0.000,0.000,0.000,0.000,0.000,0.000,0.000,0.000
6203808917,Actual,DZ114328,06/07/2026,kWh,consumption,1.350,1.363,1.413,1.363,0.625,1.363,1.325,1.313,1.638,2.050,2.013,4.463,1.550,1.238,1.250,1.425,2.050,1.838,1.350,0.950,0.113,0.488,0.925,0.013,0.013,0.013,0.013,0.013,0.013,0.000,0.000,0.013,0.013,0.263,0.575,0.000,0.000,0.525,0.713,1.163,1.150,0.350,1.213,1.275,0.850,0.838,1.563,1.700
6203808917,Actual,DZ114328,06/07/2026,kWh,generation,0.000,0.000,0.000,0.000,0.000,0.000,0.000,0.000,0.000,0.000,0.000,0.000,0.000,0.000,0.000,0.000,0.000,0.000,0.000,0.000,0.013,0.000,0.000,0.013,0.013,0.000,0.013,0.013,0.000,0.413,0.500,0.013,0.000,0.000,0.013,0.000,0.000,0.000,0.000,0.000,0.000,0.000,0.000,0.000,0.000,0.000,0.000,0.000
6203808917,Actual,DZ114328,07/07/2026,kWh,consumption,0.413,0.300,0.325,1.225,1.263,1.238,1.263,1.250,1.250,1.325,1.950,4.088,1.825,1.213,1.463,1.338,1.588,1.013,0.100,0.013,0.013,0.000,0.000,0.063,2.163,0.238,0.338,0.013,0.025,0.325,0.000,0.025,1.238,1.775,1.225,1.238,1.275,1.250,1.275,1.300,1.950,3.113,1.400,0.750,0.538,0.313,0.300,0.300
6203808917,Actual,DZ114328,07/07/2026,kWh,generation,0.000,0.000,0.000,0.000,0.000,0.000,0.000,0.000,0.000,0.000,0.000,0.000,0.000,0.000,0.000,0.000,0.000,0.000,0.000,0.000,0.000,0.013,0.000,0.000,0.000,0.013,0.000,0.013,0.025,0.000,0.000,0.013,0.013,0.000,0.000,0.000,0.000,0.000,0.000,0.000,0.000,0.000,0.000,0.000,0.000,0.000,0.000,0.000
6203808917,Actual,DZ114328,08/07/2026,kWh,consumption,0.300,0.313,0.288,0.800,1.200,1.238,1.213,1.225,1.238,1.263,1.650,5.450,1.825,1.213,1.200,1.213,1.175,0.463,0.975,1.350,0.000,0.025,0.013,0.013,0.000,0.000,0.000,0.338,0.100,0.000,0.000,0.000,0.000,0.000,0.013,0.000,0.675,0.000,0.013,0.000,0.000,0.013,0.413,0.425,1.550,1.763,1.225,1.238
6203808917,Actual,DZ114328,08/07/2026,kWh,generation,0.000,0.000,0.000,0.000,0.000,0.000,0.000,0.000,0.000,0.000,0.000,0.000,0.000,0.000,0.000,0.000,0.000,0.000,0.000,0.000,0.000,0.113,0.025,0.013,0.100,2.300,2.738,2.263,2.263,2.200,2.463,1.625,0.838,0.050,0.000,0.000,0.013,0.000,0.000,0.000,0.000,0.000,0.000,0.000,0.000,0.000,0.000,0.000
6203808917,Actual,DZ114328,09/07/2026,kWh,consumption,0.763,0.275,0.275,0.288,0.263,0.263,0.288,0.263,0.275,0.525,1.000,4.700,1.225,1.500,2.225,2.125,1.975,0.938,0.163,0.700,0.013,0.000,0.000,0.000,0.000,0.000,0.000,0.000,0.338,0.000,0.000,0.000,0.000,0.000,0.000,0.000,0.625,0.013,0.000,0.000,0.063,0.050,1.663,1.325,0.938,1.225,0.338,0.300
6203808917,Actual,DZ114328,09/07/2026,kWh,generation,0.000,0.000,0.000,0.000,0.000,0.000,0.000,0.000,0.000,0.000,0.000,0.000,0.000,0.000,0.000,0.000,0.000,0.000,0.013,0.000,0.013,1.463,2.775,3.088,3.500,3.638,3.600,3.238,2.038,2.800,2.475,1.825,0.938,0.125,0.000,0.000,0.000,0.000,0.000,0.013,0.000,0.013,0.000,0.000,0.000,0.000,0.000,0.000
6203808917,Actual,DZ114328,10/07/2026,kWh,consumption,0.288,0.275,0.288,0.275,0.275,0.400,1.000,1.000,0.850,0.263,0.263,5.225,2.100,2.100,2.138,2.113,2.038,0.400,0.250,0.763,0.025,0.063,0.013,0.013,0.000,0.000,0.000,0.000,0.238,0.000,0.013,0.013,0.025,0.013,0.000,0.013,0.738,0.013,0.013,0.013,0.000,0.363,0.313,0.300,0.288,0.288,0.300,0.288
6203808917,Actual,DZ114328,10/07/2026,kWh,generation,0.000,0.000,0.000,0.000,0.000,0.000,0.000,0.000,0.000,0.000,0.000,0.000,0.000,0.000,0.000,0.000,0.000,0.000,0.013,0.013,0.013,0.013,0.075,0.900,3.600,3.550,2.163,2.188,2.250,1.625,1.300,0.013,0.013,0.013,0.000,0.000,0.013,0.013,0.000,0.000,0.013,0.000,0.000,0.000,0.000,0.000,0.000,0.000
6203808917,Actual,DZ114328,11/07/2026,kWh,consumption,0.788,1.213,1.325,2.263,1.813,1.300,1.288,1.263,1.263,1.775,1.813,4.538,1.863,1.263,1.375,1.425,1.013,0.763,0.550,1.425,0.950,0.138,0.025,0.413,0.313,0.025,0.475,0.500,0.975,0.013,0.013,0.013,0.025,0.013,0.025,0.713,1.938,6.063,2.663,2.513,2.138,2.075,1.750,1.550,1.688,1.575,1.963,2.075
6203808917,Actual,DZ114328,11/07/2026,kWh,generation,0.000,0.000,0.000,0.000,0.000,0.000,0.000,0.000,0.000,0.000,0.000,0.000,0.000,0.000,0.000,0.000,0.000,0.000,0.000,0.000,0.000,0.025,0.013,0.000,0.000,0.213,0.013,0.013,0.013,0.025,0.000,0.013,0.013,0.013,0.013,0.013,0.000,0.000,0.000,0.000,0.000,0.000,0.000,0.000,0.000,0.000,0.000,0.000
6203808917,Actual,DZ114328,12/07/2026,kWh,consumption,2.288,1.738,1.713,1.575,0.963,1.288,1.250,1.263,1.250,1.263,1.238,6.700,5.238,1.225,1.238,1.200,1.075,0.913,1.575,0.613,0.425,0.225,0.275,0.025,0.013,0.013,0.025,0.013,0.025,0.013,0.000,0.000,0.000,0.013,0.000,0.013,0.013,0.013,0.000,0.013,0.000,0.013,2.200,2.313,1.250,1.563,1.388,1.313
6203808917,Actual,DZ114328,12/07/2026,kWh,generation,0.000,0.000,0.000,0.000,0.000,0.000,0.000,0.000,0.000,0.000,0.000,0.000,0.000,0.000,0.000,0.000,0.000,0.000,0.000,0.000,0.013,0.013,0.013,0.138,0.013,0.038,0.663,0.738,0.050,0.113,0.175,0.075,0.000,0.000,0.000,0.013,0.013,0.000,0.000,0.000,0.000,0.000,0.000,0.000,0.000,0.000,0.000,0.000
6203808917,Actual,DZ114328,13/07/2026,kWh,consumption,1.338,1.475,1.325,1.213,0.288,0.288,0.450,0.800,1.088,0.425,0.613,7.125,6.813,7.538,6.013,2.063,1.600,0.025,0.238,0.013,0.413,0.088,0.200,0.100,0.025,0.600,1.488,0.963,5.688,6.200,1.775,0.013,0.000,0.025,0.250,1.813,1.813,2.025,2.713,2.638,1.838,1.813,1.900,1.213,2.100,1.475,1.175,1.075
6203808917,Actual,DZ114328,13/07/2026,kWh,generation,0.000,0.000,0.000,0.000,0.000,0.000,0.000,0.000,0.000,0.000,0.000,0.000,0.000,0.000,0.000,0.000,0.000,0.000,0.000,0.013,0.013,0.038,0.063,0.025,0.050,0.000,0.000,0.000,0.000,0.000,0.000,0.013,0.000,0.013,0.000,0.000,0.000,0.000,0.000,0.000,0.000,0.000,0.000,0.000,0.000,0.000,0.000,0.000
6203808917,Actual,DZ114328,14/07/2026,kWh,consumption,1.325,0.813,0.800,0.788,0.788,0.788,0.775,0.763,0.750,0.738,0.750,4.613,1.863,1.650,1.663,1.650,1.525,1.125,0.813,0.350,0.063,0.013,0.025,0.025,0.000,0.025,0.000,0.000,0.000,0.000,0.000,0.000,0.000,0.000,0.013,0.000,0.013,0.000,0.013,0.000,0.000,0.013,0.388,0.688,2.000,1.863,1.700,1.300
6203808917,Actual,DZ114328,14/07/2026,kWh,generation,0.000,0.000,0.000,0.000,0.000,0.000,0.000,0.000,0.000,0.000,0.000,0.000,0.000,0.000,0.000,0.000,0.000,0.000,0.000,0.000,0.013,0.025,0.138,0.438,1.088,0.963,0.000,1.150,1.275,0.838,1.100,1.613,0.838,0.063,0.000,0.000,0.000,0.000,0.000,0.000,0.000,0.000,0.000,0.000,0.000,0.000,0.000,0.000
6203808917,Actual,DZ114328,15/07/2026,kWh,consumption,1.950,1.850,1.288,1.275,1.250,0.563,0.300,1.250,1.313,1.300,1.650,7.425,6.925,6.750,6.925,4.063,2.725,1.150,0.263,0.025,0.013,0.013,0.000,0.000,0.000,0.000,0.000,0.000,0.000,0.013,0.013,0.000,0.013,0.000,0.013,0.013,0.013,0.013,0.013,1.338,2.388,2.350,2.188,1.913,1.463,1.775,2.113,2.813
6203808917,Actual,DZ114328,15/07/2026,kWh,generation,0.000,0.000,0.000,0.000,0.000,0.000,0.000,0.000,0.000,0.000,0.000,0.000,0.000,0.000,0.000,0.000,0.000,0.000,0.013,0.013,0.013,0.025,0.788,1.563,1.575,0.975,1.263,1.238,0.525,0.275,0.088,0.000,0.000,0.013,0.000,0.000,0.000,0.013,0.000,0.000,0.000,0.000,0.000,0.000,0.000,0.000,0.000,0.000
6203808917,Actual,DZ114328,16/07/2026,kWh,consumption,1.925,1.100,0.975,1.663,1.350,1.313,3.700,3.738,3.513,2.775,2.238,1.413,1.288,1.263,1.250,1.238,1.163,0.788,0.563,0.000,0.000,0.063,0.038,0.075,0.325,5.763,5.750,0.613,0.100,0.288,0.025,0.000,0.013,0.000,0.000,0.013,0.000,0.038,0.613,1.488,1.338,1.263,3.688,3.900,3.013,2.438,1.900,0.888
6203808917,Actual,DZ114328,16/07/2026,kWh,generation,0.000,0.000,0.000,0.000,0.000,0.000,0.000,0.000,0.000,0.000,0.000,0.000,0.000,0.000,0.000,0.000,0.000,0.000,0.000,0.000,0.000,0.000,0.013,0.000,0.000,0.000,0.000,0.000,0.163,0.163,0.000,0.000,0.000,0.000,0.000,0.013,0.000,0.013,0.000,0.000,0.000,0.000,0.000,0.000,0.000,0.000,0.000,0.000
6203808917,Actual,DZ114328,17/07/2026,kWh,consumption,0.413,0.388,0.638,1.838,2.563,1.588,1.338,1.313,1.313,1.300,1.288,1.250,0.338,0.550,1.213,1.175,1.200,0.013,0.013,0.000,0.000,0.000,1.125,1.863,0.000,0.000,0.000,1.450,0.000,0.000,0.000,0.000,0.000,0.000,0.000,0.013,0.000,0.013,0.000,0.025,0.000,0.975,4.613,4.675,3.813,3.313,1.988,1.338
6203808917,Actual,DZ114328,17/07/2026,kWh,generation,0.000,0.000,0.000,0.000,0.000,0.000,0.000,0.000,0.000,0.000,0.000,0.000,0.000,0.000,0.000,0.000,0.000,0.000,0.238,0.775,1.775,1.800,1.463,0.700,2.813,3.550,3.688,1.425,2.813,3.075,2.600,1.800,0.863,0.213,0.000,0.013,0.000,0.000,0.000,0.013,0.000,0.000,0.000,0.000,0.000,0.000,0.000,0.000
6203808917,Actual,DZ114328,18/07/2026,kWh,consumption,1.325,1.325,1.313,1.275,1.250,1.275,1.263,0.363,1.050,1.288,1.288,1.288,1.263,1.275,1.513,2.300,2.013,1.600,1.375,0.875,0.063,0.000,3.738,3.538,2.200,0.000,0.000,0.000,0.000,0.000,0.000,0.000,0.000,0.000,0.013,0.000,0.025,0.000,0.013,1.650,2.225,2.200,4.650,4.438,4.775,3.388,3.025,1.850
6203808917,Actual,DZ114328,18/07/2026,kWh,generation,0.000,0.000,0.000,0.000,0.000,0.000,0.000,0.000,0.000,0.000,0.000,0.000,0.000,0.000,0.000,0.000,0.000,0.000,0.000,0.000,0.050,1.250,0.013,0.000,0.750,2.938,3.450,2.763,2.538,2.200,1.138,1.050,0.300,0.000,0.013,0.000,0.013,0.000,0.000,0.000,0.000,0.000,0.000,0.000,0.000,0.000,0.000,0.000
6203808917,Actual,DZ114328,19/07/2026,kWh,consumption,1.463,1.375,1.388,1.413,1.338,1.350,1.363,1.350,1.350,1.350,1.338,1.750,2.063,2.013,1.413,1.175,0.863,0.475,1.063,1.050,0.113,0.113,0.000,0.000,0.000,0.000,0.000,0.000,0.000,0.000,0.000,0.000,0.000,0.000,0.013,0.000,0.000,0.013,0.125,0.025,0.600,2.450,4.763,4.138,4.538,2.613,1.375,1.313
6203808917,Actual,DZ114328,19/07/2026,kWh,generation,0.000,0.000,0.000,0.000,0.000,0.000,0.000,0.000,0.000,0.000,0.000,0.000,0.000,0.000,0.000,0.000,0.000,0.000,0.000,0.000,0.250,0.075,1.725,2.488,3.363,3.438,3.775,2.938,3.300,1.688,1.313,1.463,0.750,0.050,0.013,0.000,0.000,0.000,0.013,0.000,0.000,0.000,0.000,0.000,0.000,0.000,0.000,0.000
6203808917,Actual,DZ114328,20/07/2026,kWh,consumption,1.463,2.213,1.300,1.325,0.363,1.200,1.325,1.313,1.363,1.363,1.363,1.925,1.700,1.613,1.600,1.263,0.975,0.025,0.550,0.875,0.238,0.125,3.275,0.000,0.000,0.150,0.313,1.525,3.650,4.788,3.813,3.688,0.000,0.013,0.000,1.138,1.450,1.500,0.613,0.525,1.413,1.363,3.750,3.925,4.900,3.813,2.588,1.888
6203808917,Actual,DZ114328,20/07/2026,kWh,generation,0.000,0.000,0.000,0.000,0.000,0.000,0.000,0.000,0.000,0.000,0.000,0.000,0.000,0.000,0.000,0.000,0.000,0.000,0.013,0.000,0.000,0.263,0.250,1.525,0.875,1.088,0.888,0.838,0.000,0.000,0.000,0.000,0.000,0.013,0.013,0.000,0.000,0.000,0.000,0.000,0.000,0.000,0.000,0.000,0.000,0.000,0.000,0.000
6203808917,Actual,DZ114328,21/07/2026,kWh,consumption,1.463,1.388,1.388,1.388,1.375,1.313,1.300,1.288,1.313,1.863,1.038,1.888,1.225,1.450,1.213,1.225,1.050,0.388,0.150,0.000,0.000,0.000,0.000,0.000,0.000,0.000,0.000,0.063,0.000,0.000,0.013,0.000,0.000,0.013,0.000,0.000,0.013,0.000,0.013,0.000,0.013,1.700,2.888,4.038,3.463,2.413,2.100,1.988
6203808917,Actual,DZ114328,21/07/2026,kWh,generation,0.000,0.000,0.000,0.000,0.000,0.000,0.000,0.000,0.000,0.000,0.000,0.000,0.000,0.000,0.000,0.000,0.000,0.000,0.013,1.688,2.138,2.138,2.625,2.575,1.675,1.525,0.700,0.000,0.275,0.813,0.013,0.000,0.013,0.000,0.000,0.000,0.000,0.000,0.013,0.000,0.000,0.000,0.000,0.000,0.000,0.000,0.000,0.000
6203808917,Actual,DZ114328,22/07/2026,kWh,consumption,1.938,2.388,2.300,1.475,1.300,1.275,1.263,1.263,1.263,1.250,0.025,1.950,1.713,1.225,1.213,1.213,0.763,1.263,7.088,0.963,0.063,0.025,0.250,0.013,0.100,0.000,0.013,0.000,0.000,0.000,0.000,0.000,0.013,0.000,0.000,0.013,0.000,0.013,0.075,1.000,2.400,2.213,4.425,3.438,4.113,3.425,2.338,2.463
6203808917,Actual,DZ114328,22/07/2026,kWh,generation,0.000,0.000,0.000,0.000,0.000,0.000,0.000,0.000,0.000,0.000,0.000,0.000,0.000,0.000,0.000,0.000,0.000,0.000,0.000,0.000,0.025,0.963,0.325,0.650,1.575,2.888,3.288,2.575,1.500,1.613,0.875,0.063,0.100,0.000,0.000,0.000,0.000,0.000,0.013,0.013,0.000,0.000,0.000,0.000,0.000,0.000,0.000,0.000
6203808917,Actual,DZ114328,23/07/2026,kWh,consumption,2.550,2.100,1.313,1.438,0.925,0.300,0.363,0.313,0.300,0.300,0.013,0.000,1.600,2.800,1.013,0.238,0.700,0.450,0.000,0.875,3.150,2.725,2.463,2.613,2.400,2.275,2.275,1.400,0.000,0.000,0.000,0.000,0.000,0.000,0.013,0.000,0.000,0.013,0.013,0.013,0.013,0.000,2.588,1.150,1.963,1.188,1.488,0.650
6203808917,Actual,DZ114328,23/07/2026,kWh,generation,0.000,0.000,0.000,0.000,0.000,0.000,0.000,0.000,0.000,0.000,0.000,0.000,0.000,0.000,0.000,0.000,0.000,0.000,0.013,0.538,0.000,0.000,0.000,0.000,0.000,0.000,0.000,0.338,3.600,2.975,2.488,1.750,1.113,0.400,0.000,0.000,0.000,0.000,0.013,0.000,0.013,0.000,0.000,0.000,0.000,0.000,0.000,0.000
6203808917,Actual,DZ114328,24/07/2026,kWh,consumption,1.463,0.288,0.275,0.275,0.263,0.275,0.263,0.263,0.688,0.588,0.463,1.263,1.225,2.100,1.950,1.625,1.938,0.025,0.000,0.013,0.000,0.000,3.888,0.000,0.188,0.263,0.000,0.288,0.563,0.313,0.025,0.000,0.013,0.000,0.013,0.000,0.013,2.063,1.913,1.350,0.963,0.450,3.400,3.800,3.425,4.063,2.688,2.338
6203808917,Actual,DZ114328,24/07/2026,kWh,generation,0.000,0.000,0.000,0.000,0.000,0.000,0.000,0.000,0.000,0.000,0.000,0.000,0.000,0.000,0.000,0.000,0.000,0.013,0.000,0.025,1.038,0.113,0.000,0.375,0.038,0.113,0.675,0.163,0.138,0.450,0.000,0.000,0.013,0.000,0.000,0.000,0.000,0.000,0.000,0.000,0.000,0.000,0.000,0.000,0.000,0.000,0.000,0.000
6203808917,Actual,DZ114328,25/07/2026,kWh,consumption,2.013,1.413,1.250,1.250,1.250,1.275,1.288,1.288,1.300,1.288,1.288,1.288,1.275,0.625,0.913,0.775,0.963,0.588,0.738,0.675,0.525,0.300,3.975,0.075,0.050,0.000,0.000,0.000,0.000,0.000,0.000,0.000,0.000,0.000,0.000,0.000,0.013,0.013,0.000,0.013,0.000,0.000,2.663,2.275,2.575,2.200,2.575,1.775
6203808917,Actual,DZ114328,25/07/2026,kWh,generation,0.000,0.000,0.000,0.000,0.000,0.000,0.000,0.000,0.000,0.000,0.000,0.000,0.000,0.000,0.000,0.000,0.000,0.000,0.000,0.000,0.000,0.013,0.000,0.488,1.950,1.675,1.938,1.075,2.550,0.913,0.475,0.688,0.800,0.038,0.000,0.000,0.013,0.000,0.000,0.000,0.000,0.000,0.000,0.000,0.000,0.000,0.000,0.000
6203808917,Actual,DZ114328,26/07/2026,kWh,consumption,0.313,0.288,0.300,0.263,0.275,0.275,0.700,0.888,0.300,0.313,0.263,0.275,0.263,0.575,1.525,2.138,2.225,1.175,1.150,0.138,0.188,0.338,0.125,0.450,1.150,6.038,4.263,4.625,3.788,2.663,2.875,0.200,0.013,0.000,0.000,0.000,0.013,0.013,0.000,1.063,1.350,1.888,4.013,3.988,3.613,2.950,3.438,2.238
6203808917,Actual,DZ114328,26/07/2026,kWh,generation,0.000,0.000,0.000,0.000,0.000,0.000,0.000,0.000,0.000,0.000,0.000,0.000,0.000,0.000,0.000,0.000,0.000,0.000,0.013,0.000,0.025,0.638,0.038,0.163,0.025,0.000,0.000,0.000,0.000,0.000,0.000,0.038,0.013,0.000,0.000,0.013,0.000,0.013,0.000,0.000,0.000,0.000,0.000,0.000,0.000,0.000,0.000,0.000
6203808917,Actual,DZ114328,27/07/2026,kWh,consumption,1.313,1.300,1.300,1.275,0.288,0.288,0.275,0.288,0.288,0.300,1.013,1.938,1.500,1.325,1.450,2.025,7.525,3.113,1.438,0.100,0.013,0.588,0.325,0.000,0.000,0.863,1.688,0.650,0.713,1.038,0.063,0.000,0.025,0.063,0.000,0.863,0.600,0.850,0.500,0.438,0.788,2.363,4.663,4.300,3.700,2.900,2.138,1.850
6203808917,Actual,DZ114328,27/07/2026,kWh,generation,0.000,0.000,0.000,0.000,0.000,0.000,0.000,0.000,0.000,0.000,0.000,0.000,0.000,0.000,0.000,0.000,0.000,0.013,0.000,0.013,0.638,1.425,2.038,2.075,2.238,0.825,0.000,0.063,0.000,0.000,0.013,0.000,0.000,0.013,0.000,0.000,0.000,0.000,0.000,0.000,0.000,0.000,0.000,0.000,0.000,0.000,0.000,0.000
6203808917,Actual,DZ114328,28/07/2026,kWh,consumption,1.313,1.388,0.938,0.925,1.213,1.163,0.913,1.225,0.863,1.225,0.913,1.313,1.900,1.738,1.725,2.038,7.425,0.713,0.013,0.000,0.000,0.000,0.000,0.000,0.000,0.000,0.063,0.013,0.013,0.000,0.013,0.013,0.000,0.013,0.000,0.025,0.000,0.013,0.000,0.013,0.013,0.013,2.238,2.213,2.863,2.025,1.975,2.850
6203808917,Actual,DZ114328,28/07/2026,kWh,generation,0.000,0.000,0.000,0.000,0.000,0.000,0.000,0.000,0.000,0.000,0.000,0.000,0.000,0.000,0.000,0.000,0.000,0.000,0.013,1.300,1.963,2.838,3.200,3.525,3.950,4.063,2.675,1.800,2.663,2.063,0.013,0.000,0.000,0.000,0.013,0.000,0.000,0.000,0.000,0.013,0.000,0.000,0.000,0.000,0.000,0.000,0.000,0.000
6203808917,Actual,DZ114328,29/07/2026,kWh,consumption,1.800,1.713,1.638,1.600,1.250,1.263,1.275,1.550,1.738,2.125,2.413,1.600,1.438,1.275,1.288,1.400,1.050,4.938,5.788,4.575,4.963,2.038,0.013,0.013,0.438,0.200,0.350,0.238,0.563,0.400,0.013,0.000,0.000,0.013,0.013,0.013,0.013,0.013,0.000,0.588,1.663,1.963,4.375,4.225,3.125,1.988,2.400,1.700
6203808917,Actual,DZ114328,29/07/2026,kWh,generation,0.000,0.000,0.000,0.000,0.000,0.000,0.000,0.000,0.000,0.000,0.000,0.000,0.000,0.000,0.000,0.000,0.000,0.000,0.000,0.000,0.000,0.063,0.863,1.488,0.163,0.638,1.013,1.175,0.050,0.038,0.975,2.000,1.625,0.013,0.000,0.000,0.013,0.000,0.000,0.000,0.000,0.000,0.000,0.000,0.000,0.000,0.000,0.000
6203808917,Actual,DZ114328,30/07/2026,kWh,consumption,1.475,1.863,1.300,1.263,1.225,1.238,1.250,1.250,1.250,1.775,1.950,1.600,1.750,1.225,1.838,2.250,7.450,0.350,0.013,0.000,0.000,0.000,0.000,0.000,0.025,0.013,0.000,0.000,0.000,0.275,0.013,0.000,0.013,0.000,0.013,0.000,0.000,0.000,0.013,0.000,0.013,0.000,0.350,0.313,0.350,1.838,2.100,2.125
6203808917,Actual,DZ114328,30/07/2026,kWh,generation,0.000,0.000,0.000,0.000,0.000,0.000,0.000,0.000,0.000,0.000,0.000,0.000,0.000,0.000,0.000,0.000,0.000,0.013,0.825,1.225,1.400,1.988,2.138,1.850,2.250,1.838,1.675,2.750,2.663,0.863,0.000,0.000,0.000,0.013,0.000,0.000,0.000,0.000,0.000,0.000,0.000,0.000,0.000,0.000,0.000,0.000,0.000,0.000
6203808917,Actual,DZ114328,31/07/2026,kWh,consumption,1.425,1.325,1.250,1.250,1.238,1.250,1.263,1.238,1.250,1.250,1.350,2.213,2.625,2.238,2.200,2.025,6.650,3.500,0.563,0.463,0.025,0.000,0.750,0.000,0.000,0.713,5.513,6.263,3.663,4.950,0.038,0.013,0.013,0.013,0.025,0.013,1.600,1.788,2.275,2.000,1.888,2.025,3.163,2.013,2.550,0.900,0.875,1.438
6203808917,Actual,DZ114328,31/07/2026,kWh,generation,0.000,0.000,0.000,0.000,0.000,0.000,0.000,0.000,0.000,0.000,0.000,0.000,0.000,0.000,0.000,0.000,0.000,0.000,0.000,0.013,0.013,0.550,0.188,2.063,3.050,2.238,0.000,0.000,0.000,0.000,0.013,0.013,0.000,0.013,0.000,0.000,0.000,0.000,0.000,0.000,0.000,0.000,0.000,0.000,0.000,0.000,0.000,0.000
6203808917,Actual,DZ114328,01/08/2026,kWh,consumption,2.788,2.913,2.338,1.825,1.300,1.300,1.300,1.288,1.300,0.025,2.700,0.150,4.050,3.663,1.850,1.700,1.175,0.050,0.000,0.000,0.000,0.013,0.000,0.000,0.000,0.000,0.000,0.000,1.538,2.325,2.113,0.013,0.000,0.000,0.013,0.000,0.013,0.013,0.013,2.288,1.613,1.475,3.725,2.350,6.263,2.388,1.813,2.300
6203808917,Actual,DZ114328,01/08/2026,kWh,generation,0.000,0.000,0.000,0.000,0.000,0.000,0.000,0.000,0.000,0.000,0.000,0.000,0.000,0.000,0.000,0.000,0.000,0.013,0.013,0.525,1.275,0.588,1.688,2.275,2.725,2.900,4.188,4.025,0.813,0.000,0.013,0.200,0.713,0.038,0.000,0.013,0.000,0.013,0.000,0.000,0.000,0.000,0.000,0.000,0.000,0.000,0.000,0.000
6203808917,Actual,DZ114328,02/08/2026,kWh,consumption,1.938,1.813,1.313,1.263,1.125,1.300,1.288,1.275,1.275,1.288,1.275,1.438,1.263,1.250,1.288,1.538,2.000,0.050,0.713,0.075,0.063,0.025,0.000,0.000,0.000,0.000,0.000,0.000,0.000,0.000,0.000,0.000,0.000,0.000,0.013,0.013,0.000,0.013,0.388,1.625,1.388,1.350,3.713,3.588,2.675,2.563,2.163,1.088
6203808917,Actual,DZ114328,02/08/2026,kWh,generation,0.000,0.000,0.000,0.000,0.000,0.000,0.000,0.000,0.000,0.000,0.000,0.000,0.000,0.000,0.000,0.000,0.000,0.013,0.000,0.000,0.013,0.013,2.525,3.475,3.263,3.675,3.688,3.838,3.825,3.488,2.975,2.363,1.688,0.600,0.000,0.013,0.000,0.000,0.013,0.000,0.000,0.000,0.000,0.000,0.000,0.000,0.000,0.000
6203808917,Actual,DZ114328,03/08/2026,kWh,consumption,0.825,1.213,1.325,1.313,1.188,0.738,0.363,0.350,0.350,0.013,0.000,2.625,2.063,1.650,1.375,1.275,1.488,0.025,0.063,0.013,0.000,0.013,1.300,0.013,0.088,3.100,3.463,1.513,0.300,0.538,0.025,0.000,0.013,0.013,0.013,0.000,0.013,0.013,0.013,0.000,0.013,0.000,4.425,2.738,2.725,1.625,2.138,1.625
6203808917,Actual,DZ114328,03/08/2026,kWh,generation,0.000,0.000,0.000,0.000,0.000,0.000,0.000,0.000,0.000,0.000,0.000,0.000,0.000,0.000,0.000,0.000,0.000,0.013,0.000,0.013,0.213,1.863,0.413,2.375,1.150,0.013,0.000,0.000,0.163,0.300,0.025,1.063,0.075,0.013,0.000,0.000,0.013,0.000,0.013,0.000,0.000,0.013,0.000,0.000,0.000,0.000,0.000,0.000
6203808917,Actual,DZ114328,04/08/2026,kWh,consumption,1.813,1.663,1.288,1.275,1.263,1.288,1.263,1.575,2.000,0.038,2.725,2.000,1.400,0.625,0.638,0.025,1.113,0.300,0.200,0.025,0.013,0.000,1.838,0.013,0.013,0.000,0.000,0.000,0.000,0.000,0.000,0.000,0.000,0.000,0.013,0.000,0.013,0.000,0.013,0.688,1.563,2.413,4.788,4.300,3.475,3.500,1.863,2.588
6203808917,Actual,DZ114328,04/08/2026,kWh,generation,0.000,0.000,0.000,0.000,0.000,0.000,0.000,0.000,0.000,0.000,0.000,0.000,0.000,0.000,0.000,0.000,0.000,0.000,0.025,0.013,0.013,0.000,0.013,0.013,0.950,1.125,0.625,0.813,1.963,1.263,0.888,0.263,0.025,0.000,0.000,0.013,0.000,0.000,0.000,0.013,0.000,0.000,0.000,0.000,0.000,0.000,0.000,0.000
6203808917,Actual,DZ114328,05/08/2026,kWh,consumption,1.225,1.225,0.863,0.563,0.988,0.263,0.263,0.275,0.000,0.013,0.000,0.013,1.688,2.213,3.575,2.075,1.600,0.000,0.025,0.025,0.188,0.125,4.700,4.675,4.775,0.788,0.838,0.700,0.788,0.750,0.000,0.000,0.013,0.000,0.013,0.013,0.013,1.263,1.163,1.400,1.550,2.063,5.150,4.538,3.250,3.638,1.325,1.825
6203808917,Actual,DZ114328,05/08/2026,kWh,generation,0.000,0.000,0.000,0.000,0.000,0.000,0.000,0.000,0.000,0.000,0.000,0.013,0.000,0.000,0.000,0.000,0.000,0.000,0.025,0.013,0.000,0.013,0.000,0.000,0.000,0.000,0.000,0.000,0.000,0.000,0.000,0.000,0.000,0.000,0.000,0.013,0.000,0.000,0.000,0.000,0.000,0.000,0.000,0.000,0.000,0.000,0.000,0.000
6203808917,Actual,DZ114328,06/08/2026,kWh,consumption,1.300,1.300,1.275,1.263,1.238,1.275,0.025,2.138,0.388,0.838,0.025,2.188,1.213,1.188,1.325,1.125,1.888,0.788,0.563,0.000,0.000,0.000,2.763,2.150,0.063,0.063,0.163,0.188,0.175,0.450,0.000,0.638,0.013,0.000,0.013,0.000,0.000,0.013,0.000,1.125,1.325,1.300,4.713,4.363,3.513,4.613,2.838,2.138
6203808917,Actual,DZ114328,06/08/2026,kWh,generation,0.000,0.000,0.000,0.000,0.000,0.000,0.000,0.013,0.000,0.000,0.000,0.000,0.000,0.000,0.000,0.000,0.000,0.000,0.000,0.475,1.788,1.950,0.025,0.225,1.225,2.150,1.088,1.513,0.000,0.000,0.000,0.013,0.000,0.013,0.000,0.000,0.000,0.000,0.000,0.000,0.000,0.000,0.000,0.000,0.000,0.000,0.000,0.000
6203808917,Actual,DZ114328,07/08/2026,kWh,consumption,1.938,1.963,1.725,1.350,1.275,1.550,1.825,1.200,1.825,1.813,2.113,2.288,0.988,0.875,0.838,0.738,1.125,0.538,0.000,0.000,0.000,0.000,3.113,0.000,0.000,0.000,0.000,0.000,0.013,0.013,0.500,0.063,0.000,0.025,0.000,0.013,0.013,0.000,0.013,0.013,0.000,0.050,2.775,2.825,2.763,2.850,1.400,1.538
6203808917,Actual,DZ114328,07/08/2026,kWh,generation,0.000,0.000,0.000,0.000,0.000,0.000,0.000,0.000,0.000,0.000,0.000,0.000,0.000,0.000,0.000,0.000,0.000,0.000,0.550,1.538,2.563,2.300,0.463,3.688,2.000,2.088,1.300,1.213,0.763,0.838,1.200,0.375,0.488,0.013,0.000,0.013,0.013,0.000,0.013,0.000,0.000,0.000,0.000,0.000,0.000,0.000,0.000,0.000
6203808917,Actual,DZ114328,08/08/2026,kWh,consumption,1.250,1.225,0.363,0.300,0.288,0.275,0.013,0.000,0.000,0.000,0.000,0.000,0.700,0.275,0.275,0.163,0.038,1.488,0.738,0.250,1.863,0.188,1.088,1.050,0.000,0.000,0.000,0.000,0.000,0.000,0.000,0.563,0.000,0.013,0.000,0.000,0.013,0.000,0.013,0.013,0.375,0.825,4.838,3.813,3.775,4.425,1.338,1.525
6203808917,Actual,DZ114328,08/08/2026,kWh,generation,0.000,0.000,0.000,0.000,0.000,0.000,0.000,0.000,0.000,0.013,0.000,0.000,0.000,0.000,0.000,0.000,0.013,0.000,0.000,0.000,0.000,0.013,0.063,0.238,2.563,1.700,4.025,2.763,0.938,1.888,1.763,0.213,0.000,0.000,0.013,0.000,0.000,0.000,0.000,0.013,0.000,0.000,0.000,0.000,0.000,0.000,0.000,0.000
6203808917,Actual,DZ114328,09/08/2026,kWh,consumption,1.850,1.838,1.813,1.488,0.313,0.300,0.300,0.338,0.300,0.663,0.988,1.000,0.975,0.975,0.988,0.738,2.050,1.950,1.050,0.925,0.888,0.850,6.363,1.650,1.125,0.763,0.050,0.175,0.600,1.125,0.225,0.425,0.000,0.000,0.000,0.013,0.000,0.013,0.000,0.013,0.000,0.013,5.188,5.413,2.100,2.825,1.325,1.313
6203808917,Actual,DZ114328,09/08/2026,kWh,generation,0.000,0.000,0.000,0.000,0.000,0.000,0.000,0.000,0.000,0.000,0.000,0.000,0.000,0.000,0.000,0.000,0.000,0.000,0.000,0.000,0.000,0.000,0.000,0.000,0.000,0.000,0.000,0.000,0.000,0.000,0.000,0.013,0.000,0.000,0.013,0.000,0.000,0.013,0.000,0.000,0.000,0.000,0.000,0.000,0.000,0.000,0.000,0.000
6203808917,Actual,DZ114328,10/08/2026,kWh,consumption,1.288,1.275,1.263,1.263,0.350,0.350,0.338,0.338,0.263,0.263,0.250,1.175,1.263,1.238,1.375,1.188,1.150,0.013,0.888,0.450,0.475,0.025,4.588,0.000,0.000,0.013,0.000,0.000,0.000,0.000,0.200,0.375,0.013,0.000,0.000,0.013,0.000,0.013,0.000,0.013,0.013,0.000,0.250,0.688,1.188,1.200,0.488,0.463
6203808917,Actual,DZ114328,10/08/2026,kWh,generation,0.000,0.000,0.000,0.000,0.000,0.000,0.000,0.000,0.000,0.000,0.000,0.000,0.000,0.000,0.000,0.000,0.000,0.000,0.000,0.000,0.013,0.000,0.013,0.000,0.438,0.250,0.313,0.775,1.788,1.550,0.913,0.013,0.438,0.513,0.013,0.000,0.000,0.000,0.000,0.013,0.000,0.000,0.000,0.000,0.000,0.000,0.000,0.000
6203808917,Actual,DZ114328,11/08/2026,kWh,consumption,0.500,0.238,0.238,0.238,0.238,0.225,0.238,0.238,0.225,0.225,0.013,0.000,0.000,1.163,1.175,1.050,1.063,0.125,0.038,0.013,0.013,0.025,1.875,0.500,0.013,0.013,0.000,0.000,0.000,0.038,0.000,0.563,0.000,0.013,0.000,0.000,0.013,0.000,0.013,0.000,0.013,0.013,1.113,2.625,0.413,0.363,1.075,0.888
6203808917,Actual,DZ114328,11/08/2026,kWh,generation,0.000,0.000,0.000,0.000,0.000,0.000,0.000,0.000,0.000,0.000,0.013,0.000,0.000,0.000,0.000,0.000,0.000,0.013,0.013,0.013,0.025,0.025,0.013,0.063,0.000,0.288,0.850,0.825,0.550,0.275,0.063,0.013,0.000,0.013,0.000,0.000,0.000,0.000,0.013,0.000,0.000,0.013,0.000,0.000,0.000,0.000,0.000,0.000
6203808917,Actual,DZ114328,12/08/2026,kWh,consumption,0.250,0.250,0.238,0.238,0.250,0.238,0.238,0.238,0.238,0.238,0.225,1.625,1.988,1.213,1.150,1.100,1.738,0.725,0.038,0.000,0.013,0.000,2.313,0.238,0.013,0.000,0.000,0.000,0.000,0.000,0.000,0.550,0.013,0.000,0.000,0.000,0.013,0.000,0.013,0.013,0.000,0.025,1.013,0.688,0.650,1.338,1.450,0.638
6203808917,Actual,DZ114328,12/08/2026,kWh,generation,0.000,0.000,0.000,0.000,0.000,0.000,0.000,0.000,0.000,0.000,0.000,0.000,0.000,0.000,0.000,0.000,0.000,0.000,0.000,0.000,0.013,0.000,0.000,0.288,0.750,4.588,3.250,1.775,3.125,3.500,2.500,0.075,0.163,0.063,0.000,0.000,0.000,0.000,0.000,0.013,0.000,0.013,0.000,0.000,0.000,0.000,0.000,0.000
6203808917,Actual,DZ114328,13/08/2026,kWh,consumption,0.475,0.263,0.263,0.275,0.250,0.238,0.238,0.438,0.975,0.950,0.800,1.175,1.188,1.175,1.163,1.038,1.175,0.425,1.000,0.038,0.075,0.013,3.125,0.650,0.025,0.000,0.013,0.000,0.113,0.000,0.000,0.588,0.025,0.000,0.013,0.000,0.013,0.000,0.013,0.000,0.000,0.025,0.450,0.250,0.263,1.138,1.063,1.238
6203808917,Actual,DZ114328,13/08/2026,kWh,generation,0.000,0.000,0.000,0.000,0.000,0.000,0.000,0.000,0.000,0.000,0.000,0.000,0.000,0.000,0.000,0.000,0.000,0.000,0.000,0.013,0.013,0.038,0.000,0.000,0.013,0.625,1.763,0.838,0.213,0.600,0.413,0.138,0.013,0.000,0.000,0.013,0.000,0.013,0.000,0.000,0.000,0.000,0.000,0.000,0.000,0.000,0.000,0.000
6203808917,Actual,DZ114328,14/08/2026,kWh,consumption,0.763,0.250,0.238,0.238,0.238,0.250,0.238,0.250,0.275,1.675,1.313,2.163,2.163,1.675,1.200,1.113,0.925,0.013,0.063,0.100,0.013,0.013,0.000,1.450,1.075,0.013,0.000,0.000,0.013,0.188,0.000,0.000,0.000,0.000,0.013,0.000,0.000,0.013,0.000,0.013,0.000,0.000,0.263,0.988,0.563,0.650,0.250,0.250
6203808917,Actual,DZ114328,14/08/2026,kWh,generation,0.000,0.000,0.000,0.000,0.000,0.000,0.000,0.000,0.000,0.000,0.000,0.000,0.000,0.000,0.000,0.000,0.000,0.013,0.000,0.000,0.013,0.400,1.650,0.450,0.038,0.813,1.263,2.100,0.975,0.288,1.138,0.400,0.263,0.175,0.025,0.013,0.000,0.000,0.000,0.000,0.000,0.000,0.000,0.000,0.000,0.000,0.000,0.000
6203808917,Actual,DZ114328,15/08/2026,kWh,consumption,0.250,0.238,0.250,0.250,0.238,0.250,0.238,0.238,0.238,0.238,0.238,0.238,0.238,0.013,0.650,0.013,0.713,0.013,0.100,0.000,0.013,0.013,4.900,1.013,0.038,0.025,0.013,0.000,0.000,0.000,0.000,0.325,0.000,0.000,0.000,0.013,0.000,0.000,0.013,0.000,0.000,0.013,1.213,1.225,1.238,1.225,1.213,1.213
6203808917,Actual,DZ114328,15/08/2026,kWh,generation,0.000,0.000,0.000,0.000,0.000,0.000,0.000,0.000,0.000,0.000,0.000,0.000,0.000,0.000,0.000,0.013,0.000,0.000,0.000,0.000,0.013,0.000,0.000,0.013,0.138,0.188,0.788,2.938,3.375,3.250,3.088,2.038,0.800,0.200,0.000,0.013,0.000,0.000,0.000,0.000,0.000,0.000,0.000,0.000,0.000,0.000,0.000,0.000
6203808917,Actual,DZ114328,16/08/2026,kWh,consumption,1.313,1.213,1.200,1.188,0.250,0.263,0.238,0.263,0.238,0.250,0.250,0.250,0.238,1.125,1.825,1.675,1.875,1.713,1.375,0.038,0.775,0.038,3.838,0.038,0.000,0.000,0.000,0.000,0.000,0.000,0.175,0.163,0.000,0.000,0.000,0.000,0.000,0.013,0.000,0.013,0.000,0.025,1.725,1.675,1.688,1.563,1.325,2.175
6203808917,Actual,DZ114328,16/08/2026,kWh,generation,0.000,0.000,0.000,0.000,0.000,0.000,0.000,0.000,0.000,0.000,0.000,0.000,0.000,0.000,0.000,0.000,0.000,0.000,0.000,0.000,0.000,0.013,0.013,0.213,0.988,3.413,4.325,4.163,3.888,3.500,2.738,2.075,1.763,0.913,0.063,0.000,0.000,0.013,0.000,0.000,0.013,0.000,0.000,0.000,0.000,0.000,0.000,0.000
6203808917,Actual,DZ114328,17/08/2026,kWh,consumption,1.188,1.200,1.213,1.263,0.963,0.913,0.250,0.238,0.238,0.238,0.225,1.500,1.688,1.263,1.150,1.025,0.850,0.013,0.000,0.000,0.013,0.013,4.163,0.025,0.013,0.000,0.000,0.000,0.000,0.000,0.050,0.275,0.000,0.000,0.000,0.013,0.000,0.000,0.013,0.013,0.013,0.013,0.625,1.125,1.438,0.563,0.300,0.300
6203808917,Actual,DZ114328,17/08/2026,kWh,generation,0.000,0.000,0.000,0.000,0.000,0.000,0.000,0.000,0.000,0.000,0.000,0.000,0.000,0.000,0.000,0.000,0.000,0.013,0.000,0.000,0.013,0.013,0.000,0.013,0.025,3.500,4.438,4.238,3.913,3.625,3.113,2.013,1.838,1.063,0.088,0.000,0.000,0.000,0.013,0.000,0.000,0.000,0.000,0.000,0.000,0.000,0.000,0.000
6203808917,Actual,DZ114328,18/08/2026,kWh,consumption,0.263,0.250,0.263,0.250,0.250,0.238,0.238,0.250,0.250,0.250,0.238,1.900,0.063,0.013,1.475,1.900,1.763,0.038,0.025,2.263,0.513,0.025,0.000,0.013,0.000,0.000,0.000,0.000,0.188,0.000,0.000,0.000,0.000,0.000,0.000,0.000,0.013,0.000,0.000,0.000,0.013,0.013,0.588,0.250,0.250,0.250,0.250,0.238
6203808917,Actual,DZ114328,18/08/2026,kWh,generation,0.000,0.000,0.000,0.000,0.000,0.000,0.000,0.000,0.000,0.000,0.000,0.000,0.000,0.013,0.000,0.000,0.000,0.013,0.025,0.000,0.125,0.013,0.250,1.788,4.188,3.088,3.763,4.238,2.875,3.550,0.875,0.800,0.463,0.013,0.000,0.013,0.000,0.000,0.000,0.000,0.000,0.000,0.000,0.000,0.000,0.000,0.000,0.000
6203808917,Actual,DZ114328,19/08/2026,kWh,consumption,0.250,0.875,0.538,0.250,0.238,0.238,0.250,0.263,0.238,0.250,0.250,0.025,1.425,0.050,1.188,1.225,1.775,0.625,0.100,0.025,0.025,0.000,2.538,0.938,0.050,0.188,0.013,0.013,0.013,0.000,0.000,0.513,0.000,0.000,0.013,0.000,0.013,0.013,0.000,0.000,0.013,0.013,0.325,0.650,0.263,1.163,0.613,0.263
6203808917,Actual,DZ114328,19/08/2026,kWh,generation,0.000,0.000,0.000,0.000,0.000,0.000,0.000,0.000,0.000,0.000,0.000,0.000,0.000,0.013,0.000,0.000,0.000,0.000,0.000,0.013,0.025,0.000,0.000,0.000,0.013,0.638,0.050,0.725,0.825,1.325,2.013,0.950,0.475,0.013,0.013,0.000,0.000,0.000,0.000,0.013,0.000,0.000,0.000,0.000,0.000,0.000,0.000,0.000
6203808917,Actual,DZ114328,20/08/2026,kWh,consumption,0.263,0.275,0.263,0.250,0.263,0.313,0.288,0.275,0.263,0.263,0.250,0.025,1.638,1.638,1.163,1.150,1.438,0.363,0.038,0.013,0.025,0.025,0.000,0.000,0.000,1.238,1.250,0.950,0.000,0.000,0.000,0.000,0.000,0.000,0.000,0.000,0.013,0.000,0.000,0.013,0.000,0.000,0.275,0.275,0.263,0.938,1.100,0.275
6203808917,Actual,DZ114328,20/08/2026,kWh,generation,0.000,0.000,0.000,0.000,0.000,0.000,0.000,0.000,0.000,0.000,0.000,0.000,0.000,0.000,0.000,0.000,0.000,0.013,0.013,0.013,0.013,0.025,1.425,3.213,3.838,0.525,0.000,0.050,3.763,0.775,0.463,0.675,0.288,0.288,0.188,0.000,0.000,0.000,0.000,0.000,0.013,0.000,0.000,0.000,0.000,0.000,0.000,0.000
6203808917,Actual,DZ114328,21/08/2026,kWh,consumption,0.263,0.275,0.263,0.263,0.238,0.263,0.263,0.263,0.250,0.000,0.550,0.050,1.313,1.188,1.150,1.013,0.488,0.013,0.025,0.013,0.000,0.013,2.750,0.175,0.675,0.013,0.000,0.000,0.013,0.000,0.188,0.600,0.013,0.000,0.000,0.000,0.013,0.013,0.013,0.000,0.000,0.113,0.325,0.263,0.250,0.513,0.263,0.950
6203808917,Actual,DZ114328,21/08/2026,kWh,generation,0.000,0.000,0.000,0.000,0.000,0.000,0.000,0.000,0.000,0.000,0.000,0.000,0.000,0.000,0.000,0.000,0.000,0.013,0.050,0.275,1.413,0.413,0.013,0.025,0.013,1.488,1.250,0.913,1.150,1.600,2.163,0.775,0.013,0.000,0.000,0.013,0.000,0.013,0.000,0.000,0.013,0.000,0.000,0.000,0.000,0.000,0.000,0.000
6203808917,Actual,DZ114328,22/08/2026,kWh,consumption,1.550,0.288,0.250,1.600,1.913,1.788,1.775,2.263,2.725,6.463,6.738,5.988,2.388,0.788,0.325,0.075,0.738,0.513,0.788,0.050,0.188,0.425,0.113,0.025,0.550,0.213,0.000,0.000,0.000,0.000,0.000,0.013,0.000,0.000,0.013,0.000,0.000,0.013,0.013,0.000,0.013,0.013,1.400,1.425,1.238,1.375,1.313,1.200
6203808917,Actual,DZ114328,22/08/2026,kWh,generation,0.000,0.000,0.000,0.000,0.000,0.000,0.000,0.000,0.000,0.000,0.000,0.000,0.000,0.000,0.000,0.000,0.000,0.000,0.000,0.050,0.088,0.025,0.063,0.413,0.050,0.013,0.650,0.863,1.563,1.338,3.050,0.525,0.338,0.013,0.000,0.000,0.000,0.000,0.025,0.000,0.000,0.013,0.000,0.000,0.000,0.000,0.000,0.000
6203808917,Actual,DZ114328,23/08/2026,kWh,consumption,1.213,1.313,1.200,1.200,0.250,0.250,0.238,0.325,0.250,0.238,0.250,0.013,0.000,0.000,0.000,0.038,0.025,0.475,0.100,0.025,0.025,0.013,0.013,0.000,0.000,0.013,0.000,0.000,0.000,0.000,0.000,0.000,0.000,0.000,0.000,0.013,0.000,0.000,0.013,0.038,0.025,0.363,2.850,2.063,1.500,1.613,1.300,1.300
6203808917,Actual,DZ114328,23/08/2026,kWh,generation,0.000,0.000,0.000,0.000,0.000,0.000,0.000,0.000,0.000,0.000,0.000,0.000,0.000,0.000,0.000,0.000,0.013,0.000,0.025,0.025,0.013,0.013,1.263,3.125,1.938,1.200,3.163,2.800,3.250,2.575,0.800,1.288,1.050,1.175,0.113,0.013,0.000,0.000,0.000,0.013,0.013,0.000,0.000,0.000,0.000,0.000,0.000,0.000
