200,6203808917,B1E1,B1,B1,,DZ114328,KWH,30,
300,20240823,0.0000,0.0000,0.0000,0.0000,0.0000,0.0000,0.0000,0.0000,0.0000,0.0000,0.0000,0.0000,0.0000,0.0000,0.0000,0.0000,0.0000,0.0250,0.2625,0.0500,0.2000,1.1000,0.8500,0.6875,0.6375,0.8375,0.9625,0.6750,0.6625,0.3250,0.2000,0.0875,0.0000,0.0000,0.0000,0.0000,0.0000,0.0000,0.0000,0.0000,0.0000,0.0000,0.0000,0.0000,0.0000,0.0000,0.0000,0.0000,A,,,20240824014455,
300,20240824,0.0000,0.0000,0.0000,0.0000,0.0000,0.0000,0.0000,0.0000,0.0000,0.0000,0.0000,0.0000,0.0000,0.0000,0.0000,0.0000,0.0000,0.0000,0.0000,0.0000,0.0000,0.0000,0.0000,0.0000,0.0000,0.0000,0.2250,0.3750,1.1375,0.8625,0.6375,0.4375,0.1875,0.0375,0.0000,0.0000,0.0000,0.0000,0.0000,0.0000,0.0000,0.0000,0.0000,0.0000,0.0000,0.0000,0.0000,0.0000,A,,,20240825011118,
300,20240825,0.0000,0.0000,0.0000,0.0000,0.0000,0.0000,0.0000,0.0000,0.0000,0.0000,0.0000,0.0000,0.0000,0.0000,0.0000,0.0000,0.0000,0.0000,0.0000,0.0000,0.0000,0.0000,0.0000,0.0000,0.0000,0.0000,0.1500,0.6250,1.0375,0.8000,0.0250,0.0000,0.0125,0.0000,0.0000,0.0000,0.0000,0.0000,0.0000,0.0000,0.0000,0.0000,0.0000,0.0000,0.0000,0.0000,0.0000,0.0000,A,,,20240826014747,
300,20240826,0.0000,0.0000,0.0000,0.0000,0.0000,0.0000,0.0000,0.0000,0.0000,0.0000,0.0000,0.0000,0.0000,0.0000,0.0000,0.0000,0.0000,0.1375,0.2750,0.3250,0.7125,0.2375,0.0750,0.6750,0.8250,0.2750,0.9875,0.7750,1.0125,0.5375,0.0125,0.0000,0.0000,0.0000,0.0000,0.0000,0.0000,0.0000,0.0000,0.0000,0.0000,0.0000,0.0000,0.0000,0.0000,0.0000,0.0000,0.0000,A,,,20240827014605,
300,20240827,0.0000,0.0000,0.0000,0.0000,0.0000,0.0000,0.0000,0.0000,0.0000,0.0000,0.0000,0.0000,0.0000,0.0000,0.0000,0.0000,0.0000,0.0000,0.0000,0.0000,0.0000,0.0375,0.0125,0.1250,1.0000,0.6000,0.2250,0.1125,0.2750,0.2875,0.5250,0.1500,0.0125,0.0000,0.0000,0.0000,0.0000,0.0000,0.0000,0.0000,0.0000,0.0000,0.0000,0.0000,0.0000,0.0000,0.0000,0.0000,A,,,20240828022129,
300,20240828,0.0000,0.0000,0.0000,0.0000,0.0000,0.0000,0.0000,0.0000,0.0000,0.0000,0.0000,0.0000,0.0000,0.0000,0.0000,0.0000,0.0000,0.5125,0.4750,1.0250,1.2250,1.3625,1.4875,1.4625,1.5250,1.2250,1.3875,1.3500,1.0625,0.7625,0.4375,0.2875,0.1000,0.1250,0.0250,0.0000,0.0000,0.0000,0.0000,0.0000,0.0000,0.0000,0.0000,0.0000,0.0000,0.0000,0.0000,0.0000,A,,,20240829014715,
300,20240829,0.0000,0.0000,0.0000,0.0000,0.0000,0.0000,0.0000,0.0000,0.0000,0.0000,0.0000,0.0000,0.0000,0.0000,0.0000,0.0000,0.0000,0.2125,0.2125,0.3625,0.2125,0.5125,0.0000,0.0125,0.2250,0.0250,0.0625,0.4250,0.1875,0.2750,0.7625,0.5375,0.1250,0.0000,0.0000,0.0000,0.0000,0.0000,0.0000,0.0000,0.0000,0.0000,0.0000,0.0000,0.0000,0.0000,0.0000,0.0000,A,,,20240830014536,
300,20240830,0.0000,0.0000,0.0000,0.0000,0.0000,0.0000,0.0000,0.0000,0.0000,0.0000,0.0000,0.0000,0.0000,0.0000,0.0000,0.0000,0.0000,0.6625,0.8875,0.9500,1.1625,1.2000,1.3875,1.5875,1.2625,1.5625,1.4875,1.1625,0.6875,0.1875,0.3000,0.3500,0.0125,0.0000,0.0000,0.0000,0.0000,0.0000,0.0000,0.0000,0.0000,0.0000,0.0000,0.0000,0.0000,0.0000,0.0000,0.0000,A,,,20240831011902,
300,20240831,0.0000,0.0000,0.0000,0.0000,0.0000,0.0000,0.0000,0.0000,0.0000,0.0000,0.0000,0.0000,0.0000,0.0000,0.0000,0.0000,0.0000,0.0000,0.0000,0.0000,0.0000,0.0000,0.0000,0.1625,0.2375,0.0000,0.3500,0.4625,1.1375,0.8000,0.5875,0.6000,0.3375,0.0875,0.0000,0.0000,0.0000,0.0000,0.0000,0.0000,0.0000,0.0000,0.0000,0.0000,0.0000,0.0000,0.0000,0.0000,A,,,20240901013746,
300,20240901,0.0000,0.0000,0.0000,0.0000,0.0000,0.0000,0.0000,0.0000,0.0000,0.0000,0.0000,0.0000,0.0000,0.0000,0.0000,0.0875,0.0000,0.0000,0.0250,0.2000,0.2625,0.4250,0.5500,0.5875,0.6375,0.4625,1.2875,1.3250,1.2000,1.0000,0.7250,0.4000,0.2625,0.0000,0.0000,0.0000,0.0000,0.0000,0.0000,0.0000,0.0000,0.0000,0.0000,0.0000,0.0000,0.0000,0.0000,0.0000,A,,,20240902020353,
300,20240902,0.0000,0.0000,0.0000,0.0000,0.0000,0.0000,0.0000,0.0000,0.0000,0.0000,0.0000,0.0000,0.0000,0.0000,0.0000,0.0000,0.0000,0.0000,0.0000,0.0000,0.0000,0.0750,0.2750,0.1000,0.0750,0.0250,0.3000,0.9125,0.6125,0.8250,0.4750,0.4375,0.1500,0.0000,0.0000,0.0000,0.0000,0.0000,0.0000,0.0000,0.0000,0.0000,0.0000,0.0000,0.0000,0.0000,0.0000,0.0000,A,,,20240903005833,
300,20240903,0.0000,0.0000,0.0000,0.0000,0.0000,0.0000,0.0000,0.0000,0.0000,0.0000,0.0000,0.0000,0.0000,0.0000,0.0000,0.0000,0.0000,0.0000,0.0000,0.0000,0.0000,0.0125,0.0625,0.3000,0.0125,0.0000,0.0250,1.0125,0.9875,0.7500,0.8000,0.4500,0.2375,0.0250,0.0000,0.0000,0.0000,0.0000,0.0000,0.0000,0.0000,0.0000,0.0000,0.0000,0.0000,0.0000,0.0000,0.0000,A,,,20240904014634,
300,20240904,0.0000,0.0000,0.0000,0.0000,0.0000,0.0000,0.0000,0.0000,0.0000,0.0000,0.0000,0.0000,0.0000,0.0000,0.0000,0.0000,0.0000,0.0000,0.0000,0.0000,0.0000,0.0000,0.0000,0.1750,0.1625,0.2500,0.1250,0.2250,0.0000,0.0000,0.0000,0.0000,0.0000,0.0000,0.0000,0.0000,0.0000,0.0000,0.0000,0.0000,0.0000,0.0000,0.0000,0.0000,0.0000,0.0000,0.0000,0.0000,A,,,20240905013429,
300,20240905,0.0000,0.0000,0.0000,0.0000,0.0000,0.0000,0.0000,0.0000,0.0000,0.0000,0.0000,0.0000,0.0000,0.0000,0.0000,0.0000,0.0000,0.0625,0.2375,0.7875,0.0500,0.0750,0.0375,0.0125,0.0000,0.0000,0.0000,0.0000,0.0000,0.0000,0.0000,0.0000,0.0000,0.0000,0.0000,0.0000,0.0000,0.0000,0.0000,0.0000,0.0000,0.0000,0.0000,0.0000,0.0000,0.0000,0.0000,0.0000,V,,,20240906015453,
400,1,36,A,,
400,37,37,A,89,
400,38,48,A,,
300,20240906,0.0000,0.0000,0.0000,0.0000,0.0000,0.0000,0.0000,0.0000,0.0000,0.0000,0.0000,0.0000,0.0000,0.0000,0.0000,0.0000,0.0000,0.0125,0.2250,0.9750,0.5125,0.2125,0.2750,0.2000,0.2250,0.1875,0.0250,0.0125,0.0000,0.0000,0.0000,0.0000,0.0000,0.0000,0.0000,0.0000,0.0000,0.0000,0.0000,0.0000,0.0000,0.0000,0.0000,0.0000,0.0000,0.0000,0.0000,0.0000,A,,,20240907015200,
300,20240907,0.0000,0.0000,0.0000,0.0000,0.0000,0.0000,0.0000,0.0000,0.0000,0.0000,0.0000,0.0000,0.0000,0.0000,0.0000,0.0000,0.0000,0.0000,0.1125,0.3375,0.5250,0.6000,1.6375,1.4500,0.8000,1.1750,1.4875,0.9875,0.1875,0.5625,0.3500,0.5875,0.1375,0.0250,0.0000,0.0000,0.0000,0.0000,0.0000,0.0000,0.0000,0.0000,0.0000,0.0000,0.0000,0.0000,0.0000,0.0000,A,,,20240908015230,
300,20240908,0.0000,0.0000,0.0000,0.0000,0.0000,0.0000,0.0000,0.0000,0.0000,0.0000,0.0000,0.0000,0.0000,0.0000,0.0000,0.0000,0.0000,0.0000,0.0000,0.0000,0.0250,0.2000,0.6750,0.3000,0.2875,0.0000,0.5375,0.5750,0.1750,0.4500,0.0875,0.0000,0.0000,0.0000,0.0000,0.0000,0.0000,0.0000,0.0000,0.0000,0.0000,0.0000,0.0000,0.0000,0.0000,0.0000,0.0000,0.0000,A,,,20240909023249,
300,20240909,0.0000,0.0000,0.0000,0.0000,0.0000,0.0000,0.0000,0.0000,0.0000,0.0000,0.0000,0.0000,0.0000,0.0000,0.0000,0.1500,0.3000,0.6000,0.0625,0.0250,0.8500,1.5625,0.8000,0.6875,0.9625,1.1625,0.7875,0.8375,0.5125,0.4375,0.0750,0.2000,0.2375,0.1125,0.0000,0.0000,0.0000,0.0000,0.0000,0.0000,0.0000,0.0000,0.0000,0.0000,0.0000,0.0000,0.0000,0.0000,A,,,20240910015255,
300,20240910,0.0000,0.0000,0.0000,0.0000,0.0000,0.0000,0.0000,0.0000,0.0000,0.0000,0.0000,0.0000,0.0000,0.0000,0.0000,0.0000,0.0000,0.0125,0.0125,0.0375,0.1500,0.4750,0.5500,0.6375,0.5625,1.2125,1.4125,1.0250,1.1750,0.9875,0.6625,0.4000,0.1875,0.0250,0.0000,0.0000,0.0000,0.0000,0.0000,0.0000,0.0000,0.0000,0.0000,0.0000,0.0000,0.0000,0.0000,0.0000,A,,,20240911015039,
300,20240911,0.0000,0.0000,0.0000,0.0000,0.0000,0.0000,0.0000,0.0000,0.0000,0.0000,0.0000,0.0000,0.0000,0.0000,0.0000,0.0000,0.0000,0.0000,0.0000,0.0000,0.0000,0.0000,0.0000,0.1375,0.2375,0.3875,0.2500,0.0875,0.0250,0.0000,0.1250,0.0000,0.0125,0.0000,0.0000,0.0000,0.0000,0.0000,0.0000,0.0000,0.0000,0.0000,0.0000,0.0000,0.0000,0.0000,0.0000,0.0000,A,,,20240912023243,
300,20240912,0.0000,0.0000,0.0000,0.0000,0.0000,0.0000,0.0000,0.0000,0.0000,0.0000,0.0000,0.0000,0.0000,0.0000,0.0000,0.0000,0.0000,0.1875,0.6750,0.4250,1.3000,1.3000,1.0375,1.0875,1.4125,1.6625,1.3500,1.2625,1.1000,0.2750,0.0375,0.0000,0.0000,0.0000,0.0000,0.0000,0.0000,0.0000,0.0000,0.0000,0.0000,0.0000,0.0000,0.0000,0.0000,0.0000,0.0000,0.0000,A,,,20240913022421,
300,20240913,0.0000,0.0000,0.0000,0.0000,0.0000,0.0000,0.0000,0.0000,0.0000,0.0000,0.0000,0.0000,0.0000,0.0000,0.0000,0.0000,0.0000,0.3000,0.6500,0.8500,0.3750,0.1750,0.5750,0.7375,1.1875,1.0625,0.9500,0.6750,0.7625,1.0375,0.7125,0.4000,0.2500,0.0500,0.0000,0.0000,0.0000,0.0000,0.0000,0.0000,0.0000,0.0000,0.0000,0.0000,0.0000,0.0000,0.0000,0.0000,A,,,20240914015637,
300,20240914,0.0000,0.0000,0.0000,0.0000,0.0000,0.0000,0.0000,0.0000,0.0000,0.0000,0.0000,0.0000,0.0000,0.0000,0.0000,0.0000,0.0000,0.0000,0.0000,0.0000,0.0000,0.0000,0.0000,0.0625,0.0000,0.4875,0.9750,0.1125,0.7500,0.5500,0.4500,0.0000,0.2375,0.0375,0.0000,0.0000,0.0000,0.0000,0.0000,0.0000,0.0000,0.0000,0.0000,0.0000,0.0000,0.0000,0.0000,0.0000,A,,,20240915013451,
300,20240915,0.0000,0.0000,0.0000,0.0000,0.0000,0.0000,0.0000,0.0000,0.0000,0.0000,0.0000,0.0000,0.0000,0.0000,0.0000,0.0000,0.0000,0.0000,0.0000,0.0000,0.0000,0.0125,0.0000,0.0625,0.3750,0.5750,1.1875,0.5500,0.4750,1.0875,0.7125,0.0375,0.0875,0.1250,0.0000,0.0000,0.0000,0.0000,0.0000,0.0000,0.0000,0.0000,0.0000,0.0000,0.0000,0.0000,0.0000,0.0000,A,,,20240916015728,
300,20240916,0.0000,0.0000,0.0000,0.0000,0.0000,0.0000,0.0000,0.0000,0.0000,0.0000,0.0000,0.0000,0.0000,0.0000,0.0000,0.0000,0.0375,0.0500,0.2000,0.4625,0.7375,1.0500,0.6250,0.7875,0.9750,0.5375,0.3625,0.6000,0.5375,0.2000,0.4625,0.4750,0.0250,0.1250,0.0000,0.0000,0.0000,0.0000,0.0000,0.0000,0.0000,0.0000,0.0000,0.0000,0.0000,0.0000,0.0000,0.0000,A,,,20240917012629,
300,20240917,0.0000,0.0000,0.0000,0.0000,0.0000,0.0000,0.0000,0.0000,0.0000,0.0000,0.0000,0.0000,0.0000,0.0000,0.0000,0.0000,0.0000,0.0375,0.3750,0.0875,0.7625,1.6625,1.7750,1.7500,1.4625,1.9000,1.7000,1.2125,0.6000,1.2625,0.9750,0.8750,0.5375,0.1750,0.0000,0.0000,0.0000,0.0000,0.0000,0.0000,0.0000,0.0000,0.0000,0.0000,0.0000,0.0000,0.0000,0.0000,A,,,20240918013816,
300,20240918,0.0000,0.0000,0.0000,0.0000,0.0000,0.0000,0.0000,0.0000,0.0000,0.0000,0.0000,0.0000,0.0000,0.0000,0.0000,0.0000,0.0000,0.2250,1.2500,1.5000,1.6750,1.8125,1.9000,1.9500,1.9375,1.8875,1.8500,1.7500,1.5875,1.3625,1.1250,0.8625,0.5500,0.2250,0.0625,0.0000,0.0000,0.0000,0.0000,0.0000,0.0000,0.0000,0.0000,0.0000,0.0000,0.0000,0.0000,0.0000,A,,,20240919013554,
300,20240919,0.0000,0.0000,0.0000,0.0000,0.0000,0.0000,0.0000,0.0000,0.0000,0.0000,0.0000,0.0000,0.0000,0.0000,0.0000,0.0000,0.0000,0.0000,0.0500,0.0125,0.0125,0.4250,0.4375,0.5125,0.1375,0.2500,0.5375,0.1250,0.3750,0.0875,0.0125,0.0125,0.0000,0.0000,0.0000,0.0000,0.0000,0.0000,0.0000,0.0000,0.0000,0.0000,0.0000,0.0000,0.0000,0.0000,0.0000,0.0000,A,,,20240920015330,
300,20240920,0.0000,0.0000,0.0000,0.0000,0.0000,0.0000,0.0000,0.0000,0.0000,0.0000,0.0000,0.0000,0.0000,0.0000,0.0000,0.0000,0.0000,0.0000,0.3250,0.0375,0.0250,0.0375,0.2250,0.7750,0.8125,1.2875,0.7875,0.8750,0.6250,0.0000,0.0000,0.0000,0.0000,0.0000,0.0250,0.0000,0.0000,0.0000,0.0000,0.0000,0.0000,0.0000,0.0000,0.0000,0.0000,0.0000,0.0000,0.0000,A,,,20240921011231,
300,20240921,0.0000,0.0000,0.0000,0.0000,0.0000,0.0000,0.0000,0.0000,0.0000,0.0000,0.0000,0.0000,0.0000,0.0000,0.0000,0.0000,0.0000,0.0000,0.0000,0.0000,0.2625,0.0000,1.0125,1.1250,1.4625,1.0125,0.8750,0.8750,0.6750,0.0250,0.3625,0.2500,0.0625,0.0375,0.0000,0.0000,0.0000,0.0000,0.0000,0.0000,0.0000,0.0000,0.0000,0.0000,0.0000,0.0000,0.0000,0.0000,A,,,20240922014341,
300,20240922,0.0000,0.0000,0.0000,0.0000,0.0000,0.0000,0.0000,0.0000,0.0000,0.0000,0.0000,0.0000,0.0000,0.0000,0.0250,0.0000,0.0000,0.1000,0.2750,0.3250,0.3875,1.4750,1.5625,1.5750,1.1250,1.6750,1.4250,1.2375,0.8750,1.2125,0.8250,0.5000,0.1250,0.1500,0.0000,0.0000,0.0000,0.0000,0.0000,0.0000,0.0000,0.0000,0.0000,0.0000,0.0000,0.0000,0.0000,0.0000,V,,,20240923013637,
400,1,45,A,,
400,46,46,A,89,
400,47,48,A,,
300,20240923,0.0000,0.0000,0.0000,0.0000,0.0000,0.0000,0.0000,0.0000,0.0000,0.0000,0.0000,0.0000,0.0000,0.0000,0.0000,0.0000,0.0000,0.6375,0.3500,1.0125,0.6500,0.5000,0.4125,0.3250,0.2875,0.2000,0.3250,0.0875,0.3375,0.3000,0.2750,0.1500,0.0375,0.0000,0.0000,0.0000,0.0000,0.0000,0.0000,0.0000,0.0000,0.0000,0.0000,0.0000,0.0000,0.0000,0.0000,0.0000,A,,,20240924011123,
300,20240924,0.0000,0.0000,0.0000,0.0000,0.0000,0.0000,0.0000,0.0000,0.0000,0.0000,0.0000,0.0000,0.0000,0.0000,0.0000,0.0000,0.0000,0.0000,0.0000,0.0000,0.0875,0.0375,0.9500,1.4750,1.8750,1.1000,1.6625,1.3625,0.8625,0.1625,0.4625,0.2750,0.1125,0.0625,0.0000,0.0000,0.0000,0.0000,0.0000,0.0000,0.0000,0.0000,0.0000,0.0000,0.0000,0.0000,0.0000,0.0000,A,,,20240925014500,
300,20240925,0.0000,0.0000,0.0000,0.0000,0.0000,0.0000,0.0000,0.0000,0.0000,0.0000,0.0000,0.0000,0.0000,0.0000,0.0000,0.0000,0.0000,0.0000,0.0000,0.1875,0.2250,0.0000,0.0000,0.0625,0.2000,0.0750,0.0000,0.0000,0.0000,0.0000,0.0000,0.0000,0.0000,0.0000,0.0000,0.0000,0.0000,0.0000,0.0000,0.0000,0.0000,0.0000,0.0000,0.0000,0.0000,0.0000,0.0000,0.0000,A,,,20240926020608,
300,20240926,0.0000,0.0000,0.0000,0.0000,0.0000,0.0000,0.0000,0.0000,0.0000,0.0000,0.0000,0.0000,0.0000,0.0000,0.0000,0.0000,0.0000,0.0000,0.0875,0.5000,0.7875,0.7625,1.1500,1.8625,1.2750,1.0375,0.5250,0.4750,0.6500,0.5375,0.3375,0.4000,0.2250,0.1750,0.0000,0.0000,0.0000,0.0000,0.0000,0.0000,0.0000,0.0000,0.0000,0.0000,0.0000,0.0000,0.0000,0.0000,A,,,20240927012849,
300,20240927,0.0000,0.0000,0.0000,0.0000,0.0000,0.0000,0.0000,0.0000,0.0000,0.0000,0.0000,0.0000,0.0000,0.0000,0.0000,0.0000,0.0000,1.0625,1.3000,1.4625,1.5500,0.0000,0.6125,2.0625,2.0875,2.0375,2.0250,1.9125,1.7500,1.5500,1.2875,1.0125,0.7625,0.4250,0.1125,0.0000,0.0000,0.0000,0.0000,0.0000,0.0000,0.0000,0.0000,0.0000,0.0000,0.0000,0.0000,0.0000,V,,,20240928020341,
400,1,21,A,,
400,22,22,A,79,
400,23,48,A,,
300,20240928,0.0000,0.0000,0.0000,0.0000,0.0000,0.0000,0.0000,0.0000,0.0000,0.0000,0.0000,0.0000,0.0000,0.0125,0.1750,0.6250,0.0000,0.1375,0.4125,0.6500,0.8500,0.9750,1.0625,1.1000,1.1250,1.1250,2.0625,1.9375,1.7625,1.4500,1.0000,0.5500,0.2125,0.2375,0.0750,0.0000,0.0000,0.0000,0.0000,0.0000,0.0000,0.0000,0.0000,0.0000,0.0000,0.0000,0.0000,0.0000,A,,,20240929014403,
300,20240929,0.0000,0.0000,0.0000,0.0000,0.0000,0.0000,0.0000,0.0000,0.0000,0.0000,0.0000,0.0000,0.0000,0.0000,0.0000,0.0000,0.0000,0.0000,0.0000,0.0000,0.0000,0.0000,0.0000,0.0000,0.0000,0.0000,0.0000,0.0000,0.0000,0.0125,0.0375,0.0750,0.0000,0.0000,0.0000,0.0000,0.0000,0.0000,0.0000,0.0000,0.0000,0.0000,0.0000,0.0000,0.0000,0.0000,0.0000,0.0000,A,,,20240930020558,
300,20240930,0.0000,0.0000,0.0000,0.0000,0.0000,0.0000,0.0000,0.0000,0.0000,0.0000,0.0000,0.0000,0.0000,0.0000,0.0000,0.0000,0.0000,1.2250,1.1750,0.8375,0.9500,0.8375,1.0375,1.4875,1.3375,1.4625,0.9000,1.0125,1.4750,0.9375,0.8125,0.4000,0.6125,0.0750,0.0000,0.0000,0.0000,0.0000,0.0000,0.0000,0.0000,0.0000,0.0000,0.0000,0.0000,0.0000,0.0000,0.0000,A,,,20241001023803,
300,20241001,0.0000,0.0000,0.0000,0.0000,0.0000,0.0000,0.0000,0.0000,0.0000,0.0000,0.0000,0.0000,0.0000,0.0000,0.0000,0.0000,0.0000,0.5750,1.1625,0.5375,0.3750,1.2875,1.8500,0.5375,1.2375,1.1250,1.2375,0.6500,1.1125,0.9875,1.3250,0.7250,0.6500,0.2250,0.0000,0.0000,0.0000,0.0000,0.0000,0.0000,0.0000,0.0000,0.0000,0.0000,0.0000,0.0000,0.0000,0.0000,A,,,20241002010758,
300,20241002,0.0000,0.0000,0.0000,0.0000,0.0000,0.0000,0.0000,0.0000,0.0000,0.0000,0.0000,0.0000,0.0000,0.0000,0.0000,0.0000,0.0000,0.0125,0.0000,0.0000,0.0000,0.0000,0.0000,0.0000,0.0000,0.0000,0.0000,0.0000,0.0000,0.0000,0.0000,0.0000,0.0000,0.0000,0.0000,0.0000,0.0000,0.0000,0.0000,0.0000,0.0000,0.0000,0.0000,0.0000,0.0000,0.0000,0.0000,0.0000,A,,,20241003014018,
300,20241003,0.0000,0.0000,0.0000,0.0000,0.0000,0.0000,0.0000,0.0000,0.0000,0.0000,0.0000,0.0000,0.0000,0.0000,0.0000,0.0000,0.0000,0.1375,0.3750,0.3250,0.6125,0.8625,1.1750,1.9500,1.9375,1.3750,1.6875,1.7875,1.4750,1.4125,1.2125,0.8625,0.6000,0.4125,0.0500,0.0000,0.0000,0.0000,0.0000,0.0000,0.0000,0.0000,0.0000,0.0000,0.0000,0.0000,0.0000,0.0000,A,,,20241004014238,
300,20241004,0.0000,0.0000,0.0000,0.0000,0.0000,0.0000,0.0000,0.0000,0.0000,0.0000,0.0000,0.0000,0.0000,0.0000,0.0000,0.0000,0.0000,1.1000,1.3500,1.4250,1.5500,1.7625,1.2250,1.4000,1.5000,1.3750,1.3625,0.8875,0.3250,0.4875,0.7125,0.1625,0.2000,0.2500,0.0125,0.0000,0.0000,0.0000,0.0000,0.0000,0.0000,0.0000,0.0000,0.0000,0.0000,0.0000,0.0000,0.0000,A,,,20241005015934,
300,20241005,0.0000,0.0000,0.0000,0.0000,0.0000,0.0000,0.0000,0.0000,0.0000,0.0000,0.0000,0.0000,0.0000,0.0125,0.2125,0.5500,0.1625,0.1250,0.0500,0.4250,0.5500,0.3250,0.2000,0.0750,0.4750,0.2500,0.0250,0.0000,0.0000,0.0000,0.0000,0.0000,0.0000,0.0000,0.0000,0.0000,0.0000,0.0000,0.0000,0.0000,0.0000,0.0000,0.0000,0.0000,0.0000,0.0000,0.0000,0.0000,A,,,20241006014633,
300,20241006,0.0000,0.0000,0.0000,0.0000,0.0000,0.0000,0.0000,0.0000,0.0000,0.0000,0.0000,0.0000,0.0000,0.0000,0.0000,0.0000,0.0500,0.0000,0.0000,0.0625,0.3250,0.2125,0.3375,0.1375,1.0875,1.7125,1.9375,1.5875,1.3750,1.3625,0.8000,0.4125,0.0125,0.0250,0.0000,0.0000,0.0000,0.0000,0.0000,0.0000,0.0000,0.0000,0.0000,0.0000,0.0000,0.0000,0.0000,0.0000,A,,,20241007013256,
300,20241007,0.0000,0.0000,0.0000,0.0000,0.0000,0.0000,0.0000,0.0000,0.0000,0.0000,0.0000,0.0000,0.0000,0.0000,0.0000,0.0000,0.0375,0.2875,0.1625,0.3250,0.2875,0.3625,0.3750,1.3625,1.2875,0.6500,0.1125,0.7250,0.6500,0.7500,0.0000,0.0000,0.0000,0.0875,0.0000,0.0000,0.0000,0.0000,0.0000,0.0000,0.0000,0.0000,0.0000,0.0000,0.0000,0.0000,0.0000,0.0000,A,,,20241008013015,
300,20241008,0.0000,0.0000,0.0000,0.0000,0.0000,0.0000,0.0000,0.0000,0.0000,0.0000,0.0000,0.0000,0.0000,0.0000,0.0000,0.0000,0.0000,0.0000,0.0000,0.0000,0.0000,0.0000,0.0000,0.0000,0.0000,0.7875,1.0250,0.7000,0.6750,0.5375,0.3250,0.8375,0.7250,0.3750,0.0375,0.0000,0.0000,0.0000,0.0000,0.0000,0.0000,0.0000,0.0000,0.0000,0.0000,0.0000,0.0000,0.0000,A,,,20241009013547,
300,20241009,0.0000,0.0000,0.0000,0.0000,0.0000,0.0000,0.0000,0.0000,0.0000,0.0000,0.0000,0.0000,0.0000,0.0000,0.1125,0.4750,0.8125,1.2625,1.2125,1.4875,1.8875,2.0125,2.0750,2.1000,2.0875,2.1125,2.0625,1.9000,1.7875,1.6125,1.3625,1.1500,0.8125,0.4750,0.1250,0.0000,0.0000,0.0000,0.0000,0.0000,0.0000,0.0000,0.0000,0.0000,0.0000,0.0000,0.0000,0.0000,A,,,20241010012812,
300,20241010,0.0000,0.0000,0.0000,0.0000,0.0000,0.0000,0.0000,0.0000,0.0000,0.0000,0.0000,0.0000,0.0000,0.0000,0.0000,0.0000,0.0000,0.0125,0.1250,0.3250,0.4625,0.6000,0.3625,0.3125,0.6875,0.7125,0.6625,0.5875,0.9250,1.5250,1.3125,1.0125,0.7000,0.4000,0.0375,0.0000,0.0000,0.0000,0.0000,0.0000,0.0000,0.0000,0.0000,0.0000,0.0000,0.0000,0.0000,0.0000,A,,,20241011011749,
300,20241011,0.0000,0.0000,0.0000,0.0000,0.0000,0.0000,0.0000,0.0000,0.0000,0.0000,0.0000,0.0000,0.0000,0.0000,0.0000,0.4250,0.6000,1.1875,1.3000,1.1125,1.7000,1.6500,1.1125,1.0000,0.9500,0.6000,0.0750,0.0125,0.0000,0.1250,0.0000,0.0375,0.0000,0.0500,0.0000,0.0000,0.0000,0.0000,0.0000,0.0000,0.0000,0.0000,0.0000,0.0000,0.0000,0.0000,0.0000,0.0000,A,,,20241012012258,
300,20241012,0.0000,0.0000,0.0000,0.0000,0.0000,0.0000,0.0000,0.0000,0.0000,0.0000,0.0000,0.0000,0.0000,0.0000,0.0000,0.0000,0.0500,0.3625,0.6250,0.8375,0.9500,1.0875,1.2000,1.2500,2.2250,2.2000,2.1500,2.0250,1.8875,1.7375,1.5000,1.2250,0.9000,0.5625,0.1750,0.0000,0.0000,0.0000,0.0000,0.0000,0.0000,0.0000,0.0000,0.0000,0.0000,0.0000,0.0000,0.0000,A,,,20241013013249,
300,20241013,0.0000,0.0000,0.0000,0.0000,0.0000,0.0000,0.0000,0.0000,0.0000,0.0000,0.0000,0.0000,0.0000,0.0000,0.0000,0.0000,0.0000,0.0000,0.0000,0.0000,0.3250,1.0500,1.1875,1.1000,1.7000,2.1625,1.8375,1.7125,1.0000,0.1875,0.0000,0.0000,0.0000,0.0000,0.0000,0.0000,0.0000,0.0000,0.0000,0.0000,0.0000,0.0000,0.0000,0.0000,0.0000,0.0000,0.0000,0.0000,A,,,20241014015738,
300,20241014,0.0000,0.0000,0.0000,0.0000,0.0000,0.0000,0.0000,0.0000,0.0000,0.0000,0.0000,0.0000,0.0000,0.0125,0.0625,0.3125,0.3875,0.0000,0.2250,0.7000,0.5375,1.7375,1.7875,1.9500,2.2000,2.1375,2.1000,1.9750,1.8500,1.7000,1.4875,1.2250,0.9125,0.5625,0.1750,0.0000,0.0000,0.0000,0.0000,0.0000,0.0000,0.0000,0.0000,0.0000,0.0000,0.0000,0.0000,0.0000,V,,,20241015012729,
400,1,4,A,,
400,5,5,A,89,
400,6,48,A,,
300,20241015,0.0000,0.0000,0.0000,0.0000,0.0000,0.0000,0.0000,0.0000,0.0000,0.0000,0.0000,0.0000,0.0000,0.0000,0.0000,0.2250,0.0000,0.2125,0.4125,0.4625,0.2125,0.5750,0.8875,1.1875,1.3375,1.1000,1.8375,1.9000,1.6375,1.3125,1.0125,0.2250,0.0000,0.0125,0.0000,0.0000,0.0000,0.0000,0.0000,0.0000,0.0000,0.0000,0.0000,0.0000,0.0000,0.0000,0.0000,0.0000,A,,,20241016014459,
300,20241016,0.0000,0.0000,0.0000,0.0000,0.0000,0.0000,0.0000,0.0000,0.0000,0.0000,0.0000,0.0000,0.0000,0.0000,0.0125,0.1250,0.5125,0.3125,0.5250,0.6875,0.2125,0.5250,1.0250,1.2125,1.5125,2.0000,1.7500,1.2375,1.1000,0.7500,0.6250,0.8750,0.8375,0.4375,0.0250,0.0000,0.0000,0.0000,0.0000,0.0000,0.0000,0.0000,0.0000,0.0000,0.0000,0.0000,0.0000,0.0000,A,,,20241017013702,
300,20241017,0.0000,0.0000,0.0000,0.0000,0.0000,0.0000,0.0000,0.0000,0.0000,0.0000,0.0000,0.0000,0.0000,0.0250,0.0250,0.5000,0.8125,0.9625,0.8250,0.7750,1.6500,1.6750,1.6000,1.8250,0.5500,0.6750,0.6000,0.4750,0.1125,0.0875,0.0125,0.0000,0.0000,0.0000,0.0000,0.0000,0.0000,0.0000,0.0000,0.0000,0.0000,0.0000,0.0000,0.0000,0.0000,0.0000,0.0000,0.0000,A,,,20241018014947,
300,20241018,0.0000,0.0000,0.0000,0.0000,0.0000,0.0000,0.0000,0.0000,0.0000,0.0000,0.0000,0.0000,0.0000,0.0000,0.0000,0.0000,0.0000,0.0000,0.0000,0.1500,0.0250,0.5875,1.5125,1.1125,1.6000,0.0750,0.3375,1.5875,1.3375,0.0125,0.0625,0.2000,0.0875,0.0000,0.0000,0.0000,0.0000,0.0000,0.0000,0.0000,0.0000,0.0000,0.0000,0.0000,0.0000,0.0000,0.0000,0.0000,A,,,20241019013458,
300,20241019,0.0000,0.0000,0.0000,0.0000,0.0000,0.0000,0.0000,0.0000,0.0000,0.0000,0.0000,0.0000,0.0000,0.0000,0.0000,0.0000,0.0000,0.0000,0.0125,0.0000,0.0250,0.0000,0.8500,1.1000,2.1375,1.8375,1.5250,1.3375,0.9875,1.0500,0.8500,0.4375,0.2625,0.1750,0.0375,0.0000,0.0000,0.0000,0.0000,0.0000,0.0000,0.0000,0.0000,0.0000,0.0000,0.0000,0.0000,0.0000,A,,,20241020023311,
300,20241020,0.0000,0.0000,0.0000,0.0000,0.0000,0.0000,0.0000,0.0000,0.0000,0.0000,0.0000,0.0000,0.0000,0.0000,0.0000,0.0000,0.0000,0.0000,0.0000,0.0000,0.0000,0.0000,0.7625,1.2500,1.7875,1.6000,1.8125,1.7000,1.7125,1.7125,1.3500,0.9875,0.1875,0.0000,0.0000,0.0000,0.0000,0.0000,0.0000,0.0000,0.0000,0.0000,0.0000,0.0000,0.0000,0.0000,0.0000,0.0000,A,,,20241021014158,
300,20241021,0.0000,0.0000,0.0000,0.0000,0.0000,0.0000,0.0000,0.0000,0.0000,0.0000,0.0000,0.0000,0.0000,0.0000,0.0000,0.3375,1.0625,1.4250,1.6875,1.8375,1.9375,2.0125,2.0875,2.1000,2.1625,2.1625,2.0625,1.9500,1.8250,1.6625,1.3875,1.2000,0.6125,0.2875,0.3625,0.0125,0.0000,0.0000,0.0000,0.0000,0.0000,0.0000,0.0000,0.0000,0.0000,0.0000,0.0000,0.0000,A,,,20241022012511,
300,20241022,0.0000,0.0000,0.0000,0.0000,0.0000,0.0000,0.0000,0.0000,0.0000,0.0000,0.0000,0.0000,0.0000,0.0750,0.3250,0.4250,0.5250,0.0125,0.1875,0.5375,0.4000,0.8625,1.4375,1.7250,1.9375,1.7250,1.8625,1.5500,0.9125,1.3750,1.3125,0.4375,0.8250,0.4750,0.1250,0.0000,0.0000,0.0000,0.0000,0.0000,0.0000,0.0000,0.0000,0.0000,0.0000,0.0000,0.0000,0.0000,A,,,20241023014421,
300,20241023,0.0000,0.0000,0.0000,0.0000,0.0000,0.0000,0.0000,0.0000,0.0000,0.0000,0.0000,0.0000,0.0000,0.0000,0.0000,0.0000,0.0750,0.5250,0.6375,1.3625,1.6625,1.8125,1.9875,2.1375,2.2375,2.2375,1.7375,2.0750,1.7375,1.3875,1.5375,1.3875,0.8250,0.5500,0.3375,0.0500,0.0000,0.0000,0.0000,0.0000,0.0000,0.0000,0.0000,0.0000,0.0000,0.0000,0.0000,0.0000,A,,,20241024012830,
300,20241024,0.0000,0.0000,0.0000,0.0000,0.0000,0.0000,0.0000,0.0000,0.0000,0.0000,0.0000,0.0000,0.0000,0.0000,0.0000,0.0000,0.0000,0.2250,0.8875,0.9750,1.5375,1.5000,1.2750,1.0875,1.7750,1.6250,1.3250,0.6625,1.2000,1.0250,0.9500,0.3750,0.3375,0.7000,0.2375,0.0000,0.0000,0.0000,0.0000,0.0000,0.0000,0.0000,0.0000,0.0000,0.0000,0.0000,0.0000,0.0000,A,,,20241025013339,
300,20241025,0.0000,0.0000,0.0000,0.0000,0.0000,0.0000,0.0000,0.0000,0.0000,0.0000,0.0000,0.0000,0.0000,0.0000,0.0000,0.0000,0.5000,1.4875,0.6750,1.4000,0.8125,0.8875,1.8125,1.0375,0.8625,1.6875,1.6000,1.7125,1.9875,1.8125,1.5625,1.3500,1.0375,0.6875,0.3125,0.0375,0.0000,0.0000,0.0000,0.0000,0.0000,0.0000,0.0000,0.0000,0.0000,0.0000,0.0000,0.0000,A,,,20241026013551,
300,20241026,0.0000,0.0000,0.0000,0.0000,0.0000,0.0000,0.0000,0.0000,0.0000,0.0000,0.0000,0.0000,0.0000,0.0000,0.0000,0.0000,0.0000,0.1375,0.1375,0.0000,0.3750,0.9250,1.1250,1.1750,2.1500,2.1375,2.0625,1.9625,1.8875,1.7375,1.4625,1.2250,0.7000,0.6625,0.2375,0.0250,0.0000,0.0000,0.0000,0.0000,0.0000,0.0000,0.0000,0.0000,0.0000,0.0000,0.0000,0.0000,A,,,20241027014538,
300,20241027,0.0000,0.0000,0.0000,0.0000,0.0000,0.0000,0.0000,0.0000,0.0000,0.0000,0.0000,0.0000,0.0000,0.0000,0.0000,0.0000,0.0000,0.0000,0.0000,0.0125,0.0000,0.0125,0.0000,0.2000,0.7500,1.2875,1.4125,1.3750,0.5500,0.4750,0.6625,0.5500,0.6250,0.4000,0.0000,0.0000,0.0000,0.0000,0.0000,0.0000,0.0000,0.0000,0.0000,0.0000,0.0000,0.0000,0.0000,0.0000,A,,,20241028012015,
300,20241028,0.0000,0.0000,0.0000,0.0000,0.0000,0.0000,0.0000,0.0000,0.0000,0.0000,0.0000,0.0000,0.0000,0.0000,0.1000,0.2375,0.5750,0.7375,0.8750,0.3500,1.3750,1.0125,1.7625,1.9750,1.8750,2.1375,1.9625,1.8875,1.8375,1.7125,1.5125,1.2875,0.9375,0.3750,0.1000,0.0000,0.0000,0.0000,0.0000,0.0000,0.0000,0.0000,0.0000,0.0000,0.0000,0.0000,0.0000,0.0000,A,,,20241029014131,
300,20241029,0.0000,0.0000,0.0000,0.0000,0.0000,0.0000,0.0000,0.0000,0.0000,0.0000,0.0000,0.0000,0.0000,0.0000,0.0000,0.2250,0.4000,0.0000,0.0000,0.3625,0.9125,0.9500,0.7750,1.3125,1.3625,1.5375,1.3875,1.5500,1.8625,1.6875,1.4625,1.2500,0.9750,0.6125,0.2750,0.0000,0.0000,0.0000,0.0000,0.0000,0.0000,0.0000,0.0000,0.0000,0.0000,0.0000,0.0000,0.0000,A,,,20241030102355,
300,20241030,0.0000,0.0000,0.0000,0.0000,0.0000,0.0000,0.0000,0.0000,0.0000,0.0000,0.0000,0.0000,0.0000,0.0000,0.0000,0.0625,0.1125,0.5000,0.6000,2.0375,1.8625,2.0875,2.0625,1.7375,2.0750,2.1250,2.1000,1.9875,1.8625,1.6875,1.4750,1.2875,1.0375,0.6625,0.3125,0.0250,0.0000,0.0000,0.0000,0.0000,0.0000,0.0000,0.0000,0.0000,0.0000,0.0000,0.0000,0.0000,A,,,20241031015716,
300,20241031,0.0000,0.0000,0.0000,0.0000,0.0000,0.0000,0.0000,0.0000,0.0000,0.0000,0.0000,0.0000,0.0000,0.0000,0.0000,0.6375,1.0375,1.4500,1.6875,1.8375,1.7500,1.1500,0.4125,0.0250,0.4375,0.5500,1.0125,0.0500,1.1500,0.5125,0.5500,0.2375,0.4625,0.3250,0.2375,0.0500,0.0000,0.0000,0.0000,0.0000,0.0000,0.0000,0.0000,0.0000,0.0000,0.0000,0.0000,0.0000,A,,,20241101012943,
300,20241101,0.0000,0.0000,0.0000,0.0000,0.0000,0.0000,0.0000,0.0000,0.0000,0.0000,0.0000,0.0000,0.0000,0.0000,0.0000,0.0000,0.0625,0.2625,0.4375,1.2500,0.6875,1.0125,0.8625,1.3625,1.3375,1.6875,2.0250,2.0500,1.9000,1.6500,1.5500,1.3375,1.0625,0.6500,0.2000,0.0250,0.0000,0.0000,0.0000,0.0000,0.0000,0.0000,0.0000,0.0000,0.0000,0.0000,0.0000,0.0000,A,,,20241102014317,
300,20241102,0.0000,0.0000,0.0000,0.0000,0.0000,0.0000,0.0000,0.0000,0.0000,0.0000,0.0000,0.0000,0.0000,0.0000,0.0000,0.0000,0.0000,0.0000,0.0000,0.0000,0.0000,0.0000,0.5125,0.3375,0.5875,1.0250,0.8500,1.1750,1.3000,1.5000,1.0500,0.7250,0.6250,0.3875,0.1500,0.0500,0.0000,0.0000,0.0000,0.0000,0.0000,0.0000,0.0000,0.0000,0.0000,0.0000,0.0000,0.0000,A,,,20241103010549,
300,20241103,0.0000,0.0000,0.0000,0.0000,0.0000,0.0000,0.0000,0.0000,0.0000,0.0000,0.0000,0.0000,0.0000,0.0375,0.0000,0.0125,0.1875,0.3750,1.2375,1.2250,1.5500,0.5375,1.5500,1.8125,1.9500,1.8750,1.9500,1.5750,1.6750,1.5000,1.1250,0.9750,0.6875,0.4375,0.0875,0.0000,0.0000,0.0000,0.0000,0.0000,0.0000,0.0000,0.0000,0.0000,0.0000,0.0000,0.0000,0.0000,A,,,20241104015553,
300,20241104,0.0000,0.0000,0.0000,0.0000,0.0000,0.0000,0.0000,0.0000,0.0000,0.0000,0.0000,0.0000,0.0000,0.0125,0.0250,0.0625,0.8875,1.3500,1.6250,0.6000,0.5250,0.9000,1.2375,1.2875,1.1125,0.4500,0.5875,1.3250,1.5125,1.7250,0.3125,0.0375,0.0000,0.0000,0.0000,0.0000,0.0000,0.0000,0.0000,0.0000,0.0000,0.0000,0.0000,0.0000,0.0000,0.0000,0.0000,0.0000,A,,,20241105015910,
300,20241105,0.0000,0.0000,0.0000,0.0000,0.0000,0.0000,0.0000,0.0000,0.0000,0.0000,0.0000,0.0000,0.0000,0.0000,0.0000,0.0000,0.0125,0.2625,0.5125,0.6750,0.5500,0.7625,0.9375,0.9375,0.8875,0.9125,0.8750,0.6000,0.6375,1.4125,1.0250,0.9500,0.4875,0.5500,0.2000,0.0125,0.0000,0.0000,0.0000,0.0000,0.0000,0.0000,0.0000,0.0000,0.0000,0.0000,0.0000,0.0000,A,,,20241106014230,
300,20241106,0.0000,0.0000,0.0000,0.0000,0.0000,0.0000,0.0000,0.0000,0.0000,0.0000,0.0000,0.0000,0.0125,0.1000,0.4125,0.8750,0.9375,1.1125,0.8500,0.3250,0.6875,1.4000,1.1625,1.3000,1.9875,2.1250,1.4500,0.6875,1.4875,1.1375,1.1750,1.0625,0.6750,0.4750,0.2875,0.1250,0.0000,0.0000,0.0000,0.0000,0.0000,0.0000,0.0000,0.0000,0.0000,0.0000,0.0000,0.0000,A,,,20241107013800,
300,20241107,0.0000,0.0000,0.0000,0.0000,0.0000,0.0000,0.0000,0.0000,0.0000,0.0000,0.0000,0.0000,0.0125,0.0625,0.1375,0.7625,1.0625,1.5625,1.1500,0.8625,1.4000,2.1125,2.0750,2.2375,2.1750,2.1625,2.1000,1.7000,1.3125,1.0625,1.1125,0.4250,0.0000,0.0500,0.0500,0.0000,0.0000,0.0000,0.0000,0.0000,0.0000,0.0000,0.0000,0.0000,0.0000,0.0000,0.0000,0.0000,A,,,20241108012158,
300,20241108,0.0000,0.0000,0.0000,0.0000,0.0000,0.0000,0.0000,0.0000,0.0000,0.0000,0.0000,0.0000,0.0000,0.0750,0.3875,0.5625,0.2125,0.1875,0.0000,0.0000,0.0000,0.0000,0.3750,0.6250,0.0375,0.2875,0.4875,1.8500,1.7250,1.0875,1.6000,1.2375,0.8000,0.2625,0.2500,0.0000,0.0000,0.0000,0.0000,0.0000,0.0000,0.0000,0.0000,0.0000,0.0000,0.0000,0.0000,0.0000,A,,,20241109015003,
300,20241109,0.0000,0.0000,0.0000,0.0000,0.0000,0.0000,0.0000,0.0000,0.0000,0.0000,0.0000,0.0000,0.0000,0.0000,0.0000,0.0000,0.0000,0.0000,0.0000,0.0125,0.0125,0.0000,0.0000,0.0000,0.7500,0.4000,0.4125,0.6750,1.0375,0.8875,0.5000,0.0000,0.0000,0.0000,0.0000,0.0000,0.0000,0.0000,0.0000,0.0000,0.0000,0.0000,0.0000,0.0000,0.0000,0.0000,0.0000,0.0000,A,,,20241110015223,
300,20241110,0.0000,0.0000,0.0000,0.0000,0.0000,0.0000,0.0000,0.0000,0.0000,0.0000,0.0000,0.0000,0.0000,0.0000,0.0000,0.0000,0.0000,0.0000,0.0125,0.0000,0.0625,0.4750,1.2125,1.9125,2.0500,2.0750,2.2000,2.1375,2.0375,1.8375,1.6250,1.4250,1.0500,0.8375,0.4625,0.1000,0.0000,0.0000,0.0000,0.0000,0.0000,0.0000,0.0000,0.0000,0.0000,0.0000,0.0000,0.0000,A,,,20241111015738,
300,20241111,0.0000,0.0000,0.0000,0.0000,0.0000,0.0000,0.0000,0.0000,0.0000,0.0000,0.0000,0.0000,0.0000,0.0000,0.0000,0.7125,0.8875,1.0250,1.4625,1.7250,1.8750,1.9625,2.0250,1.6250,1.5500,2.0125,2.0375,2.0375,1.8000,1.8625,1.5375,1.3250,0.4500,0.3000,0.2250,0.1250,0.0000,0.0000,0.0000,0.0000,0.0000,0.0000,0.0000,0.0000,0.0000,0.0000,0.0000,0.0000,A,,,20241112012320,
300,20241112,0.0000,0.0000,0.0000,0.0000,0.0000,0.0000,0.0000,0.0000,0.0000,0.0000,0.0000,0.0000,0.0000,0.1000,0.4000,0.2250,1.1375,0.8875,1.6000,1.7875,1.4000,1.3000,1.1375,1.6500,1.1500,0.3750,0.1000,0.2125,0.1875,0.0625,0.0000,0.0000,0.0000,0.0000,0.0000,0.0000,0.0000,0.0000,0.0000,0.0000,0.0000,0.0000,0.0000,0.0000,0.0000,0.0000,0.0000,0.0000,A,,,20241113021207,
300,20241113,0.0000,0.0000,0.0000,0.0000,0.0000,0.0000,0.0000,0.0000,0.0000,0.0000,0.0000,0.0000,0.0000,0.0000,0.0125,0.0125,0.0000,0.0625,0.0000,0.0000,0.0000,0.0000,0.0000,0.0625,0.0375,0.1375,1.3750,1.8875,1.7250,1.8750,1.4375,0.6375,0.9500,0.8125,0.1500,0.0000,0.0000,0.0000,0.0000,0.0000,0.0000,0.0000,0.0000,0.0000,0.0000,0.0000,0.0000,0.0000,A,,,20241114021531,
300,20241114,0.0000,0.0000,0.0000,0.0000,0.0000,0.0000,0.0000,0.0000,0.0000,0.0000,0.0000,0.0000,0.0000,0.0000,0.0000,0.0250,0.2500,0.3875,0.3875,0.6000,0.7250,0.8125,1.1750,1.2750,1.8500,1.5750,0.8375,1.2375,1.6000,1.5000,1.5750,1.3375,1.0875,0.7625,0.4375,0.0750,0.0000,0.0000,0.0000,0.0000,0.0000,0.0000,0.0000,0.0000,0.0000,0.0000,0.0000,0.0000,A,,,20241115014335,
300,20241115,0.0000,0.0000,0.0000,0.0000,0.0000,0.0000,0.0000,0.0000,0.0000,0.0000,0.0000,0.0000,0.0000,0.0625,0.1125,0.3000,0.3875,0.9125,1.5250,1.5625,1.9625,1.9875,2.0375,2.0750,2.0750,1.9875,1.7250,1.9875,1.8625,1.7375,1.5375,1.2625,1.0750,0.6625,0.3125,0.0125,0.0000,0.0000,0.0000,0.0000,0.0000,0.0000,0.0000,0.0000,0.0000,0.0000,0.0000,0.0000,V,,,20241116021510,
400,1,36,A,,
400,37,37,A,89,
400,38,48,A,,
300,20241116,0.0000,0.0000,0.0000,0.0000,0.0000,0.0000,0.0000,0.0000,0.0000,0.0000,0.0000,0.0000,0.0000,0.0000,0.0000,0.0375,1.1500,1.4875,1.7625,1.9250,1.7500,1.5250,1.7250,1.7875,2.1125,2.0500,1.9750,1.5000,1.9250,1.7500,1.4375,1.2750,0.8375,0.4500,0.2000,0.0375,0.0000,0.0000,0.0000,0.0000,0.0000,0.0000,0.0000,0.0000,0.0000,0.0000,0.0000,0.0000,A,,,20241117013016,
300,20241117,0.0000,0.0000,0.0000,0.0000,0.0000,0.0000,0.0000,0.0000,0.0000,0.0000,0.0000,0.0000,0.0000,0.0000,0.0000,0.0000,0.0000,0.0000,0.1125,0.0750,0.3000,0.0250,0.0000,0.0000,0.0000,0.0500,0.8875,0.9000,0.5875,0.3000,0.8875,1.2625,0.8000,0.3000,0.4750,0.1750,0.0000,0.0000,0.0000,0.0000,0.0000,0.0000,0.0000,0.0000,0.0000,0.0000,0.0000,0.0000,A,,,20241118013739,
300,20241118,0.0000,0.0000,0.0000,0.0000,0.0000,0.0000,0.0000,0.0000,0.0000,0.0000,0.0000,0.0000,0.0000,0.0000,0.0000,0.0000,0.1875,0.2250,0.1625,0.1000,0.1625,0.1250,0.0250,0.1875,0.2000,0.2125,0.2875,0.0500,0.1125,0.2500,0.1625,0.5875,0.7000,0.5000,0.2000,0.0000,0.0000,0.0000,0.0000,0.0000,0.0000,0.0000,0.0000,0.0000,0.0000,0.0000,0.0000,0.0000,A,,,20241119011829,
300,20241119,0.0000,0.0000,0.0000,0.0000,0.0000,0.0000,0.0000,0.0000,0.0000,0.0000,0.0000,0.0000,0.0000,0.0250,0.1500,0.3500,0.0750,0.6250,1.1375,0.8000,0.6000,0.9000,1.3000,1.7750,1.8125,2.2000,2.0625,1.9375,2.0500,1.9000,1.7125,1.4875,1.2250,0.9250,0.5750,0.1625,0.0000,0.0000,0.0000,0.0000,0.0000,0.0000,0.0000,0.0000,0.0000,0.0000,0.0000,0.0000,A,,,20241120013046,
300,20241120,0.0000,0.0000,0.0000,0.0000,0.0000,0.0000,0.0000,0.0000,0.0000,0.0000,0.0000,0.0000,0.0000,0.0125,0.1000,0.2000,0.3875,0.5000,0.8375,1.2500,1.6375,2.1750,2.2875,2.2625,2.1750,1.4625,2.0750,1.6250,1.9625,1.2625,1.5125,1.5375,0.6875,0.4750,0.4375,0.0125,0.0375,0.0000,0.0000,0.0000,0.0000,0.0000,0.0000,0.0000,0.0000,0.0000,0.0000,0.0000,A,,,20241121013625,
300,20241121,0.0000,0.0000,0.0000,0.0000,0.0000,0.0000,0.0000,0.0000,0.0000,0.0000,0.0000,0.0000,0.0375,0.0500,0.0000,0.7750,1.2000,1.5250,1.7375,1.9625,1.9750,2.1500,2.1625,2.2000,2.2125,2.1875,2.1250,2.0500,1.9625,1.8500,1.6625,1.4250,1.1625,0.8750,0.5875,0.2000,0.0000,0.0000,0.0000,0.0000,0.0000,0.0000,0.0000,0.0000,0.0000,0.0000,0.0000,0.0000,A,,,20241122010702,
300,20241122,0.0000,0.0000,0.0000,0.0000,0.0000,0.0000,0.0000,0.0000,0.0000,0.0000,0.0000,0.0000,0.0000,0.1000,0.4250,0.7000,1.0500,1.4125,1.6250,1.8500,1.9250,2.0250,2.1000,2.1375,1.3375,1.9875,1.9875,1.9750,1.8250,1.1625,1.6875,0.8000,0.2375,0.1750,0.6125,0.3125,0.0000,0.0000,0.0000,0.0000,0.0000,0.0000,0.0000,0.0000,0.0000,0.0000,0.0000,0.0000,A,,,20241123013949,
300,20241123,0.0000,0.0000,0.0000,0.0000,0.0000,0.0000,0.0000,0.0000,0.0000,0.0000,0.0000,0.0000,0.0000,0.1250,0.0625,0.2250,0.5375,0.8375,1.1375,0.6000,1.3250,1.1250,1.2375,1.2500,1.5625,1.2250,1.8750,1.1875,1.0000,1.3500,0.5500,0.1875,0.3000,0.0500,0.0000,0.0000,0.0000,0.0000,0.0000,0.0000,0.0000,0.0000,0.0000,0.0000,0.0000,0.0000,0.0000,0.0000,A,,,20241124012807,
300,20241124,0.0000,0.0000,0.0000,0.0000,0.0000,0.0000,0.0000,0.0000,0.0000,0.0000,0.0000,0.0000,0.0000,0.0000,0.0000,0.0000,0.0000,0.0000,0.0125,0.0375,0.2250,0.3750,0.4250,0.7125,0.7250,0.9250,0.9750,0.6500,0.6625,0.4375,0.5375,0.3625,0.2000,0.1250,0.0375,0.0000,0.0000,0.0000,0.0000,0.0000,0.0000,0.0000,0.0000,0.0000,0.0000,0.0000,0.0000,0.0000,A,,,20241125013940,
300,20241125,0.0000,0.0000,0.0000,0.0000,0.0000,0.0000,0.0000,0.0000,0.0000,0.0000,0.0000,0.0000,0.0000,0.0000,0.0000,0.0000,0.0000,0.0000,0.0000,0.0000,0.0000,0.1000,0.0625,0.1375,0.3125,0.1500,0.0250,0.0750,0.0250,0.0000,0.2375,0.0500,0.0000,0.0125,0.0000,0.0000,0.0000,0.0000,0.0000,0.0000,0.0000,0.0000,0.0000,0.0000,0.0000,0.0000,0.0000,0.0000,A,,,20241126014300,
300,20241126,0.0000,0.0000,0.0000,0.0000,0.0000,0.0000,0.0000,0.0000,0.0000,0.0000,0.0000,0.0000,0.0000,0.0000,0.0000,0.0000,0.3375,1.0125,1.1125,0.6375,0.7750,0.8875,1.0500,1.0750,2.0250,2.0875,1.8625,0.7125,1.3250,1.2875,1.5125,1.2250,1.0500,0.8125,0.5500,0.1625,0.0000,0.0000,0.0000,0.0000,0.0000,0.0000,0.0000,0.0000,0.0000,0.0000,0.0000,0.0000,A,,,20241127014320,
300,20241127,0.0000,0.0000,0.0000,0.0000,0.0000,0.0000,0.0000,0.0000,0.0000,0.0000,0.0000,0.0000,0.0000,0.0000,0.0000,0.0000,0.0750,0.4375,0.4750,1.7750,1.6625,1.9375,1.9625,1.7250,0.9125,0.0000,0.2750,0.9500,0.8375,1.0750,1.0250,0.4375,0.1125,0.0000,0.1625,0.1375,0.0000,0.0000,0.0000,0.0000,0.0000,0.0000,0.0000,0.0000,0.0000,0.0000,0.0000,0.0000,A,,,20241128011924,
300,20241128,0.0000,0.0000,0.0000,0.0000,0.0000,0.0000,0.0000,0.0000,0.0000,0.0000,0.0000,0.0000,0.0000,0.0375,0.3750,0.7625,1.2750,1.5875,1.6375,1.9250,1.6125,2.1250,2.1875,2.2000,2.1875,2.1500,2.1750,2.0625,1.9375,1.7250,1.2250,1.1375,1.1500,0.8500,0.4250,0.0750,0.0000,0.0000,0.0000,0.0000,0.0000,0.0000,0.0000,0.0000,0.0000,0.0000,0.0000,0.0000,A,,,20241129012222,
300,20241129,0.0000,0.0000,0.0000,0.0000,0.0000,0.0000,0.0000,0.0000,0.0000,0.0000,0.0000,0.0000,0.0000,0.0500,0.3750,0.6875,1.0000,0.9000,1.3000,1.8750,1.9375,1.9500,2.0875,2.1000,1.8750,1.6625,2.0500,1.6375,1.8875,1.7750,1.6125,1.4000,1.1750,0.8875,0.6000,0.2000,0.0000,0.0000,0.0000,0.0000,0.0000,0.0000,0.0000,0.0000,0.0000,0.0000,0.0000,0.0000,A,,,20241130014138,
300,20241130,0.0000,0.0000,0.0000,0.0000,0.0000,0.0000,0.0000,0.0000,0.0000,0.0000,0.0000,0.0000,0.0000,0.0000,0.0000,0.0000,0.0000,0.0000,0.0500,0.0625,0.0125,0.0875,0.0625,0.1500,0.1375,0.2875,0.4875,0.4000,0.1000,0.0375,0.5750,0.4000,0.0500,0.1750,0.2750,0.3250,0.0000,0.0000,0.0000,0.0000,0.0000,0.0000,0.0000,0.0000,0.0000,0.0000,0.0000,0.0000,A,,,20241201023220,
300,20241201,0.0000,0.0000,0.0000,0.0000,0.0000,0.0000,0.0000,0.0000,0.0000,0.0000,0.0000,0.0000,0.0000,0.0625,0.0000,0.3625,0.7125,1.1000,1.4000,1.4500,0.5375,0.8875,1.1625,1.2000,0.9125,1.3500,0.0875,0.0000,0.0875,0.3875,0.0750,0.4250,0.2375,0.1375,0.0750,0.0000,0.0000,0.0000,0.0000,0.0000,0.0000,0.0000,0.0000,0.0000,0.0000,0.0000,0.0000,0.0000,A,,,20241202011108,
300,20241202,0.0000,0.0000,0.0000,0.0000,0.0000,0.0000,0.0000,0.0000,0.0000,0.0000,0.0000,0.0000,0.0000,0.0000,0.0000,0.5375,1.0125,1.3375,1.5000,1.7750,1.6625,2.0000,2.1000,2.0125,2.1625,1.9875,2.0250,1.9875,1.7625,1.8375,1.1250,1.1125,1.2125,0.9000,0.5250,0.1250,0.0125,0.0000,0.0000,0.0000,0.0000,0.0000,0.0000,0.0000,0.0000,0.0000,0.0000,0.0000,A,,,20241203014139,
300,20241203,0.0000,0.0000,0.0000,0.0000,0.0000,0.0000,0.0000,0.0000,0.0000,0.0000,0.0000,0.0000,0.0000,0.0375,0.0750,0.3375,0.8500,0.9250,0.8125,0.7125,0.2750,1.1750,0.9625,0.8250,0.8500,1.0375,1.3625,0.8000,0.3500,0.8875,0.6375,0.5875,0.4125,0.1875,0.0625,0.0000,0.0000,0.0000,0.0000,0.0000,0.0000,0.0000,0.0000,0.0000,0.0000,0.0000,0.0000,0.0000,A,,,20241204011357,
300,20241204,0.0000,0.0000,0.0000,0.0000,0.0000,0.0000,0.0000,0.0000,0.0000,0.0000,0.0000,0.0000,0.0250,0.1125,0.2625,0.3875,0.7125,0.9000,1.6625,1.8375,2.0000,2.0500,2.0625,2.1000,2.1375,2.1500,2.0000,1.6750,1.8375,1.7500,1.5625,1.2750,0.5000,0.2750,0.0250,0.2375,0.0000,0.0000,0.0000,0.0000,0.0000,0.0000,0.0000,0.0000,0.0000,0.0000,0.0000,0.0000,A,,,20241205013050,
300,20241205,0.0000,0.0000,0.0000,0.0000,0.0000,0.0000,0.0000,0.0000,0.0000,0.0000,0.0000,0.0000,0.0000,0.0000,0.2750,0.6750,1.0250,1.3500,1.6125,1.8125,1.9125,2.0000,1.3875,0.1625,1.0250,1.2125,1.2750,1.1625,1.0375,0.9125,0.7250,0.5000,0.8250,0.7750,0.4875,0.1625,0.0000,0.0000,0.0000,0.0000,0.0000,0.0000,0.0000,0.0000,0.0000,0.0000,0.0000,0.0000,A,,,20241206013807,
300,20241206,0.0000,0.0000,0.0000,0.0000,0.0000,0.0000,0.0000,0.0000,0.0000,0.0000,0.0000,0.0000,0.0000,0.0000,0.3125,0.3500,0.5375,0.8500,0.2000,0.2125,0.3000,0.5125,0.3500,0.3000,0.5750,0.5625,0.6625,0.0375,0.0000,0.0000,0.0000,0.0000,0.0000,0.0000,0.0000,0.0000,0.0000,0.0000,0.0000,0.0000,0.0000,0.0000,0.0000,0.0000,0.0000,0.0000,0.0000,0.0000,A,,,20241207013019,
300,20241207,0.0000,0.0000,0.0000,0.0000,0.0000,0.0000,0.0000,0.0000,0.0000,0.0000,0.0000,0.0000,0.0500,0.0500,0.0000,0.1000,0.3500,0.2375,0.0250,0.0250,0.0125,0.0000,0.2875,0.5625,0.1125,0.8875,0.9875,1.0000,0.8375,0.7750,0.8250,0.6250,0.4250,0.1500,0.0000,0.0000,0.0000,0.0000,0.0000,0.0000,0.0000,0.0000,0.0000,0.0000,0.0000,0.0000,0.0000,0.0000,A,,,20241208014112,
300,20241208,0.0000,0.0000,0.0000,0.0000,0.0000,0.0000,0.0000,0.0000,0.0000,0.0000,0.0000,0.0000,0.0125,0.0875,0.0000,0.0000,0.4000,1.3250,1.0375,1.7750,1.6125,1.8125,1.5375,2.0750,2.1125,1.9375,0.7000,0.5250,0.8875,0.0875,0.0125,0.0750,0.0250,0.0000,0.3750,0.1250,0.0000,0.0000,0.0000,0.0000,0.0000,0.0000,0.0000,0.0000,0.0000,0.0000,0.0000,0.0000,A,,,20241209013758,
300,20241209,0.0000,0.0000,0.0000,0.0000,0.0000,0.0000,0.0000,0.0000,0.0000,0.0000,0.0000,0.0000,0.0000,0.0000,0.0750,0.2250,0.4000,0.2000,1.0875,1.9750,1.8625,0.9750,1.5250,1.7125,1.7000,1.8750,1.8375,1.9625,1.7875,1.7500,1.5750,1.3750,1.0875,0.8500,0.1875,0.1375,0.0000,0.0000,0.0000,0.0000,0.0000,0.0000,0.0000,0.0000,0.0000,0.0000,0.0000,0.0000,A,,,20241210015144,
300,20241210,0.0000,0.0000,0.0000,0.0000,0.0000,0.0000,0.0000,0.0000,0.0000,0.0000,0.0000,0.0000,0.0000,0.0750,0.4000,0.7000,0.4625,1.1125,1.5000,1.8875,1.9500,2.0625,1.9375,1.7625,1.9625,2.0875,1.9125,1.8000,1.6625,1.5875,1.6000,1.4000,1.0750,0.9125,0.5875,0.2250,0.0000,0.0000,0.0000,0.0000,0.0000,0.0000,0.0000,0.0000,0.0000,0.0000,0.0000,0.0000,A,,,20241211023354,
300,20241211,0.0000,0.0000,0.0000,0.0000,0.0000,0.0000,0.0000,0.0000,0.0000,0.0000,0.0000,0.0000,0.0500,0.0000,0.0000,0.2375,0.4125,0.0250,0.1000,0.6875,1.1000,1.9500,2.0375,2.1375,1.8250,2.0250,2.1125,2.0250,1.8750,1.8000,1.3625,0.6875,1.0000,0.8750,0.5625,0.2125,0.0125,0.0000,0.0000,0.0000,0.0000,0.0000,0.0000,0.0000,0.0000,0.0000,0.0000,0.0000,A,,,20241212014555,
300,20241212,0.0000,0.0000,0.0000,0.0000,0.0000,0.0000,0.0000,0.0000,0.0000,0.0000,0.0000,0.0000,0.0000,0.1000,0.1000,0.1625,0.1250,0.5250,0.3125,0.8125,1.0625,2.0500,1.9125,2.1000,1.1625,1.3000,1.3500,1.3000,1.5750,1.6250,1.4500,1.2875,1.0250,0.8500,0.5750,0.2250,0.0000,0.0000,0.0000,0.0000,0.0000,0.0000,0.0000,0.0000,0.0000,0.0000,0.0000,0.0000,A,,,20241213013438,
300,20241213,0.0000,0.0000,0.0000,0.0000,0.0000,0.0000,0.0000,0.0000,0.0000,0.0000,0.0000,0.0000,0.0000,0.1500,0.1125,0.0375,0.1875,0.4000,0.4750,1.0750,0.9750,1.2750,1.6625,2.1125,2.1000,2.0000,1.9000,2.0625,1.7625,2.0375,1.8000,1.4750,0.9500,1.0750,0.8000,0.3000,0.0250,0.0000,0.0000,0.0000,0.0000,0.0000,0.0000,0.0000,0.0000,0.0000,0.0000,0.0000,A,,,20241214011856,
300,20241214,0.0000,0.0000,0.0000,0.0000,0.0000,0.0000,0.0000,0.0000,0.0000,0.0000,0.0000,0.0000,0.0000,0.0000,0.0000,0.0000,0.0000,0.0125,0.0125,0.1875,1.0750,1.4750,1.6250,0.7500,0.9375,1.4375,1.6000,1.3500,0.8875,0.4625,0.2750,0.2875,0.1875,0.0625,0.0500,0.0875,0.0000,0.0000,0.0000,0.0000,0.0000,0.0000,0.0000,0.0000,0.0000,0.0000,0.0000,0.0000,A,,,20241215061025,
300,20241215,0.0000,0.0000,0.0000,0.0000,0.0000,0.0000,0.0000,0.0000,0.0000,0.0000,0.0000,0.0000,0.0000,0.0000,0.0000,0.0000,0.0000,0.8625,1.6000,1.8750,2.0500,2.1375,2.1750,2.2000,2.1875,2.1375,2.1750,2.0875,1.9375,1.8250,1.6750,1.4750,1.2375,0.9750,0.6625,0.3375,0.0125,0.0000,0.0000,0.0000,0.0000,0.0000,0.0000,0.0000,0.0000,0.0000,0.0000,0.0000,A,,,20241216005710,
300,20241216,0.0000,0.0000,0.0000,0.0000,0.0000,0.0000,0.0000,0.0000,0.0000,0.0000,0.0000,0.0000,0.0000,0.0000,0.0000,0.0125,0.8125,0.8875,0.1750,0.2625,0.4500,0.5750,0.2250,0.3625,1.0125,1.0750,1.1500,1.5000,0.8875,0.5875,0.3000,0.0000,0.0000,0.0000,0.0000,0.0000,0.0000,0.0000,0.0000,0.0000,0.0000,0.0000,0.0000,0.0000,0.0000,0.0000,0.0000,0.0000,A,,,20241217013910,
300,20241217,0.0000,0.0000,0.0000,0.0000,0.0000,0.0000,0.0000,0.0000,0.0000,0.0000,0.0000,0.0000,0.0000,0.0000,0.0000,0.0000,0.0250,0.2375,0.4000,0.7500,0.3750,0.7625,0.4375,0.5875,0.4875,0.3625,0.5875,0.9375,1.4125,0.7375,0.9000,0.7250,0.4625,0.2375,0.0750,0.0000,0.0000,0.0000,0.0000,0.0000,0.0000,0.0000,0.0000,0.0000,0.0000,0.0000,0.0000,0.0000,A,,,20241218013543,
300,20241218,0.0000,0.0000,0.0000,0.0000,0.0000,0.0000,0.0000,0.0000,0.0000,0.0000,0.0000,0.0000,0.0125,0.0750,0.3875,0.6625,0.8875,1.0750,1.1875,1.4125,1.2375,2.0000,1.9625,2.0750,0.9500,0.3750,0.1750,0.2875,0.3625,0.0000,0.2875,0.1375,0.0375,0.0000,0.0000,0.0000,0.0000,0.0000,0.0000,0.0000,0.0000,0.0000,0.0000,0.0000,0.0000,0.0000,0.0000,0.0000,A,,,20241219012709,
300,20241219,0.0000,0.0000,0.0000,0.0000,0.0000,0.0000,0.0000,0.0000,0.0000,0.0000,0.0000,0.0000,0.0000,0.0125,0.2375,0.6250,0.9625,1.2250,1.5125,1.7500,1.8875,1.9500,2.0375,2.0750,2.0250,2.0250,2.0500,1.8125,1.7250,1.5875,1.4750,1.2875,1.0250,0.5375,0.4750,0.2125,0.0000,0.0000,0.0000,0.0000,0.0000,0.0000,0.0000,0.0000,0.0000,0.0000,0.0000,0.0000,A,,,20241220013632,
300,20241220,0.0000,0.0000,0.0000,0.0000,0.0000,0.0000,0.0000,0.0000,0.0000,0.0000,0.0000,0.0000,0.0000,0.0000,0.2375,0.6625,0.9250,1.2875,1.5750,1.8125,2.0000,2.0625,2.0875,2.1750,2.1500,2.1250,2.0000,1.6875,0.5125,0.9375,0.9250,0.3500,0.5000,0.7125,0.5250,0.2500,0.0250,0.0000,0.0000,0.0000,0.0000,0.0000,0.0000,0.0000,0.0000,0.0000,0.0000,0.0000,A,,,20241221015323,
300,20241221,0.0000,0.0000,0.0000,0.0000,0.0000,0.0000,0.0000,0.0000,0.0000,0.0000,0.0000,0.0000,0.0000,0.0000,0.0000,0.0000,0.0000,0.0000,0.3250,0.6625,0.5375,0.8000,0.5000,1.1750,2.0500,2.1000,2.1750,1.9125,2.0625,1.5125,1.2750,1.5625,1.4375,1.1250,0.7250,0.3625,0.1500,0.0000,0.0000,0.0000,0.0000,0.0000,0.0000,0.0000,0.0000,0.0000,0.0000,0.0000,A,,,20241222013413,
300,20241222,0.0000,0.0000,0.0000,0.0000,0.0000,0.0000,0.0000,0.0000,0.0000,0.0000,0.0000,0.0000,0.0000,0.0000,0.0000,0.0000,0.0000,0.0125,0.2500,0.5000,0.7000,1.0500,1.9500,1.9375,2.1625,2.1875,2.1250,1.6625,1.1250,1.2500,1.9125,1.5750,1.2875,0.7875,0.0500,0.0000,0.0000,0.0000,0.0000,0.0000,0.0000,0.0000,0.0000,0.0000,0.0000,0.0000,0.0000,0.0000,A,,,20241223005323,
300,20241223,0.0000,0.0000,0.0000,0.0000,0.0000,0.0000,0.0000,0.0000,0.0000,0.0000,0.0000,0.0000,0.0000,0.0125,0.3125,0.8000,1.0750,0.7250,0.7375,1.0500,1.4875,1.2500,0.9625,0.8375,0.9125,0.9750,1.1750,0.8375,0.5875,0.3750,0.8125,0.2625,0.3250,0.4750,0.1875,0.1250,0.1000,0.0000,0.0000,0.0000,0.0000,0.0000,0.0000,0.0000,0.0000,0.0000,0.0000,0.0000,A,,,20241224013633,
300,20241224,0.0000,0.0000,0.0000,0.0000,0.0000,0.0000,0.0000,0.0000,0.0000,0.0000,0.0000,0.0000,0.0000,0.0125,0.3125,0.3750,0.4750,0.5000,1.2250,1.3875,0.3500,0.7250,0.8375,0.8250,0.7875,1.6375,1.3000,2.0000,2.0000,1.8875,1.7500,1.5625,1.3125,1.0375,0.7500,0.4125,0.0500,0.0000,0.0000,0.0000,0.0000,0.0000,0.0000,0.0000,0.0000,0.0000,0.0000,0.0000,A,,,20241225013214,
300,20241225,0.0000,0.0000,0.0000,0.0000,0.0000,0.0000,0.0000,0.0000,0.0000,0.0000,0.0000,0.0000,0.0000,0.0000,0.1500,0.6000,0.8875,0.7875,0.5250,0.6875,1.1250,1.1750,0.7125,1.2875,1.8375,2.0500,1.0000,0.1625,0.0000,0.0000,0.0000,0.1875,0.0000,0.0000,0.0000,0.0000,0.0000,0.0000,0.0000,0.0000,0.0000,0.0000,0.0000,0.0000,0.0000,0.0000,0.0000,0.0000,A,,,20241226014532,
300,20241226,0.0000,0.0000,0.0000,0.0000,0.0000,0.0000,0.0000,0.0000,0.0000,0.0000,0.0000,0.0000,0.0000,0.0750,0.4000,0.5375,0.2125,0.3875,0.3000,0.2000,0.2250,0.1750,0.9375,0.8375,0.2750,0.7625,0.4375,0.2500,0.3125,0.2375,0.3000,0.1500,0.0125,0.0000,0.0000,0.0000,0.0000,0.0000,0.0000,0.0000,0.0000,0.0000,0.0000,0.0000,0.0000,0.0000,0.0000,0.0000,A,,,20241227013812,
300,20241227,0.0000,0.0000,0.0000,0.0000,0.0000,0.0000,0.0000,0.0000,0.0000,0.0000,0.0000,0.0000,0.0000,0.0000,0.0000,0.0250,0.1250,0.1000,0.3750,0.2000,0.6125,0.4125,1.3375,1.5625,1.6125,1.7375,1.5750,0.9250,1.0375,1.1000,1.2625,0.8125,0.8000,0.1500,0.1125,0.0250,0.0000,0.0000,0.0000,0.0000,0.0000,0.0000,0.0000,0.0000,0.0000,0.0000,0.0000,0.0000,A,,,20241228011600,
300,20241228,0.0000,0.0000,0.0000,0.0000,0.0000,0.0000,0.0000,0.0000,0.0000,0.0000,0.0000,0.0000,0.0000,0.0000,0.0000,0.0000,0.0000,0.1625,0.4125,0.4375,1.3375,0.7750,0.8750,1.5750,1.2875,1.0750,0.2375,0.2000,0.8375,0.6500,1.6125,0.3000,0.0875,0.4750,0.2375,0.0375,0.0375,0.0000,0.0000,0.0000,0.0000,0.0000,0.0000,0.0000,0.0000,0.0000,0.0000,0.0000,A,,,20241229014129,
300,20241229,0.0000,0.0000,0.0000,0.0000,0.0000,0.0000,0.0000,0.0000,0.0000,0.0000,0.0000,0.0000,0.0000,0.0250,0.3000,0.6625,1.0125,1.3375,1.5750,1.6375,1.6375,1.1875,1.4125,1.8250,1.7625,0.8375,1.1500,1.4000,1.3750,1.1375,1.4000,0.9750,1.3000,0.9375,0.1250,0.0000,0.0000,0.0000,0.0000,0.0000,0.0000,0.0000,0.0000,0.0000,0.0000,0.0000,0.0000,0.0000,A,,,20241230020725,
300,20241230,0.0000,0.0000,0.0000,0.0000,0.0000,0.0000,0.0000,0.0000,0.0000,0.0000,0.0000,0.0000,0.0000,0.0000,0.2125,0.6000,0.9125,1.1500,1.5375,1.7125,1.6625,1.9000,2.0125,1.9875,1.9625,1.7125,1.2250,0.7500,0.0625,0.0125,0.0250,0.0000,0.0000,0.1375,0.1250,0.1625,0.0000,0.0000,0.0000,0.0000,0.0000,0.0000,0.0000,0.0000,0.0000,0.0000,0.0000,0.0000,A,,,20241231013144,
300,20241231,0.0000,0.0000,0.0000,0.0000,0.0000,0.0000,0.0000,0.0000,0.0000,0.0000,0.0000,0.0000,0.0000,0.0500,0.3750,0.1375,1.2500,0.7125,1.4375,1.9750,1.4375,1.7750,2.0250,2.2375,2.2000,2.2250,2.1875,2.2125,2.0875,1.9750,1.8250,1.6375,1.4000,1.1500,0.8500,0.5000,0.1125,0.0000,0.0000,0.0000,0.0000,0.0000,0.0000,0.0000,0.0000,0.0000,0.0000,0.0000,A,,,20250101011602,
300,20250101,0.0000,0.0000,0.0000,0.0000,0.0000,0.0000,0.0000,0.0000,0.0000,0.0000,0.0000,0.0000,0.0000,0.0000,0.0000,0.0000,0.0375,0.5250,1.2375,1.4500,1.4000,2.0500,2.0875,1.9375,2.0875,2.0625,2.1125,2.0375,1.9375,1.8875,1.7375,1.4625,1.0000,0.5375,0.0000,0.0625,0.0125,0.0000,0.0000,0.0000,0.0000,0.0000,0.0000,0.0000,0.0000,0.0000,0.0000,0.0000,A,,,20250102013317,
300,20250102,0.0000,0.0000,0.0000,0.0000,0.0000,0.0000,0.0000,0.0000,0.0000,0.0000,0.0000,0.0000,0.0375,0.0750,0.2125,0.2250,0.6500,1.3000,1.3250,1.1625,1.9500,1.3750,1.4250,1.8750,2.2250,2.2375,1.0250,0.8625,0.8625,0.7250,0.6500,0.4500,0.2000,1.0125,0.8125,0.5125,0.1250,0.0000,0.0000,0.0000,0.0000,0.0000,0.0000,0.0000,0.0000,0.0000,0.0000,0.0000,A,,,20250103012621,
300,20250103,0.0000,0.0000,0.0000,0.0000,0.0000,0.0000,0.0000,0.0000,0.0000,0.0000,0.0000,0.0000,0.0000,0.0000,0.0000,0.0000,0.0375,1.3250,1.6625,1.8125,2.1000,1.9500,1.8125,1.9500,1.4375,2.0750,2.2500,2.1125,2.0750,1.9625,1.8125,1.6000,1.3875,1.1125,0.8000,0.4500,0.0750,0.0000,0.0000,0.0000,0.0000,0.0000,0.0000,0.0000,0.0000,0.0000,0.0000,0.0000,A,,,20250104012807,
300,20250104,0.0000,0.0000,0.0000,0.0000,0.0000,0.0000,0.0000,0.0000,0.0000,0.0000,0.0000,0.0000,0.0000,0.0125,0.2375,0.6250,1.0000,1.1750,1.5500,1.8500,1.9375,2.0000,2.0000,1.6125,1.1750,1.3000,1.0750,1.4250,1.9000,1.9625,1.4375,0.8000,0.6375,0.6000,0.2000,0.0250,0.0000,0.0375,0.0000,0.0000,0.0000,0.0000,0.0000,0.0000,0.0000,0.0000,0.0000,0.0000,A,,,20250105014848,
300,20250105,0.0000,0.0000,0.0000,0.0000,0.0000,0.0000,0.0000,0.0000,0.0000,0.0000,0.0000,0.0000,0.0000,0.0500,0.1000,0.3750,0.4375,0.2250,0.4750,0.9750,1.4750,0.6375,1.0750,0.2750,0.0500,0.0125,0.0000,0.0000,0.0000,0.0000,0.0000,0.0000,0.0000,0.0000,0.0000,0.0000,0.0000,0.0000,0.0000,0.0000,0.0000,0.0000,0.0000,0.0000,0.0000,0.0000,0.0000,0.0000,A,,,20250106015444,
300,20250106,0.0000,0.0000,0.0000,0.0000,0.0000,0.0000,0.0000,0.0000,0.0000,0.0000,0.0000,0.0000,0.0000,0.0000,0.0000,0.0000,0.0000,0.0000,0.0000,0.0000,0.0125,0.0875,0.0000,0.3125,0.1125,0.3750,0.4125,0.4000,0.4250,0.1375,0.3750,0.4500,0.5375,0.3500,0.2375,0.2000,0.0125,0.0000,0.0000,0.0000,0.0000,0.0000,0.0000,0.0000,0.0000,0.0000,0.0000,0.0000,A,,,20250107014516,
300,20250107,0.0000,0.0000,0.0000,0.0000,0.0000,0.0000,0.0000,0.0000,0.0000,0.0000,0.0000,0.0000,0.0000,0.0000,0.2750,0.5375,0.7125,1.2250,1.0875,1.8750,1.7000,1.8000,2.1750,2.1750,1.9750,2.0500,2.0000,1.9625,1.9875,1.8250,1.6625,1.5250,1.3125,1.0625,0.8875,0.4875,0.1125,0.0000,0.0000,0.0000,0.0000,0.0000,0.0000,0.0000,0.0000,0.0000,0.0000,0.0000,A,,,20250108015048,
300,20250108,0.0000,0.0000,0.0000,0.0000,0.0000,0.0000,0.0000,0.0000,0.0000,0.0000,0.0000,0.0000,0.0000,0.0000,0.0000,0.0000,0.0000,0.0250,0.2625,0.5375,0.7375,0.8375,0.8875,0.9625,1.2250,2.1250,1.6375,1.1750,1.0750,0.9625,0.8875,0.7000,0.4500,0.2375,0.0000,0.0125,0.0000,0.0000,0.0000,0.0000,0.0000,0.0000,0.0000,0.0000,0.0000,0.0000,0.0000,0.0000,A,,,20250109012500,
300,20250109,0.0000,0.0000,0.0000,0.0000,0.0000,0.0000,0.0000,0.0000,0.0000,0.0000,0.0000,0.0000,0.0000,0.0000,0.0000,0.0625,0.0250,0.4500,0.7500,1.3000,1.6750,1.8250,1.0375,0.8750,1.0125,0.6000,0.2500,0.0000,0.2750,0.6875,0.1875,0.1000,0.2875,0.1500,0.3250,0.2000,0.0000,0.0000,0.0000,0.0000,0.0000,0.0000,0.0000,0.0000,0.0000,0.0000,0.0000,0.0000,A,,,20250110021004,
300,20250110,0.0000,0.0000,0.0000,0.0000,0.0000,0.0000,0.0000,0.0000,0.0000,0.0000,0.0000,0.0000,0.0000,0.0000,0.0000,0.3625,0.9250,0.7125,0.8375,1.8625,2.1500,2.1000,2.0375,1.6750,1.3500,2.0625,2.1250,1.8875,1.8500,1.3875,1.4750,1.5375,1.2625,0.7625,0.5625,0.5125,0.1375,0.0000,0.0000,0.0000,0.0000,0.0000,0.0000,0.0000,0.0000,0.0000,0.0000,0.0000,A,,,20250111014306,
300,20250111,0.0000,0.0000,0.0000,0.0000,0.0000,0.0000,0.0000,0.0000,0.0000,0.0000,0.0000,0.0000,0.0000,0.0000,0.1000,0.4375,0.8125,1.1500,1.4375,1.6875,1.8875,1.8500,1.3375,1.8375,0.9375,1.9250,0.9750,1.6750,1.9375,1.6500,1.6000,1.0500,0.1000,0.6625,0.4500,0.3875,0.0125,0.0000,0.0000,0.0000,0.0000,0.0000,0.0000,0.0000,0.0000,0.0000,0.0000,0.0000,A,,,20250112012227,
300,20250112,0.0000,0.0000,0.0000,0.0000,0.0000,0.0000,0.0000,0.0000,0.0000,0.0000,0.0000,0.0000,0.0000,0.0000,0.0000,0.0125,0.0000,0.0500,0.1000,0.2875,0.1625,0.0250,0.0000,0.0000,0.0000,0.0750,0.0000,0.0000,0.0000,0.0000,0.0000,0.0000,0.0000,0.0375,0.0000,0.0000,0.0000,0.0000,0.0000,0.0000,0.0000,0.0000,0.0000,0.0000,0.0000,0.0000,0.0000,0.0000,A,,,20250113015616,
300,20250113,0.0000,0.0000,0.0000,0.0000,0.0000,0.0000,0.0000,0.0000,0.0000,0.0000,0.0000,0.0000,0.0000,0.0000,0.0000,0.0500,0.0875,0.3500,0.9250,0.6750,1.3625,1.8250,1.7500,1.8750,1.9125,1.9375,1.6375,1.1875,1.6750,1.5625,1.6125,1.3750,1.1500,0.6500,0.6000,0.3250,0.0125,0.0000,0.0000,0.0000,0.0000,0.0000,0.0000,0.0000,0.0000,0.0000,0.0000,0.0000,A,,,20250114012905,
300,20250114,0.0000,0.0000,0.0000,0.0000,0.0000,0.0000,0.0000,0.0000,0.0000,0.0000,0.0000,0.0000,0.0000,0.0000,0.0000,0.0875,0.1375,0.8625,1.3250,1.5750,1.8000,1.8750,1.9625,1.7750,1.9500,1.2750,1.3000,0.4125,0.0625,0.0000,0.0000,0.0000,0.0000,0.1250,0.0375,0.0000,0.0000,0.0000,0.0000,0.0000,0.0000,0.0000,0.0000,0.0000,0.0000,0.0000,0.0000,0.0000,A,,,20250115015509,
300,20250115,0.0000,0.0000,0.0000,0.0000,0.0000,0.0000,0.0000,0.0000,0.0000,0.0000,0.0000,0.0000,0.0000,0.0000,0.0000,0.0500,0.0000,0.0125,0.1125,0.3500,0.5375,0.3500,0.2500,1.0500,0.7500,0.8125,1.0000,0.6125,0.0125,0.0000,0.0000,0.3125,0.0125,0.0000,0.0000,0.0000,0.0000,0.0000,0.0000,0.0000,0.0000,0.0000,0.0000,0.0000,0.0000,0.0000,0.0000,0.0000,A,,,20250116015011,
300,20250116,0.0000,0.0000,0.0000,0.0000,0.0000,0.0000,0.0000,0.0000,0.0000,0.0000,0.0000,0.0000,0.0000,0.1375,0.0500,0.0000,0.0500,0.9500,1.0000,0.2875,0.6125,1.2875,1.9625,1.2375,1.5000,0.8250,0.5625,1.8250,1.7125,1.7875,1.7250,1.1750,1.2000,1.0750,0.8375,0.4875,0.1000,0.0000,0.0000,0.0000,0.0000,0.0000,0.0000,0.0000,0.0000,0.0000,0.0000,0.0000,A,,,20250117014231,
300,20250117,0.0000,0.0000,0.0000,0.0000,0.0000,0.0000,0.0000,0.0000,0.0000,0.0000,0.0000,0.0000,0.0000,0.0375,0.0125,0.1750,0.2500,0.2375,0.3750,1.1625,1.4000,1.8750,1.7375,1.4500,1.8625,2.0625,2.0125,2.0375,2.0375,2.0375,1.8750,1.6625,1.4750,1.1875,0.8750,0.5000,0.1250,0.0000,0.0000,0.0000,0.0000,0.0000,0.0000,0.0000,0.0000,0.0000,0.0000,0.0000,A,,,20250118013843,
300,20250118,0.0000,0.0000,0.0000,0.0000,0.0000,0.0000,0.0000,0.0000,0.0000,0.0000,0.0000,0.0000,0.0000,0.0000,0.0000,0.1125,0.8625,1.2250,1.5250,1.8125,2.0125,2.0875,2.1375,2.1875,2.1750,2.1750,2.1000,2.1375,2.0750,1.9625,1.8250,1.6250,1.4000,1.1375,0.5375,0.5000,0.0500,0.0000,0.0000,0.0000,0.0000,0.0000,0.0000,0.0000,0.0000,0.0000,0.0000,0.0000,A,,,20250119014500,
300,20250119,0.0000,0.0000,0.0000,0.0000,0.0000,0.0000,0.0000,0.0000,0.0000,0.0000,0.0000,0.0000,0.0000,0.0000,0.0000,0.0000,0.0000,0.2625,1.4750,1.6000,1.4000,0.6375,0.5875,0.9875,2.0000,1.9875,1.9500,1.7250,1.3000,1.0750,1.4125,1.4500,0.8875,0.4000,0.3750,0.0375,0.0000,0.0000,0.0000,0.0000,0.0000,0.0000,0.0000,0.0000,0.0000,0.0000,0.0000,0.0000,A,,,20250120015121,
300,20250120,0.0000,0.0000,0.0000,0.0000,0.0000,0.0000,0.0000,0.0000,0.0000,0.0000,0.0000,0.0000,0.0000,0.0000,0.0000,0.0000,0.1250,0.0250,0.2000,0.8625,0.8500,0.3750,0.3500,0.6875,1.3500,1.0250,1.7000,1.5875,1.4875,0.9250,1.5500,1.2125,0.5625,0.2625,0.3000,0.0500,0.0000,0.0000,0.0000,0.0000,0.0000,0.0000,0.0000,0.0000,0.0000,0.0000,0.0000,0.0000,A,,,20250121012037,
300,20250121,0.0000,0.0000,0.0000,0.0000,0.0000,0.0000,0.0000,0.0000,0.0000,0.0000,0.0000,0.0000,0.0000,0.0000,0.0750,0.2750,0.5875,0.8750,1.1750,1.4625,1.5875,1.5625,1.7875,1.9250,1.9750,1.8000,1.8375,1.8000,0.8625,0.0000,0.0000,0.0000,0.0000,0.0000,0.0000,0.0000,0.0000,0.0000,0.0000,0.0000,0.0000,0.0000,0.0000,0.0000,0.0000,0.0000,0.0000,0.0000,V,,,20250122011917,
400,1,27,A,,
400,28,28,A,89,
400,29,48,A,,
300,20250122,0.0000,0.0000,0.0000,0.0000,0.0000,0.0000,0.0000,0.0000,0.0000,0.0000,0.0000,0.0000,0.0000,0.0000,0.2125,0.1375,0.0125,0.0500,0.1250,1.5125,1.3875,1.1125,1.7125,1.4375,1.0625,0.7250,1.6750,1.9500,1.1875,1.6375,1.7875,1.7625,1.5125,1.2375,0.9250,0.5625,0.1250,0.0000,0.0000,0.0000,0.0000,0.0000,0.0000,0.0000,0.0000,0.0000,0.0000,0.0000,A,,,20250123022115,
300,20250123,0.0000,0.0000,0.0000,0.0000,0.0000,0.0000,0.0000,0.0000,0.0000,0.0000,0.0000,0.0000,0.0000,0.0125,0.0000,0.1375,0.2375,0.3000,0.4750,0.7000,0.8000,0.9625,0.9750,0.6750,0.9250,0.8375,0.3125,0.0000,0.0000,0.0000,0.0000,0.0000,0.0750,0.1625,0.0500,0.0000,0.0000,0.0000,0.0000,0.0000,0.0000,0.0000,0.0000,0.0000,0.0000,0.0000,0.0000,0.0000,A,,,20250124012920,
300,20250124,0.0000,0.0000,0.0000,0.0000,0.0000,0.0000,0.0000,0.0000,0.0000,0.0000,0.0000,0.0000,0.0000,0.0125,0.0125,0.1000,0.3250,0.2125,0.4250,0.9375,2.0000,1.7000,1.6375,2.0875,2.2625,2.1750,2.1750,2.1875,2.1375,1.9750,1.8125,1.6125,1.3500,1.1125,0.8125,0.4875,0.0875,0.0000,0.0000,0.0000,0.0000,0.0000,0.0000,0.0000,0.0000,0.0000,0.0000,0.0000,A,,,20250125020326,
300,20250125,0.0000,0.0000,0.0000,0.0000,0.0000,0.0000,0.0000,0.0000,0.0000,0.0000,0.0000,0.0000,0.0000,0.0000,0.0000,0.0000,0.0000,0.0000,0.0125,0.2250,0.3500,1.6625,2.1250,2.1125,2.2125,1.6875,2.2000,2.1750,2.1125,1.9625,1.7750,1.6125,1.4000,1.0000,0.4625,0.2000,0.0000,0.0000,0.0000,0.0000,0.0000,0.0000,0.0000,0.0000,0.0000,0.0000,0.0000,0.0000,A,,,20250126023414,
300,20250126,0.0000,0.0000,0.0000,0.0000,0.0000,0.0000,0.0000,0.0000,0.0000,0.0000,0.0000,0.0000,0.0000,0.0000,0.0000,0.0000,0.0000,0.0000,0.0000,0.0000,0.0500,0.0625,0.0125,0.6500,0.5750,0.8625,0.9375,1.2625,1.6625,1.8000,1.5625,1.2750,1.0250,0.8750,0.4125,0.1125,0.0375,0.0000,0.0000,0.0000,0.0000,0.0000,0.0000,0.0000,0.0000,0.0000,0.0000,0.0000,A,,,20250127015741,
300,20250127,0.0000,0.0000,0.0000,0.0000,0.0000,0.0000,0.0000,0.0000,0.0000,0.0000,0.0000,0.0000,0.0000,0.0000,0.0000,0.0000,0.6750,0.0000,0.3875,0.3750,0.4500,1.1875,1.7125,1.8250,1.9500,2.0250,2.1000,1.5875,1.0125,1.3750,0.8250,1.0750,0.0750,0.0000,0.0250,0.0000,0.0000,0.0000,0.0000,0.0000,0.0000,0.0000,0.0000,0.0000,0.0000,0.0000,0.0000,0.0000,A,,,20250128015128,
300,20250128,0.0000,0.0000,0.0000,0.0000,0.0000,0.0000,0.0000,0.0000,0.0000,0.0000,0.0000,0.0000,0.0000,0.0000,0.0125,0.0750,0.0625,0.7000,0.3125,1.3250,1.5750,1.3625,1.7125,1.0500,1.9500,1.8500,1.8375,1.7500,2.0000,1.8750,1.7375,1.5250,1.2250,1.0000,0.0750,0.0000,0.0000,0.0000,0.0000,0.0000,0.0000,0.0000,0.0000,0.0000,0.0000,0.0000,0.0000,0.0000,A,,,20250129021431,
300,20250129,0.0000,0.0000,0.0000,0.0000,0.0000,0.0000,0.0000,0.0000,0.0000,0.0000,0.0000,0.0000,0.0000,0.0000,0.0000,0.0375,0.1625,0.3125,0.5125,0.6500,1.0500,1.5000,1.1625,2.0750,1.9000,1.8250,2.1125,2.1000,2.1125,1.9750,1.8125,1.5875,1.3750,1.0875,0.1250,0.0000,0.0000,0.0000,0.0000,0.0000,0.0000,0.0000,0.0000,0.0000,0.0000,0.0000,0.0000,0.0000,A,,,20250130013940,
300,20250130,0.0000,0.0000,0.0000,0.0000,0.0000,0.0000,0.0000,0.0000,0.0000,0.0000,0.0000,0.0000,0.0000,0.0000,0.0000,0.0375,0.1500,0.3625,0.4375,0.5000,0.7750,1.2625,0.9500,1.2250,1.7750,1.5625,1.8375,2.1250,2.0875,2.0375,1.8250,1.6625,1.4375,1.1750,0.8500,0.5000,0.1000,0.0000,0.0000,0.0000,0.0000,0.0000,0.0000,0.0000,0.0000,0.0000,0.0000,0.0000,A,,,20250131021148,
300,20250131,0.0000,0.0000,0.0000,0.0000,0.0000,0.0000,0.0000,0.0000,0.0000,0.0000,0.0000,0.0000,0.0000,0.0000,0.0000,0.0750,0.4375,0.6250,0.8375,1.6625,1.7500,1.8125,2.0125,2.0625,2.0875,2.0625,2.0750,2.0875,2.0250,1.9000,1.7250,1.5250,1.3000,1.0250,0.7125,0.3750,0.0250,0.0000,0.0000,0.0000,0.0000,0.0000,0.0000,0.0000,0.0000,0.0000,0.0000,0.0000,A,,,20250201131916,
300,20250201,0.0000,0.0000,0.0000,0.0000,0.0000,0.0000,0.0000,0.0000,0.0000,0.0000,0.0000,0.0000,0.0000,0.0000,0.0125,0.1500,0.2500,0.9250,1.3125,1.5750,1.7375,1.8500,1.9500,2.0500,2.0875,2.1125,2.1000,1.9000,0.0250,0.0000,0.0000,0.0000,0.0000,0.0000,0.0000,0.0000,0.0000,0.0000,0.0000,0.0000,0.0000,0.0000,0.0000,0.0000,0.0000,0.0000,0.0000,0.0000,A,,,20250202013129,
300,20250202,0.0000,0.0000,0.0000,0.0000,0.0000,0.0000,0.0000,0.0000,0.0000,0.0000,0.0000,0.0000,0.0000,0.0000,0.0000,0.0000,0.0000,0.0000,0.0625,0.0750,0.7125,1.3000,1.2125,1.5500,1.6750,1.3375,1.6125,1.9250,1.5250,1.6875,1.5125,1.3125,1.1125,0.8750,0.4250,0.0000,0.0000,0.0000,0.0000,0.0000,0.0000,0.0000,0.0000,0.0000,0.0000,0.0000,0.0000,0.0000,A,,,20250203011423,
300,20250203,0.0000,0.0000,0.0000,0.0000,0.0000,0.0000,0.0000,0.0000,0.0000,0.0000,0.0000,0.0000,0.0000,0.0000,0.0000,0.2625,0.2000,0.2625,0.2750,0.4750,0.4750,0.5250,1.1125,0.9500,0.2375,0.7750,1.5500,1.8375,1.1250,0.6250,0.6375,0.6500,0.9250,0.7000,0.6375,0.2000,0.0000,0.0000,0.0000,0.0000,0.0000,0.0000,0.0000,0.0000,0.0000,0.0000,0.0000,0.0000,A,,,20250204020939,
300,20250204,0.0000,0.0000,0.0000,0.0000,0.0000,0.0000,0.0000,0.0000,0.0000,0.0000,0.0000,0.0000,0.0000,0.0000,0.0000,0.1500,0.1250,0.2125,0.4000,0.9250,1.2125,1.7250,1.7750,1.8750,1.0750,1.6000,1.8000,0.6625,0.1875,0.5500,0.9250,0.7375,0.7000,0.2375,0.3625,0.0375,0.0000,0.0000,0.0000,0.0000,0.0000,0.0000,0.0000,0.0000,0.0000,0.0000,0.0000,0.0000,A,,,20250205010303,
300,20250205,0.0000,0.0000,0.0000,0.0000,0.0000,0.0000,0.0000,0.0000,0.0000,0.0000,0.0000,0.0000,0.0000,0.0000,0.0000,0.0500,0.2000,0.3875,0.8750,1.3625,1.7125,1.9125,2.0250,1.9750,2.1125,2.1250,2.1000,2.0625,1.9500,1.8000,1.6375,1.4375,1.2000,0.9250,0.5500,0.2625,0.0125,0.0000,0.0000,0.0000,0.0000,0.0000,0.0000,0.0000,0.0000,0.0000,0.0000,0.0000,A,,,20250206023939,
300,20250206,0.0000,0.0000,0.0000,0.0000,0.0000,0.0000,0.0000,0.0000,0.0000,0.0000,0.0000,0.0000,0.0000,0.0000,0.0125,0.2875,0.6250,0.9500,1.2375,1.4875,1.6375,1.7500,1.8500,1.9500,1.9625,1.4125,1.8625,1.8250,1.7500,1.6375,1.4375,1.2375,1.0250,0.7875,0.5250,0.2250,0.0000,0.0000,0.0000,0.0000,0.0000,0.0000,0.0000,0.0000,0.0000,0.0000,0.0000,0.0000,A,,,20250207011029,
300,20250207,0.0000,0.0000,0.0000,0.0000,0.0000,0.0000,0.0000,0.0000,0.0000,0.0000,0.0000,0.0000,0.0000,0.0000,0.0000,0.0000,0.0000,0.0125,0.0250,0.0750,0.1125,0.3250,0.3000,0.2000,0.5250,0.4625,0.1875,0.2750,0.6500,0.8875,0.7500,0.4250,0.1375,0.0000,0.0125,0.0000,0.0000,0.0000,0.0000,0.0000,0.0000,0.0000,0.0000,0.0000,0.0000,0.0000,0.0000,0.0000,A,,,20250208012042,
300,20250208,0.0000,0.0000,0.0000,0.0000,0.0000,0.0000,0.0000,0.0000,0.0000,0.0000,0.0000,0.0000,0.0000,0.0000,0.0000,0.0125,0.2125,0.6750,0.4375,0.3625,0.7875,1.0250,0.7250,0.0875,0.8625,0.9875,0.1750,0.0500,0.1750,0.0500,0.0000,0.0000,0.0000,0.0000,0.0000,0.0000,0.0000,0.0000,0.0000,0.0000,0.0000,0.0000,0.0000,0.0000,0.0000,0.0000,0.0000,0.0000,A,,,20250209011059,
300,20250209,0.0000,0.0000,0.0000,0.0000,0.0000,0.0000,0.0000,0.0000,0.0000,0.0000,0.0000,0.0000,0.0000,0.0000,0.0000,0.0000,0.0000,0.0000,0.0750,0.5250,1.1625,1.9875,1.9875,2.0875,2.1000,2.1625,2.1875,2.1500,2.0875,1.9625,1.7250,1.2250,0.3500,0.0000,0.0000,0.0000,0.0000,0.0000,0.0000,0.0000,0.0000,0.0000,0.0000,0.0000,0.0000,0.0000,0.0000,0.0000,A,,,20250210011307,
300,20250210,0.0000,0.0000,0.0000,0.0000,0.0000,0.0000,0.0000,0.0000,0.0000,0.0000,0.0000,0.0000,0.0000,0.0000,0.0000,0.0000,0.0000,0.0250,0.3625,0.7125,1.3750,1.9750,2.0500,2.0875,2.0250,2.0750,2.0500,1.8250,1.4000,1.9000,1.7125,1.4500,1.1875,1.0000,0.6875,0.3250,0.0250,0.0000,0.0000,0.0000,0.0000,0.0000,0.0000,0.0000,0.0000,0.0000,0.0000,0.0000,A,,,20250211010659,
300,20250211,0.0000,0.0000,0.0000,0.0000,0.0000,0.0000,0.0000,0.0000,0.0000,0.0000,0.0000,0.0000,0.0000,0.0000,0.0000,0.0000,0.2125,0.4250,0.4750,0.8500,1.5500,1.8250,1.8625,2.0000,2.0375,2.1000,2.0875,2.0000,1.9125,1.7750,1.6250,1.3875,1.1875,0.9375,0.6375,0.3250,0.0250,0.0000,0.0000,0.0000,0.0000,0.0000,0.0000,0.0000,0.0000,0.0000,0.0000,0.0000,A,,,20250212010116,
300,20250212,0.0000,0.0000,0.0000,0.0000,0.0000,0.0000,0.0000,0.0000,0.0000,0.0000,0.0000,0.0000,0.0000,0.0000,0.0000,0.0500,0.5875,0.9750,1.2125,1.1500,1.2125,1.0875,1.1500,1.2750,1.3250,1.4250,1.5375,1.5250,1.7375,1.6750,1.5000,1.3000,1.0875,0.8500,0.5375,0.2375,0.0000,0.0000,0.0000,0.0000,0.0000,0.0000,0.0000,0.0000,0.0000,0.0000,0.0000,0.0000,A,,,20250213012925,
300,20250213,0.0000,0.0000,0.0000,0.0000,0.0000,0.0000,0.0000,0.0000,0.0000,0.0000,0.0000,0.0000,0.0000,0.0000,0.0000,0.0000,0.1500,0.2625,0.3500,0.8500,0.6625,1.3375,1.5750,1.4250,1.8250,1.8000,1.7625,0.7625,0.2625,0.3375,0.2500,0.1750,0.0000,0.0000,0.0000,0.0000,0.0000,0.0000,0.0000,0.0000,0.0000,0.0000,0.0000,0.0000,0.0000,0.0000,0.0000,0.0000,A,,,20250214014525,
300,20250214,0.0000,0.0000,0.0000,0.0000,0.0000,0.0000,0.0000,0.0000,0.0000,0.0000,0.0000,0.0000,0.0000,0.0000,0.0000,0.0000,0.0000,0.0000,0.2875,0.2750,0.6875,1.3000,1.1125,1.1750,0.9375,0.8250,1.0000,0.5500,0.9875,0.9375,1.4375,0.6375,0.1625,0.1750,0.1375,0.1875,0.0375,0.0000,0.0000,0.0000,0.0000,0.0000,0.0000,0.0000,0.0000,0.0000,0.0000,0.0000,A,,,20250215023634,
300,20250215,0.0000,0.0000,0.0000,0.0000,0.0000,0.0000,0.0000,0.0000,0.0000,0.0000,0.0000,0.0000,0.0000,0.0000,0.0000,0.0000,0.0125,0.0125,0.0125,0.3750,1.2125,1.0250,1.0625,1.3875,0.0000,0.5625,0.3375,0.1625,0.4625,0.0375,0.5625,0.0250,0.2875,0.2625,0.0375,0.0000,0.0000,0.0000,0.0000,0.0000,0.0000,0.0000,0.0000,0.0000,0.0000,0.0000,0.0000,0.0000,A,,,20250216013812,
300,20250216,0.0000,0.0000,0.0000,0.0000,0.0000,0.0000,0.0000,0.0000,0.0000,0.0000,0.0000,0.0000,0.0000,0.0000,0.0000,0.0000,0.0000,0.0375,0.2750,0.6250,1.6875,1.9500,1.7500,1.6375,1.7625,1.1125,1.2500,1.8125,1.6500,1.2375,1.6875,1.3250,1.0125,0.5125,0.4750,0.1625,0.0125,0.0000,0.0000,0.0000,0.0000,0.0000,0.0000,0.0000,0.0000,0.0000,0.0000,0.0000,A,,,20250217014748,
300,20250217,0.0000,0.0000,0.0000,0.0000,0.0000,0.0000,0.0000,0.0000,0.0000,0.0000,0.0000,0.0000,0.0000,0.0000,0.0000,0.1125,0.6875,1.1500,1.3000,1.4625,1.8000,1.9750,2.0000,2.1125,1.8875,2.0875,1.9750,1.5875,1.9125,1.8250,1.6625,1.5000,1.0500,0.0000,0.0000,0.0000,0.0000,0.0000,0.0000,0.0000,0.0000,0.0000,0.0000,0.0000,0.0000,0.0000,0.0000,0.0000,A,,,20250218013408,
300,20250218,0.0000,0.0000,0.0000,0.0000,0.0000,0.0000,0.0000,0.0000,0.0000,0.0000,0.0000,0.0000,0.0000,0.0000,0.0125,0.2625,0.6375,0.9000,1.3250,1.4500,1.6625,1.1250,1.2375,1.3000,1.0125,0.6750,1.1000,1.4750,0.8125,0.0750,0.3375,0.3250,0.1250,0.2375,0.4750,0.0750,0.0000,0.0000,0.0000,0.0000,0.0000,0.0000,0.0000,0.0000,0.0000,0.0000,0.0000,0.0000,A,,,20250219012912,
300,20250219,0.0000,0.0000,0.0000,0.0000,0.0000,0.0000,0.0000,0.0000,0.0000,0.0000,0.0000,0.0000,0.0000,0.0000,0.0000,0.0000,0.0000,0.0375,0.0000,0.0000,0.0000,0.4250,0.3250,0.0000,0.3125,0.6125,0.3250,0.2750,0.6875,0.6375,0.3375,0.4250,0.2000,0.4250,0.1375,0.0375,0.0000,0.0000,0.0000,0.0000,0.0000,0.0000,0.0000,0.0000,0.0000,0.0000,0.0000,0.0000,A,,,20250220013719,
300,20250220,0.0000,0.0000,0.0000,0.0000,0.0000,0.0000,0.0000,0.0000,0.0000,0.0000,0.0000,0.0000,0.0000,0.0000,0.0000,0.0375,0.0000,0.0000,0.0000,0.0000,0.0000,0.0000,0.4500,0.7250,0.6250,0.7750,1.9375,2.0250,1.9125,1.7625,1.5875,1.4250,1.2000,0.9000,0.5500,0.1875,0.0000,0.0000,0.0000,0.0000,0.0000,0.0000,0.0000,0.0000,0.0000,0.0000,0.0000,0.0000,A,,,20250221014522,
300,20250221,0.0000,0.0000,0.0000,0.0000,0.0000,0.0000,0.0000,0.0000,0.0000,0.0000,0.0000,0.0000,0.0000,0.0000,0.0000,0.2250,0.4375,0.7625,1.1875,1.4250,1.6250,1.8125,1.9125,1.6250,2.0625,2.0000,1.9750,1.9125,1.8250,1.5750,1.2250,1.1875,0.8750,0.8875,0.4000,0.2750,0.0000,0.0000,0.0000,0.0000,0.0000,0.0000,0.0000,0.0000,0.0000,0.0000,0.0000,0.0000,A,,,20250222014601,
300,20250222,0.0000,0.0000,0.0000,0.0000,0.0000,0.0000,0.0000,0.0000,0.0000,0.0000,0.0000,0.0000,0.0000,0.0000,0.0000,0.0000,0.0000,0.0000,0.0375,0.1750,0.4375,0.3125,0.5375,0.7250,1.3250,1.8500,1.8500,1.7875,0.6375,0.1250,0.6000,0.2625,0.0375,0.0000,0.0000,0.0000,0.0000,0.0000,0.0000,0.0000,0.0000,0.0000,0.0000,0.0000,0.0000,0.0000,0.0000,0.0000,A,,,20250223021517,
300,20250223,0.0000,0.0000,0.0000,0.0000,0.0000,0.0000,0.0000,0.0000,0.0000,0.0000,0.0000,0.0000,0.0000,0.0000,0.0000,0.0000,0.0000,0.0000,0.0250,0.2500,0.5375,0.5000,0.0375,0.0125,0.6625,1.6000,1.9250,1.7250,1.4750,1.2125,0.9875,1.2750,1.0750,0.8000,0.4875,0.1625,0.0000,0.0000,0.0000,0.0000,0.0000,0.0000,0.0000,0.0000,0.0000,0.0000,0.0000,0.0000,A,,,20250224012917,
300,20250224,0.0000,0.0000,0.0000,0.0000,0.0000,0.0000,0.0000,0.0000,0.0000,0.0000,0.0000,0.0000,0.0000,0.0000,0.0000,0.0875,0.5750,0.6375,0.5000,0.7625,0.4250,0.6375,0.9375,0.6125,1.1125,1.6125,2.0375,1.9375,1.7625,1.7625,1.4375,1.0000,0.9750,0.8750,0.5500,0.1125,0.0000,0.0000,0.0000,0.0000,0.0000,0.0000,0.0000,0.0000,0.0000,0.0000,0.0000,0.0000,A,,,20250225010155,
300,20250225,0.0000,0.0000,0.0000,0.0000,0.0000,0.0000,0.0000,0.0000,0.0000,0.0000,0.0000,0.0000,0.0000,0.0000,0.0250,0.0375,0.2250,0.8000,0.9875,1.3000,1.6750,1.6375,1.8500,1.8625,2.0625,2.0625,1.9750,2.0000,1.8875,1.7375,1.5750,1.3750,1.1500,0.7125,0.5000,0.0875,0.0000,0.0000,0.0000,0.0000,0.0000,0.0000,0.0000,0.0000,0.0000,0.0000,0.0000,0.0000,A,,,20250226013956,
300,20250226,0.0000,0.0000,0.0000,0.0000,0.0000,0.0000,0.0000,0.0000,0.0000,0.0000,0.0000,0.0000,0.0000,0.0000,0.0000,0.0000,0.0000,0.0000,0.0250,0.2000,0.4000,0.5375,0.6000,0.8875,1.8125,1.9250,1.9250,1.8000,1.7625,1.5250,1.0750,0.4625,0.5500,0.2875,0.4250,0.1000,0.0375,0.0000,0.0000,0.0000,0.0000,0.0000,0.0000,0.0000,0.0000,0.0000,0.0000,0.0000,A,,,20250227012044,
300,20250227,0.0000,0.0000,0.0000,0.0000,0.0000,0.0000,0.0000,0.0000,0.0000,0.0000,0.0000,0.0000,0.0000,0.0000,0.0000,0.0000,0.0000,0.0000,0.0125,0.3250,0.8000,1.7625,1.9625,2.0250,1.9875,2.0000,1.9875,1.9250,1.8000,1.6500,1.4875,1.2375,1.0125,0.6750,0.0625,0.0000,0.0000,0.0000,0.0000,0.0000,0.0000,0.0000,0.0000,0.0000,0.0000,0.0000,0.0000,0.0000,A,,,20250228020711,
300,20250228,0.0000,0.0000,0.0000,0.0000,0.0000,0.0000,0.0000,0.0000,0.0000,0.0000,0.0000,0.0000,0.0000,0.0000,0.0000,0.1500,0.5750,0.9250,1.2250,1.4750,1.5250,1.4000,1.8875,1.6750,1.7500,1.5125,1.5250,1.2125,0.5625,0.0000,0.9125,1.3125,0.9500,0.7750,0.4375,0.0750,0.0000,0.0000,0.0000,0.0000,0.0000,0.0000,0.0000,0.0000,0.0000,0.0000,0.0000,0.0000,A,,,20250301013631,
300,20250301,0.0000,0.0000,0.0000,0.0000,0.0000,0.0000,0.0000,0.0000,0.0000,0.0000,0.0000,0.0000,0.0000,0.0000,0.0000,0.1125,0.4500,0.4875,1.0250,1.2250,1.2750,1.1875,1.7000,1.9875,1.9875,1.9375,1.8500,1.8000,1.6625,1.4500,1.3500,1.2500,1.0375,0.7625,0.4250,0.0625,0.0000,0.0000,0.0000,0.0000,0.0000,0.0000,0.0000,0.0000,0.0000,0.0000,0.0000,0.0000,A,,,20250302013927,
300,20250302,0.0000,0.0000,0.0000,0.0000,0.0000,0.0000,0.0000,0.0000,0.0000,0.0000,0.0000,0.0000,0.0000,0.0000,0.0250,0.0375,0.3625,0.2250,0.1375,0.2875,0.3625,0.4125,0.5500,1.2000,1.1750,0.7000,0.9750,1.5625,0.9375,0.7125,0.7875,1.0500,1.0000,0.6750,0.3125,0.0125,0.0000,0.0000,0.0000,0.0000,0.0000,0.0000,0.0000,0.0000,0.0000,0.0000,0.0000,0.0000,A,,,20250303011459,
300,20250303,0.0000,0.0000,0.0000,0.0000,0.0000,0.0000,0.0000,0.0000,0.0000,0.0000,0.0000,0.0000,0.0000,0.0000,0.0000,0.0000,0.0125,0.1125,0.4125,0.2500,1.0125,1.3625,1.6250,1.2875,1.6500,2.1125,2.0500,1.9125,1.7375,1.6500,1.6250,1.4125,1.1375,0.8000,0.4500,0.0875,0.0000,0.0000,0.0000,0.0000,0.0000,0.0000,0.0000,0.0000,0.0000,0.0000,0.0000,0.0000,A,,,20250304023012,
300,20250304,0.0000,0.0000,0.0000,0.0000,0.0000,0.0000,0.0000,0.0000,0.0000,0.0000,0.0000,0.0000,0.0000,0.0000,0.0000,0.1500,0.5875,0.9375,1.1875,1.4000,1.6250,1.7500,1.8875,1.9000,2.0000,2.0125,1.9250,1.8375,1.7125,0.9500,1.3750,1.1625,0.9125,0.6500,0.3750,0.0750,0.0000,0.0000,0.0000,0.0000,0.0000,0.0000,0.0000,0.0000,0.0000,0.0000,0.0000,0.0000,A,,,20250305013159,
300,20250305,0.0000,0.0000,0.0000,0.0000,0.0000,0.0000,0.0000,0.0000,0.0000,0.0000,0.0000,0.0000,0.0000,0.0000,0.0000,0.0000,0.0000,0.0000,0.0000,0.0125,0.0500,0.1500,0.3500,0.4000,0.5000,0.5250,0.1875,0.0000,0.0000,0.4375,1.3250,1.1125,0.2875,0.0000,0.0000,0.0000,0.0000,0.0000,0.0000,0.0000,0.0000,0.0000,0.0000,0.0000,0.0000,0.0000,0.0000,0.0000,A,,,20250306013622,
300,20250306,0.0000,0.0000,0.0000,0.0000,0.0000,0.0000,0.0000,0.0000,0.0000,0.0000,0.0000,0.0000,0.0000,0.0000,0.0000,0.0000,0.0000,0.0000,0.0000,0.0000,0.0000,0.0000,0.0000,0.0000,0.0125,0.7125,0.5500,1.3875,1.3375,1.4875,0.9000,0.5500,0.5625,0.2750,0.0500,0.0000,0.0000,0.0000,0.0000,0.0000,0.0000,0.0000,0.0000,0.0000,0.0000,0.0000,0.0000,0.0000,A,,,20250307011625,
300,20250307,0.0000,0.0000,0.0000,0.0000,0.0000,0.0000,0.0000,0.0000,0.0000,0.0000,0.0000,0.0000,0.0000,0.0000,0.0000,0.0000,0.1625,0.8125,1.0875,1.3125,1.5250,1.6875,1.8000,1.8500,1.8375,1.8750,1.8250,1.7500,0.4500,0.0000,0.0000,0.7625,0.8625,0.6125,0.2000,0.0000,0.0000,0.0000,0.0000,0.0000,0.0000,0.0000,0.0000,0.0000,0.0000,0.0000,0.0000,0.0000,A,,,20250308014117,
300,20250308,0.0000,0.0000,0.0000,0.0000,0.0000,0.0000,0.0000,0.0000,0.0000,0.0000,0.0000,0.0000,0.0000,0.0000,0.0000,0.0000,0.0000,0.0000,0.0125,0.1750,0.4000,0.5375,1.4625,1.7625,1.7875,1.7250,1.7000,1.6750,1.3875,0.2000,1.0500,1.0500,0.7875,0.4875,0.1750,0.0000,0.0000,0.0000,0.0000,0.0000,0.0000,0.0000,0.0000,0.0000,0.0000,0.0000,0.0000,0.0000,A,,,20250309012157,
300,20250309,0.0000,0.0000,0.0000,0.0000,0.0000,0.0000,0.0000,0.0000,0.0000,0.0000,0.0000,0.0000,0.0000,0.0000,0.0000,0.1625,0.3750,0.8625,1.1375,1.3000,1.2750,0.2625,0.1500,1.6125,0.7750,1.1500,1.1000,0.0000,0.7875,0.2250,0.0000,0.0000,0.0000,0.0000,0.0000,0.0000,0.0000,0.0000,0.0000,0.0000,0.0000,0.0000,0.0000,0.0000,0.0000,0.0000,0.0000,0.0000,A,,,20250310015034,
300,20250310,0.0000,0.0000,0.0000,0.0000,0.0000,0.0000,0.0000,0.0000,0.0000,0.0000,0.0000,0.0000,0.0000,0.0000,0.0000,0.0000,0.0000,0.0000,0.0000,0.0750,0.2625,0.6250,1.5625,1.6375,1.6750,1.5125,1.6000,0.5250,0.1750,0.0625,0.0000,0.0000,0.0000,0.0000,0.0000,0.0000,0.0000,0.0000,0.0000,0.0000,0.0000,0.0000,0.0000,0.0000,0.0000,0.0000,0.0000,0.0000,A,,,20250311014817,
300,20250311,0.0000,0.0000,0.0000,0.0000,0.0000,0.0000,0.0000,0.0000,0.0000,0.0000,0.0000,0.0000,0.0000,0.0000,0.0000,0.1000,0.3875,0.7000,1.1625,0.9125,1.3875,0.9750,1.3625,1.7500,1.7875,1.7375,1.4875,0.9375,1.2625,1.4000,1.3125,1.0500,0.6875,0.4875,0.1875,0.0000,0.0000,0.0000,0.0000,0.0000,0.0000,0.0000,0.0000,0.0000,0.0000,0.0000,0.0000,0.0000,A,,,20250312014246,
300,20250312,0.0000,0.0000,0.0000,0.0000,0.0000,0.0000,0.0000,0.0000,0.0000,0.0000,0.0000,0.0000,0.0000,0.0000,0.0000,0.0000,0.0000,0.0125,0.0500,0.0750,0.0000,0.0125,0.0625,0.1000,0.1375,0.0500,0.0625,0.0250,0.0000,0.0000,0.0000,0.0000,0.0000,0.0000,0.0000,0.0000,0.0000,0.0000,0.0000,0.0000,0.0000,0.0000,0.0000,0.0000,0.0000,0.0000,0.0000,0.0000,A,,,20250313013841,
300,20250313,0.0000,0.0000,0.0000,0.0000,0.0000,0.0000,0.0000,0.0000,0.0000,0.0000,0.0000,0.0000,0.0000,0.0000,0.0000,0.0000,0.0000,0.0500,0.0750,0.0375,0.2000,0.3250,0.5625,0.9625,0.9375,1.4500,1.2625,1.5500,1.1250,0.6375,0.5250,0.2250,0.1750,0.4500,0.1000,0.0000,0.0000,0.0000,0.0000,0.0000,0.0000,0.0000,0.0000,0.0000,0.0000,0.0000,0.0000,0.0000,V,,,20250314021441,
400,1,3,A,,
400,4,4,A,89,
400,5,48,A,,
300,20250314,0.0000,0.0000,0.0000,0.0000,0.0000,0.0000,0.0000,0.0000,0.0000,0.0000,0.0000,0.0000,0.0000,0.0000,0.0000,0.0875,0.4250,0.8000,0.6250,1.2625,1.3625,1.5250,1.6625,1.4625,1.5875,1.7000,1.5000,1.5625,1.4625,1.2375,1.0625,0.8125,0.7625,0.3375,0.1000,0.0000,0.0000,0.0000,0.0000,0.0000,0.0000,0.0000,0.0000,0.0000,0.0000,0.0000,0.0000,0.0000,A,,,20250315014658,
300,20250315,0.0000,0.0000,0.0000,0.0000,0.0000,0.0000,0.0000,0.0000,0.0000,0.0000,0.0000,0.0000,0.0000,0.0000,0.0125,0.0625,0.1750,0.4125,0.4375,1.0000,0.6750,1.2750,1.2375,1.2125,0.6250,1.3875,0.5500,0.2375,1.0000,0.3625,0.2125,0.0250,0.0000,0.0000,0.0000,0.0000,0.0000,0.0000,0.0000,0.0000,0.0000,0.0000,0.0000,0.0000,0.0000,0.0000,0.0000,0.0000,A,,,20250316012919,
300,20250316,0.0000,0.0000,0.0000,0.0000,0.0000,0.0000,0.0000,0.0000,0.0000,0.0000,0.0000,0.0000,0.0000,0.0000,0.0000,0.0000,0.0000,0.0000,0.0000,0.0000,0.0000,0.0000,0.0000,0.0000,0.0000,0.0000,0.0000,0.0000,0.0000,0.0000,0.0000,0.6625,0.2500,0.2875,0.1625,0.0000,0.0000,0.0000,0.0000,0.0000,0.0000,0.0000,0.0000,0.0000,0.0000,0.0000,0.0000,0.0000,A,,,20250317014534,
300,20250317,0.0000,0.0000,0.0000,0.0000,0.0000,0.0000,0.0000,0.0000,0.0000,0.0000,0.0000,0.0000,0.0000,0.0000,0.0000,0.0125,0.3125,0.0500,0.5250,0.4000,0.5875,0.8375,0.3000,1.4750,1.7625,1.2625,1.3750,1.7375,0.9875,0.8875,0.6500,0.3875,0.0875,0.0125,0.0000,0.0000,0.0000,0.0000,0.0000,0.0000,0.0000,0.0000,0.0000,0.0000,0.0000,0.0000,0.0000,0.0000,A,,,20250318012905,
300,20250318,0.0000,0.0000,0.0000,0.0000,0.0000,0.0000,0.0000,0.0000,0.0000,0.0000,0.0000,0.0000,0.0000,0.0000,0.0125,0.2625,0.4875,0.5000,0.7000,1.0125,1.3250,1.6500,1.7250,1.8125,1.7250,1.7125,1.7000,1.7125,1.6000,1.4000,1.2000,0.9250,0.7375,0.4125,0.0625,0.0000,0.0000,0.0000,0.0000,0.0000,0.0000,0.0000,0.0000,0.0000,0.0000,0.0000,0.0000,0.0000,A,,,20250319013207,
300,20250319,0.0000,0.0000,0.0000,0.0000,0.0000,0.0000,0.0000,0.0000,0.0000,0.0000,0.0000,0.0000,0.0000,0.0000,0.0000,0.0000,0.0000,0.0000,0.0000,0.0000,0.0000,0.0000,0.0625,0.4875,0.2750,0.0375,0.7000,0.7500,0.6250,1.2875,1.0125,0.4000,0.0000,0.0000,0.0000,0.0000,0.0000,0.0000,0.0000,0.0000,0.0000,0.0000,0.0000,0.0000,0.0000,0.0000,0.0000,0.0000,A,,,20250320013131,
300,20250320,0.0000,0.0000,0.0000,0.0000,0.0000,0.0000,0.0000,0.0000,0.0000,0.0000,0.0000,0.0000,0.0000,0.0000,0.0000,0.0000,0.0000,0.0000,0.0000,0.0625,0.1625,0.2250,0.1625,0.0500,0.0125,0.2250,0.0000,0.0000,0.0000,0.0875,0.0000,0.0000,0.0000,0.0000,0.0000,0.0000,0.0000,0.0000,0.0000,0.0000,0.0000,0.0000,0.0000,0.0000,0.0000,0.0000,0.0000,0.0000,A,,,20250321013254,
300,20250321,0.0000,0.0000,0.0000,0.0000,0.0000,0.0000,0.0000,0.0000,0.0000,0.0000,0.0000,0.0000,0.0000,0.0000,0.0000,0.0000,0.0000,0.0125,0.0250,0.0250,0.0375,0.0625,0.0000,0.6000,0.7000,0.7250,0.0000,0.1625,0.0250,0.0375,0.0000,0.1875,0.0250,0.0000,0.0000,0.0000,0.0000,0.0000,0.0000,0.0000,0.0000,0.0000,0.0000,0.0000,0.0000,0.0000,0.0000,0.0000,A,,,20250322010413,
300,20250322,0.0000,0.0000,0.0000,0.0000,0.0000,0.0000,0.0000,0.0000,0.0000,0.0000,0.0000,0.0000,0.0000,0.0000,0.0000,0.0000,0.2000,0.7750,1.0750,1.3000,1.5000,1.6125,1.7500,1.8250,1.8375,1.8500,1.8250,1.7250,1.5625,1.3625,1.1125,0.9125,0.7000,0.3125,0.0375,0.0000,0.0000,0.0000,0.0000,0.0000,0.0000,0.0000,0.0000,0.0000,0.0000,0.0000,0.0000,0.0000,A,,,20250323005943,
300,20250323,0.0000,0.0000,0.0000,0.0000,0.0000,0.0000,0.0000,0.0000,0.0000,0.0000,0.0000,0.0000,0.0000,0.0000,0.0000,0.0750,0.4250,0.7000,1.0000,1.2250,1.0625,1.4625,1.1375,1.5500,1.3375,1.6750,1.7000,1.5000,1.3875,0.9250,0.8750,0.6000,0.4750,0.2375,0.0000,0.0000,0.0000,0.0000,0.0000,0.0000,0.0000,0.0000,0.0000,0.0000,0.0000,0.0000,0.0000,0.0000,A,,,20250324020157,
300,20250324,0.0000,0.0000,0.0000,0.0000,0.0000,0.0000,0.0000,0.0000,0.0000,0.0000,0.0000,0.0000,0.0000,0.0000,0.0000,0.0000,0.0250,0.0625,0.1375,0.1500,0.2500,0.3250,0.3875,0.5250,0.6750,0.7875,1.1000,1.5500,1.4125,1.2375,0.9750,0.7250,0.5875,0.1375,0.0125,0.0000,0.0000,0.0000,0.0000,0.0000,0.0000,0.0000,0.0000,0.0000,0.0000,0.0000,0.0000,0.0000,A,,,20250325012755,
300,20250325,0.0000,0.0000,0.0000,0.0000,0.0000,0.0000,0.0000,0.0000,0.0000,0.0000,0.0000,0.0000,0.0000,0.0000,0.0000,0.0000,0.0000,0.0000,0.0875,0.0250,0.0125,0.7625,1.6000,1.5750,1.7125,1.6250,1.3000,1.5625,1.3750,1.2000,0.9750,0.8000,0.5375,0.2000,0.0000,0.0000,0.0000,0.0000,0.0000,0.0000,0.0000,0.0000,0.0000,0.0000,0.0000,0.0000,0.0000,0.0000,A,,,20250326013506,
300,20250326,0.0000,0.0000,0.0000,0.0000,0.0000,0.0000,0.0000,0.0000,0.0000,0.0000,0.0000,0.0000,0.0000,0.0000,0.0000,0.0000,0.0000,0.0000,0.0000,0.0000,0.0000,0.0000,0.0000,0.0250,0.0000,0.0125,0.0000,0.0000,0.0000,0.0000,0.0000,0.0000,0.0000,0.0000,0.0000,0.0000,0.0000,0.0000,0.0000,0.0000,0.0000,0.0000,0.0000,0.0000,0.0000,0.0000,0.0000,0.0000,A,,,20250327012739,
300,20250327,0.0000,0.0000,0.0000,0.0000,0.0000,0.0000,0.0000,0.0000,0.0000,0.0000,0.0000,0.0000,0.0000,0.0000,0.0000,0.0000,0.4000,0.4500,0.8500,1.1125,1.3750,1.4375,1.6500,1.5375,1.6500,1.6750,1.6250,1.5000,1.3000,1.1125,0.9250,0.7250,0.4375,0.1000,0.0000,0.0000,0.0000,0.0000,0.0000,0.0000,0.0000,0.0000,0.0000,0.0000,0.0000,0.0000,0.0000,0.0000,A,,,20250328022051,
300,20250328,0.0000,0.0000,0.0000,0.0000,0.0000,0.0000,0.0000,0.0000,0.0000,0.0000,0.0000,0.0000,0.0000,0.0000,0.0000,0.0125,0.2250,0.0875,0.0000,0.0375,0.0500,0.1750,0.0125,0.0750,0.0250,0.0000,0.0000,0.0000,0.0375,0.6625,0.0000,0.0000,0.0000,0.0000,0.0000,0.0000,0.0000,0.0000,0.0000,0.0000,0.0000,0.0000,0.0000,0.0000,0.0000,0.0000,0.0000,0.0000,A,,,20250329013533,
300,20250329,0.0000,0.0000,0.0000,0.0000,0.0000,0.0000,0.0000,0.0000,0.0000,0.0000,0.0000,0.0000,0.0000,0.0000,0.0000,0.0000,0.0000,0.0000,0.0000,0.0000,0.0125,0.0625,0.0375,0.9250,0.5250,0.3500,0.0625,0.0125,0.2750,0.4750,0.0625,0.3875,0.1125,0.0375,0.0000,0.0000,0.0000,0.0000,0.0000,0.0000,0.0000,0.0000,0.0000,0.0000,0.0000,0.0000,0.0000,0.0000,A,,,20250330014428,
300,20250330,0.0000,0.0000,0.0000,0.0000,0.0000,0.0000,0.0000,0.0000,0.0000,0.0000,0.0000,0.0000,0.0000,0.0000,0.0000,0.0000,0.0000,0.3000,0.5625,0.8375,1.0625,1.3500,0.6000,0.8125,0.9000,1.1625,1.1500,0.6000,0.4500,0.4125,0.5125,0.4250,0.1500,0.0500,0.0000,0.0000,0.0000,0.0000,0.0000,0.0000,0.0000,0.0000,0.0000,0.0000,0.0000,0.0000,0.0000,0.0000,A,,,20250331013432,
300,20250331,0.0000,0.0000,0.0000,0.0000,0.0000,0.0000,0.0000,0.0000,0.0000,0.0000,0.0000,0.0000,0.0000,0.0000,0.0000,0.0000,0.1125,0.7625,0.3875,1.1500,1.3250,1.3375,1.6000,1.6500,1.4250,1.2375,1.4625,1.3500,0.7875,0.9750,0.9875,0.5500,0.3750,0.0750,0.0000,0.0000,0.0000,0.0000,0.0000,0.0000,0.0000,0.0000,0.0000,0.0000,0.0000,0.0000,0.0000,0.0000,A,,,20250401013607,
300,20250401,0.0000,0.0000,0.0000,0.0000,0.0000,0.0000,0.0000,0.0000,0.0000,0.0000,0.0000,0.0000,0.0000,0.0000,0.0000,0.0500,0.3250,0.3625,0.5875,0.8625,1.0875,1.5125,1.5625,1.6125,1.6375,1.6000,1.5875,1.4625,1.5250,0.5000,0.2500,0.0500,0.0250,0.0000,0.0000,0.0000,0.0000,0.0000,0.0000,0.0000,0.0000,0.0000,0.0000,0.0000,0.0000,0.0000,0.0000,0.0000,A,,,20250402020253,
300,20250402,0.0000,0.0000,0.0000,0.0000,0.0000,0.0000,0.0000,0.0000,0.0000,0.0000,0.0000,0.0000,0.0000,0.0000,0.0000,0.0000,0.0000,0.0000,0.0000,0.0250,0.1375,0.2625,0.2625,0.4125,0.4500,0.6750,1.3125,1.1375,0.9625,0.7750,0.6250,0.3500,0.0500,0.0000,0.0000,0.0000,0.0000,0.0000,0.0000,0.0000,0.0000,0.0000,0.0000,0.0000,0.0000,0.0000,0.0000,0.0000,A,,,20250403015241,
300,20250403,0.0000,0.0000,0.0000,0.0000,0.0000,0.0000,0.0000,0.0000,0.0000,0.0000,0.0000,0.0000,0.0000,0.0000,0.0000,0.0000,0.0000,0.0000,0.0000,0.0250,0.1250,0.2000,0.8750,1.0500,0.9875,0.5250,0.1000,0.6625,0.9750,0.2250,0.0000,0.0000,0.0375,0.0125,0.0000,0.0000,0.0000,0.0000,0.0000,0.0000,0.0000,0.0000,0.0000,0.0000,0.0000,0.0000,0.0000,0.0000,A,,,20250404013707,
300,20250404,0.0000,0.0000,0.0000,0.0000,0.0000,0.0000,0.0000,0.0000,0.0000,0.0000,0.0000,0.0000,0.0000,0.0000,0.0000,0.0000,0.0000,0.0000,0.0625,0.2625,0.6375,0.6625,0.2625,0.0625,0.0625,0.2375,0.1375,0.1250,0.4000,0.1000,0.1250,0.0375,0.1000,0.0500,0.0000,0.0000,0.0000,0.0000,0.0000,0.0000,0.0000,0.0000,0.0000,0.0000,0.0000,0.0000,0.0000,0.0000,A,,,20250405015108,
300,20250405,0.0000,0.0000,0.0000,0.0000,0.0000,0.0000,0.0000,0.0000,0.0000,0.0000,0.0000,0.0000,0.0000,0.0000,0.0000,0.0000,0.0000,0.0000,0.0000,0.0250,0.9125,1.2500,1.2625,1.3250,1.3125,1.2750,1.2250,1.1375,1.0000,0.8750,0.5750,0.3625,0.0750,0.0000,0.0000,0.0000,0.0000,0.0000,0.0000,0.0000,0.0000,0.0000,0.0000,0.0000,0.0000,0.0000,0.0000,0.0000,A,,,20250406020443,
300,20250406,0.0000,0.0000,0.0000,0.0000,0.0000,0.0000,0.0000,0.0000,0.0000,0.0000,0.0000,0.0000,0.0000,0.0000,0.0000,0.0000,0.0000,0.1125,0.3000,0.2375,0.9250,0.2125,0.2125,0.6500,0.7875,1.1000,0.9500,0.9250,0.5375,0.0875,0.5125,0.0125,0.0000,0.0250,0.0000,0.0000,0.0000,0.0000,0.0000,0.0000,0.0000,0.0000,0.0000,0.0000,0.0000,0.0000,0.0000,0.0000,A,,,20250407021430,
300,20250407,0.0000,0.0000,0.0000,0.0000,0.0000,0.0000,0.0000,0.0000,0.0000,0.0000,0.0000,0.0000,0.0000,0.0000,0.0000,0.0000,0.0000,0.0000,0.4875,0.4875,1.0000,0.9000,0.4375,0.5750,0.3125,0.4875,0.1625,0.7125,0.2500,0.0125,0.1875,0.0000,0.0000,0.0000,0.0000,0.0000,0.0000,0.0000,0.0000,0.0000,0.0000,0.0000,0.0000,0.0000,0.0000,0.0000,0.0000,0.0000,A,,,20250408014635,
300,20250408,0.0000,0.0000,0.0000,0.0000,0.0000,0.0000,0.0000,0.0000,0.0000,0.0000,0.0000,0.0000,0.0000,0.0000,0.0000,0.0250,0.1250,0.1125,0.2250,0.2375,0.2875,0.5500,0.5125,0.5750,0.7250,0.5250,0.3000,0.5500,0.7375,0.7125,0.6000,0.2750,0.1000,0.0000,0.0000,0.0000,0.0000,0.0000,0.0000,0.0000,0.0000,0.0000,0.0000,0.0000,0.0000,0.0000,0.0000,0.0000,A,,,20250409015612,
300,20250409,0.0000,0.0000,0.0000,0.0000,0.0000,0.0000,0.0000,0.0000,0.0000,0.0000,0.0000,0.0000,0.0000,0.0000,0.0000,0.0000,0.0000,0.5375,0.7500,0.8625,0.2625,0.1375,0.5625,1.1625,1.1125,1.1875,1.1625,1.0500,0.8375,0.6625,0.2000,0.1125,0.0125,0.0000,0.0000,0.0000,0.0000,0.0000,0.0000,0.0000,0.0000,0.0000,0.0000,0.0000,0.0000,0.0000,0.0000,0.0000,A,,,20250410020652,
300,20250410,0.0000,0.0000,0.0000,0.0000,0.0000,0.0000,0.0000,0.0000,0.0000,0.0000,0.0000,0.0000,0.0000,0.0000,0.0000,0.0000,0.0625,0.4875,0.7875,0.9875,1.1500,1.2625,1.3500,1.3625,1.3625,1.3125,1.2500,1.1375,0.9875,0.8125,0.6000,0.2750,0.1375,0.0375,0.0000,0.0000,0.0000,0.0000,0.0000,0.0000,0.0000,0.0000,0.0000,0.0000,0.0000,0.0000,0.0000,0.0000,A,,,20250411015344,
300,20250411,0.0000,0.0000,0.0000,0.0000,0.0000,0.0000,0.0000,0.0000,0.0000,0.0000,0.0000,0.0000,0.0000,0.0000,0.0000,0.0000,0.0000,0.4375,0.3625,0.3875,0.2000,0.5250,1.0250,0.9125,0.6875,1.4250,1.3000,1.1625,0.9125,0.8000,0.6125,0.2375,0.0750,0.0000,0.0000,0.0000,0.0000,0.0000,0.0000,0.0000,0.0000,0.0000,0.0000,0.0000,0.0000,0.0000,0.0000,0.0000,V,,,20250412024014,
400,1,26,A,,
400,27,27,A,89,
400,28,48,A,,
300,20250412,0.0000,0.0000,0.0000,0.0000,0.0000,0.0000,0.0000,0.0000,0.0000,0.0000,0.0000,0.0000,0.0000,0.0000,0.0000,0.0000,0.1625,0.1250,0.0000,0.0000,0.0375,0.1875,0.2625,0.3000,0.3125,0.1500,0.9625,1.0125,0.7500,0.3250,0.4750,0.2375,0.0875,0.0000,0.0000,0.0000,0.0000,0.0000,0.0000,0.0000,0.0000,0.0000,0.0000,0.0000,0.0000,0.0000,0.0000,0.0000,A,,,20250413014111,
300,20250413,0.0000,0.0000,0.0000,0.0000,0.0000,0.0000,0.0000,0.0000,0.0000,0.0000,0.0000,0.0000,0.0000,0.0000,0.0000,0.0000,0.0000,0.0000,0.0000,0.0000,0.0375,0.1250,0.0625,0.0625,0.5500,0.6875,0.5625,0.3750,0.3000,0.1750,0.2625,0.1125,0.0000,0.0000,0.0000,0.0000,0.0000,0.0000,0.0000,0.0000,0.0000,0.0000,0.0000,0.0000,0.0000,0.0000,0.0000,0.0000,A,,,20250414012022,
300,20250414,0.0000,0.0000,0.0000,0.0000,0.0000,0.0000,0.0000,0.0000,0.0000,0.0000,0.0000,0.0000,0.0000,0.0000,0.0000,0.0000,0.0000,0.1375,0.2375,0.2375,0.5125,0.4375,0.9750,0.9375,0.8500,0.6750,0.6625,0.6750,0.7625,0.7250,0.2750,0.2375,0.0750,0.0000,0.0000,0.0000,0.0000,0.0000,0.0000,0.0000,0.0000,0.0000,0.0000,0.0000,0.0000,0.0000,0.0000,0.0000,A,,,20250415015909,
300,20250415,0.0000,0.0000,0.0000,0.0000,0.0000,0.0000,0.0000,0.0000,0.0000,0.0000,0.0000,0.0000,0.0000,0.0000,0.0000,0.0000,0.0000,0.0875,0.5500,0.9375,0.9125,1.0125,1.1500,1.3250,1.3000,1.2625,1.1250,1.0375,0.9000,0.7125,0.4625,0.2625,0.0875,0.0000,0.0000,0.0000,0.0000,0.0000,0.0000,0.0000,0.0000,0.0000,0.0000,0.0000,0.0000,0.0000,0.0000,0.0000,A,,,20250416020432,
300,20250416,0.0000,0.0000,0.0000,0.0000,0.0000,0.0000,0.0000,0.0000,0.0000,0.0000,0.0000,0.0000,0.0000,0.0000,0.0000,0.0000,0.0125,0.0625,0.1125,0.2500,0.7125,0.8625,0.7750,1.4500,1.1250,0.8750,1.0375,0.8250,0.6875,0.8750,0.5375,0.3375,0.0875,0.0000,0.0000,0.0000,0.0000,0.0000,0.0000,0.0000,0.0000,0.0000,0.0000,0.0000,0.0000,0.0000,0.0000,0.0000,A,,,20250417022008,
300,20250417,0.0000,0.0000,0.0000,0.0000,0.0000,0.0000,0.0000,0.0000,0.0000,0.0000,0.0000,0.0000,0.0000,0.0000,0.0000,0.0000,0.1125,0.3125,0.5625,0.7500,0.7625,0.4875,1.0000,1.0750,1.0750,0.9500,0.1750,0.0000,0.0000,0.0000,0.0000,0.0000,0.0000,0.0000,0.0000,0.0000,0.0000,0.0000,0.0000,0.0000,0.0000,0.0000,0.0000,0.0000,0.0000,0.0000,0.0000,0.0000,A,,,20250418013921,
300,20250418,0.0000,0.0000,0.0000,0.0000,0.0000,0.0000,0.0000,0.0000,0.0000,0.0000,0.0000,0.0000,0.0000,0.0000,0.0000,0.0000,0.0750,0.4000,0.2750,0.8125,0.9375,1.1750,1.2125,1.1125,0.9750,0.9125,1.1625,1.0125,0.8750,0.5250,0.2125,0.1250,0.0375,0.0000,0.0000,0.0000,0.0000,0.0000,0.0000,0.0000,0.0000,0.0000,0.0000,0.0000,0.0000,0.0000,0.0000,0.0000,A,,,20250419015912,
300,20250419,0.0000,0.0000,0.0000,0.0000,0.0000,0.0000,0.0000,0.0000,0.0000,0.0000,0.0000,0.0000,0.0000,0.0000,0.0000,0.0000,0.0000,0.0000,0.1000,0.3625,0.1375,0.9625,0.4625,0.8250,0.0250,0.2125,0.1625,0.4250,0.4875,0.4375,0.0375,0.0000,0.0000,0.0000,0.0000,0.0000,0.0000,0.0000,0.0000,0.0000,0.0000,0.0000,0.0000,0.0000,0.0000,0.0000,0.0000,0.0000,A,,,20250420020602,
300,20250420,0.0000,0.0000,0.0000,0.0000,0.0000,0.0000,0.0000,0.0000,0.0000,0.0000,0.0000,0.0000,0.0000,0.0000,0.0000,0.0000,0.0000,0.0000,0.0000,0.0250,0.1125,0.2375,0.5000,0.4000,0.4375,0.9250,0.5125,0.0125,0.1875,0.0500,0.0000,0.0000,0.0875,0.0000,0.0000,0.0000,0.0000,0.0000,0.0000,0.0000,0.0000,0.0000,0.0000,0.0000,0.0000,0.0000,0.0000,0.0000,A,,,20250421014150,
300,20250421,0.0000,0.0000,0.0000,0.0000,0.0000,0.0000,0.0000,0.0000,0.0000,0.0000,0.0000,0.0000,0.0000,0.0000,0.0000,0.0125,0.2375,0.4625,0.6375,0.8625,0.9750,0.8000,1.2250,1.0875,1.1375,0.6500,0.9375,1.1000,1.0250,0.5500,0.5000,0.3500,0.0875,0.0000,0.0000,0.0000,0.0000,0.0000,0.0000,0.0000,0.0000,0.0000,0.0000,0.0000,0.0000,0.0000,0.0000,0.0000,A,,,20250422015129,
300,20250422,0.0000,0.0000,0.0000,0.0000,0.0000,0.0000,0.0000,0.0000,0.0000,0.0000,0.0000,0.0000,0.0000,0.0000,0.0000,0.0000,0.0000,0.0000,0.0000,0.0000,0.0000,0.0000,0.0000,0.0000,0.0000,0.0125,0.0000,0.0000,0.0000,0.0000,0.0000,0.0000,0.0000,0.0000,0.0000,0.0000,0.0000,0.0000,0.0000,0.0000,0.0000,0.0000,0.0000,0.0000,0.0000,0.0000,0.0000,0.0000,A,,,20250423015227,
300,20250423,0.0000,0.0000,0.0000,0.0000,0.0000,0.0000,0.0000,0.0000,0.0000,0.0000,0.0000,0.0000,0.0000,0.0000,0.0000,0.0000,0.0000,0.2125,0.4625,0.7125,0.5500,0.5125,0.5750,0.8000,1.1750,1.0750,0.9500,0.1500,0.0000,0.3250,0.4375,0.2500,0.0625,0.0000,0.0000,0.0000,0.0000,0.0000,0.0000,0.0000,0.0000,0.0000,0.0000,0.0000,0.0000,0.0000,0.0000,0.0000,A,,,20250424020523,
300,20250424,0.0000,0.0000,0.0000,0.0000,0.0000,0.0000,0.0000,0.0000,0.0000,0.0000,0.0000,0.0000,0.0000,0.0000,0.0000,0.0000,0.0000,0.0000,0.0000,0.0000,0.0000,1.4500,2.3250,1.8375,1.8000,1.0625,2.2375,2.2625,1.5000,2.2625,1.6000,0.0000,0.0000,0.4000,2.2750,2.2500,2.2000,0.9625,0.0000,0.0000,0.0000,0.0000,0.0000,0.0000,0.0000,1.2625,1.8625,0.8625,V,,,20250425014532,
400,1,17,A,,
400,18,21,A,79,
400,22,48,A,,
300,20250425,0.7875,0.0375,0.0000,0.0000,0.0000,0.0000,0.0000,0.0000,0.0000,0.0000,0.0000,0.0000,0.0000,0.0000,0.2125,2.2500,2.1875,2.3000,2.0125,0.4125,0.0000,0.0000,0.0000,0.4375,2.2875,2.3000,1.2875,1.8125,1.6125,0.0000,0.0000,0.0000,0.0000,0.0000,0.0000,0.0000,0.0000,0.0000,0.0000,0.0000,0.0000,0.0000,0.0000,0.0000,0.0000,0.0000,0.0000,0.0000,A,,,20250426015043,
300,20250426,0.0000,0.0000,0.0000,0.0000,0.0000,0.0000,0.0000,1.6125,2.2125,2.2250,1.9250,0.0000,0.0000,0.0000,0.0000,1.9875,2.3000,2.3125,1.9125,0.0250,0.0000,0.0000,0.0000,0.0000,2.0375,2.3125,2.2875,2.2875,1.1375,0.0375,0.0000,0.1125,0.0000,0.0000,0.0000,0.0000,0.0000,0.0000,0.0000,0.0000,0.0000,0.0000,0.0000,0.0000,0.0000,0.0000,0.0000,0.0000,A,,,20250427020226,
300,20250427,0.0000,0.0000,0.0000,0.0000,0.0000,0.0000,0.0000,0.0000,0.0000,0.0000,0.0000,0.0000,0.0000,0.0000,0.0000,0.0500,2.2875,2.3000,2.2500,0.9750,0.0000,0.0000,0.0000,0.0000,0.0000,0.0000,0.5875,2.1625,2.1750,2.2375,2.2375,1.2125,0.0000,0.0000,0.0000,0.0000,0.0000,0.0000,0.0000,0.0000,0.0000,0.0000,0.0000,0.0000,0.0000,0.0000,0.0000,0.0000,A,,,20250428015219,
300,20250428,0.0000,0.0000,0.0000,0.0000,0.0000,0.0000,0.0000,0.0000,0.0000,0.0000,0.0000,0.0000,0.0000,0.0000,0.0000,1.1000,2.2625,1.7125,1.5500,0.4250,0.0000,0.0000,0.0000,0.8625,2.1875,2.1875,2.1875,2.1875,1.9250,0.2250,0.0125,0.0000,0.0000,0.0000,0.0000,0.0000,0.0000,0.0000,0.0000,0.0000,0.0000,0.0000,0.0000,0.0000,0.0000,0.0000,0.0000,0.0000,A,,,20250429015505,
300,20250429,0.0000,0.0000,0.0000,0.0000,0.0000,0.0000,0.0000,0.0000,0.0000,0.0000,0.0000,0.0000,0.0000,0.0000,0.0000,0.0000,0.0000,1.0250,2.2250,2.2500,2.2625,2.2500,1.0750,0.9250,1.0000,1.2875,0.6375,0.4250,0.2000,0.0875,0.0000,0.0375,0.0000,0.0000,0.0000,0.0000,0.0000,0.0000,0.0000,0.0000,0.0000,0.0000,0.0000,0.0000,0.0000,0.0000,0.0000,0.0000,A,,,20250430013003,
300,20250430,0.0000,0.0000,0.0000,0.0000,0.0000,0.0000,0.0000,0.0000,0.0000,0.0000,0.0000,0.0000,0.0000,0.0000,0.0000,0.0000,0.0000,2.1125,1.5500,2.1250,2.1750,2.2375,2.2250,1.7875,2.0000,2.1000,2.0125,1.9250,1.8625,1.6500,1.2875,0.9750,0.6250,0.0875,0.0000,0.0000,0.0000,0.0000,0.0000,0.0000,0.0000,0.0000,0.0000,0.0000,0.0000,0.0000,0.0000,0.0000,A,,,20250501015745,
300,20250501,0.0000,0.0000,0.0000,0.0000,0.0000,0.0000,0.0000,0.0000,0.0000,0.0000,0.0000,0.0000,0.0000,0.0000,0.0000,0.0000,0.0000,1.1000,1.7375,1.1500,1.1625,1.1750,1.1875,1.0250,0.0750,0.8125,1.3500,0.8625,1.5375,1.4875,1.1375,0.8250,0.4875,0.0250,0.0000,0.0000,0.0000,0.0000,0.0000,0.0000,0.0000,0.0000,0.0000,0.0000,0.0000,0.0000,0.0000,0.0000,A,,,20250502013932,
300,20250502,0.0000,0.0000,0.0000,0.0000,0.0000,0.0000,0.0000,0.0000,0.0000,0.0000,0.0000,0.0000,0.0000,0.0000,0.0000,0.0000,0.0000,2.2125,2.2375,2.2250,2.2375,2.2375,2.0375,1.6000,1.9250,2.0500,2.0125,1.8625,1.7375,1.5500,1.2250,0.9125,0.5500,0.0625,0.0000,0.0000,0.0000,0.0000,0.0000,0.0000,0.0000,0.0000,0.0000,0.0000,0.0000,0.0000,0.0000,0.0000,A,,,20250503021011,
300,20250503,0.0000,0.0000,0.0000,0.0000,0.0000,0.0000,0.0000,0.0000,0.0000,0.0000,0.0000,0.0000,0.0000,0.0000,0.0000,0.0000,0.0000,0.0000,0.2750,1.2875,1.1500,0.6000,1.1375,1.2500,1.1750,0.7250,1.6250,1.9375,1.6500,1.0375,0.8375,0.2750,0.0375,0.0250,0.0000,0.0000,0.0000,0.0000,0.0000,0.0000,0.0000,0.0000,0.0000,0.0000,0.0000,0.0000,0.0000,0.0000,A,,,20250504014239,
300,20250504,0.0000,0.0000,0.0000,0.0000,0.0000,0.0000,0.0000,1.4875,1.9250,2.0250,1.2625,0.0000,0.0000,0.0000,0.5250,2.2750,1.3250,1.3125,0.7750,0.0000,0.0000,0.0000,0.8750,1.1875,1.2625,1.2500,2.2375,2.2375,1.8250,2.2250,2.1375,2.1750,1.1000,0.0000,0.0000,0.0000,0.0000,0.0000,0.0000,0.0000,0.0000,0.0000,0.0000,0.0000,0.0000,0.0000,0.0000,0.0000,A,,,20250505014558,
300,20250505,0.0000,0.0000,0.0000,0.0000,1.9875,2.1875,2.2000,1.1250,0.0000,0.0000,0.0000,0.0000,0.0000,0.0000,0.0000,0.0000,0.0000,2.2625,2.2625,2.1750,2.1375,1.8375,0.7750,0.0375,1.3625,2.1500,2.1750,2.2000,1.9375,1.3375,1.1000,0.6625,0.0875,0.0625,0.0000,0.0000,0.0000,0.0000,0.0000,0.0000,0.0000,0.0000,0.0000,0.0000,0.0000,0.0000,0.0000,0.0000,A,,,20250506014150,
300,20250506,0.0000,0.0000,0.0000,0.0000,0.0000,0.0000,0.0000,0.0000,0.0000,0.0000,0.0000,0.0000,0.0000,0.0000,0.0000,0.0000,0.0000,0.9750,2.2625,2.2500,2.2375,2.1125,2.1500,1.4625,1.8000,1.9375,1.8500,1.4750,0.0250,0.0000,0.0125,0.0125,0.0000,0.0125,0.0000,0.0000,0.0000,0.0125,0.0000,0.0000,0.0000,0.0000,0.0125,0.0000,0.0125,0.0000,0.0000,0.0000,A,,,20250507015020,
300,20250507,0.0000,0.0000,0.0000,0.0000,0.0000,0.0000,0.0000,0.0000,0.0000,0.0000,0.0000,0.0000,0.0000,0.0000,0.0000,0.0000,0.0000,0.0000,0.0000,0.0125,0.0125,0.0125,0.0125,0.0125,0.0125,0.0250,0.0125,0.1500,0.0250,0.0125,0.0125,0.0125,0.0000,0.0000,0.0000,0.0000,0.0000,0.0000,0.0000,0.0000,0.0125,0.0000,0.0000,0.0125,0.0000,0.0000,0.0000,0.0000,A,,,20250508015156,
300,20250508,0.0000,0.0000,0.0000,0.0000,0.0000,0.0000,0.0000,0.0000,0.0000,0.0000,0.0000,0.0000,0.0000,0.0000,0.0000,0.0000,0.0000,0.0000,0.0125,0.0000,0.0125,0.0125,0.0500,1.4250,2.2625,1.4125,0.7250,1.9125,1.2875,1.1125,0.6500,0.3625,0.0125,0.0125,0.0000,0.0125,0.0000,0.0125,0.0000,0.0000,0.0000,0.0125,0.0125,0.0000,0.0000,0.0000,0.0000,0.0000,A,,,20250509014523,
300,20250509,0.0000,0.0000,0.0000,0.0000,0.0000,0.0000,0.0000,0.0000,0.0000,0.0000,0.0000,0.0000,0.0000,0.0000,0.0000,0.0000,0.0000,0.0000,0.0000,0.0375,0.0000,0.3375,0.0500,0.0500,0.2000,1.1250,3.0875,2.8875,2.5375,2.1875,1.6625,1.2125,0.6750,0.0625,0.0000,0.0000,0.0125,0.0000,0.0000,0.0000,0.0125,0.0000,0.0125,0.0000,0.0125,0.0000,0.0125,0.0000,A,,,20250510020549,
300,20250510,0.0000,0.0000,0.0000,0.0000,0.0000,0.0000,0.0000,0.0000,0.0000,0.0000,0.0000,0.0000,0.0000,0.0000,0.0000,0.0000,0.0000,0.0000,0.0000,0.0000,0.0125,0.0125,0.0250,0.0125,0.0125,0.0125,0.0000,0.5625,1.7500,2.1000,1.5625,1.1375,0.6125,0.0375,0.0125,0.0000,0.0125,0.0000,0.0125,0.0000,0.0000,0.0000,0.0125,0.0000,0.0125,0.0000,0.0125,0.0000,A,,,20250511013648,
300,20250511,0.0000,0.0000,0.0000,0.0000,0.0000,0.0000,0.0000,0.0000,0.0000,0.0000,0.0000,0.0000,0.0000,0.0000,0.0000,0.0000,0.0000,0.0000,0.0000,0.0000,0.0000,0.0125,0.1125,0.1125,0.1625,0.3625,1.8375,2.4500,2.2875,1.9750,1.3875,1.0125,0.4250,0.0250,0.0000,0.0125,0.0125,0.0000,0.0000,0.0000,0.0125,0.0000,0.0125,0.0000,0.0125,0.0000,0.0000,0.0000,A,,,20250512014447,
300,20250512,0.0000,0.0000,0.0000,0.0000,0.0000,0.0000,0.0000,0.0000,0.0000,0.0000,0.0000,0.0000,0.0000,0.0000,0.0000,0.0000,0.0000,0.0000,0.0000,0.0125,0.0000,0.0125,0.0000,0.0750,1.6500,3.0375,2.8500,2.6125,2.4625,2.1000,1.5500,1.1000,0.5500,0.0375,0.0000,0.0125,0.0000,0.0000,0.0000,0.0000,0.0125,0.0000,0.0000,0.0125,0.0000,0.0125,0.0000,0.0000,A,,,20250513013711,
300,20250513,0.0000,0.0000,0.0000,0.0000,0.0000,0.0000,0.0000,0.0000,0.0000,0.0000,0.0000,0.0000,0.0000,0.0000,0.0000,0.0000,0.0000,0.0000,0.0125,0.0000,0.0125,0.0250,0.0250,0.0125,0.0125,0.0125,0.0875,0.0000,1.8125,1.8875,1.4000,0.6750,0.3750,0.0000,0.0125,0.0000,0.0125,0.0000,0.0125,0.0000,0.0125,0.0000,0.0000,0.0125,0.0000,0.0000,0.0000,0.0000,A,,,20250514014954,
300,20250514,0.0000,0.0000,0.0000,0.0000,0.0000,0.0000,0.0000,0.0000,0.0000,0.0000,0.0000,0.0000,0.0000,0.0000,0.0000,0.0000,0.0000,0.0000,0.0125,0.0125,0.0125,0.0125,0.0000,0.0250,2.3875,2.8000,2.4500,2.5625,2.2625,1.3125,0.9375,0.7875,0.4375,0.0125,0.0000,0.0125,0.0000,0.0000,0.0125,0.0000,0.0000,0.0000,0.0125,0.0000,0.0125,0.0000,0.0000,0.0000,A,,,20250515012248,
300,20250515,0.0000,0.0000,0.0000,0.0000,0.0000,0.0000,0.0000,0.0000,0.0000,0.0000,0.0000,0.0000,0.0000,0.0000,0.0000,0.0000,0.0000,0.0000,0.0000,0.0125,0.0000,0.0125,0.0125,0.0375,0.0375,0.1375,0.0000,1.6125,0.7250,0.6125,1.2625,1.1000,0.0875,0.0000,0.0000,0.0000,0.0125,0.0000,0.0000,0.0000,0.0125,0.0000,0.0000,0.0000,0.0125,0.0125,0.0000,0.0000,V,,,20250516015636,
400,1,42,A,,
400,43,43,A,89,
400,44,48,A,,
200,6203808917,B1E1,E1,E1,,DZ114328,KWH,30,
300,20240823,1.3625,1.2250,1.1625,1.1750,0.1625,0.1375,0.1625,0.1625,0.1500,0.1500,0.1500,1.1500,1.1625,1.6750,1.7375,1.1875,1.3125,0.5375,0.2625,0.2625,0.1125,0.0000,0.0000,0.0375,0.0250,0.0000,0.0000,0.0000,0.0000,0.0000,0.0000,0.0125,0.0500,0.1500,0.1375,0.1500,0.1625,0.1375,0.1625,0.1375,0.1500,0.1625,0.1375,1.1625,1.1375,1.1500,1.1500,1.1625,A,,,20240824014455,
300,20240824,1.1750,1.1875,1.1750,1.1875,0.1500,0.1625,0.1500,0.1625,1.2125,1.8250,2.2750,2.2750,2.2750,2.2500,2.2500,2.1250,1.8125,1.5125,1.7625,1.2875,1.5250,1.1250,0.7750,0.6375,0.6750,0.6750,0.0000,0.1125,0.0000,0.0000,0.0000,0.0000,0.0125,0.0125,0.1375,0.1750,0.1875,0.1750,0.1875,0.1750,0.1875,0.1875,1.1250,1.1500,1.1375,1.1500,1.1125,1.1375,A,,,20240825011118,
300,20240825,1.1250,1.1500,1.1125,1.1500,0.1875,0.1875,0.1875,0.1750,0.1875,1.0000,1.3750,1.3625,1.3625,1.3750,1.3375,1.2875,2.0875,1.9250,1.8500,1.8375,1.6250,1.5000,1.1500,0.8000,0.7125,0.7750,0.0000,0.0000,0.0000,0.0000,0.0375,0.1625,0.1000,1.1500,1.3625,1.5750,1.6000,1.5750,0.5125,0.2250,0.2500,0.2250,1.1750,1.1750,2.0500,3.1000,2.4250,2.3625,A,,,20240826014747,
300,20240826,2.8125,2.3375,2.3250,2.2625,1.3250,1.3375,1.3250,1.3250,1.3125,1.3250,1.3125,2.3250,2.3125,2.3375,2.3000,2.1000,1.7000,0.0000,0.0000,0.3000,0.0000,0.2250,0.6000,0.2125,0.0000,0.0625,0.0000,0.0000,0.0000,0.1250,0.6000,0.5125,1.0000,0.2250,0.1500,0.2000,0.2125,0.2125,0.2250,0.9375,1.8750,1.5875,1.5125,2.5250,2.5500,2.4625,2.4625,2.4250,A,,,20240827014605,
300,20240827,2.3750,2.3625,2.3625,2.3500,1.3750,1.3500,1.3625,1.3375,1.3500,1.3375,1.3500,2.3375,2.3625,2.3250,2.2875,2.2125,2.1500,1.1875,1.4625,0.7125,0.4000,0.2750,0.3000,0.2125,0.0000,0.0000,0.0000,0.0250,0.0000,0.0375,0.0000,0.0250,0.1125,0.0750,0.2375,0.2875,0.3000,0.2875,0.3000,1.7000,0.6750,0.6125,0.6000,1.3625,1.2875,1.1125,0.2750,0.2500,A,,,20240828022129,
300,20240828,0.6625,1.1000,1.1000,1.1000,0.1625,0.1625,0.1625,0.1625,0.1625,0.1625,0.1625,1.1500,1.1500,1.1500,1.1250,0.9875,0.7875,0.0000,0.0875,0.0000,0.0000,0.0000,0.0000,0.0000,0.0000,0.0000,0.0000,0.0000,0.0000,0.0000,0.0000,0.0125,0.0375,0.0125,0.0625,0.1875,0.2250,0.2000,0.2125,0.2125,0.2125,0.2875,1.4500,2.4625,2.4375,2.4125,2.9250,3.0875,A,,,20240829014715,
300,20240829,3.0750,2.9125,2.4750,2.4750,1.9375,1.0875,1.0750,1.0750,1.0750,1.0500,1.0500,1.1750,1.1750,1.1500,1.1500,1.0500,0.9500,0.0000,0.1125,0.0000,0.2500,0.0750,0.2875,0.2375,0.0375,0.3125,0.4125,0.0000,0.0000,0.0000,0.0000,0.0000,0.0375,0.1500,1.1375,1.1625,1.1875,1.1750,1.1500,1.1750,1.1875,1.1750,1.1750,1.2875,1.7000,1.9000,1.8500,1.2625,A,,,20240830014536,
300,20240830,1.5500,2.4500,1.8750,1.3750,1.3500,1.3500,1.3500,1.3500,1.3500,1.3500,0.8125,1.1250,1.1625,1.1625,1.1000,0.8875,0.7750,0.0000,0.0000,0.0000,0.0000,0.0000,0.0000,0.0000,0.0000,0.0000,0.0000,0.0000,0.0000,0.0000,0.0375,0.0125,0.0375,0.1375,0.1000,0.1625,0.2250,0.1875,0.1875,0.2000,0.1750,0.1875,0.2125,1.1875,1.2000,1.2000,1.1750,1.1750,A,,,20240831011902,
300,20240831,1.2000,2.1500,2.4250,2.4625,1.5375,1.4750,1.4875,1.5125,1.4875,2.0750,2.3625,2.3625,2.3500,2.3750,2.2750,2.0625,1.8625,1.8625,1.3625,1.3000,1.8875,1.5875,1.6750,0.9125,0.3875,0.8000,0.0000,0.0000,0.0000,0.0000,0.0000,0.0000,0.0000,0.0375,0.1000,0.1875,0.1875,0.1875,0.2500,0.2375,0.2000,0.1875,1.1500,1.1500,1.1500,1.1750,1.1500,1.1625,A,,,20240901013746,
300,20240901,1.1750,1.1625,1.1750,1.2000,0.2125,0.1875,0.2000,0.2000,0.1875,0.2250,0.2000,0.1875,0.1750,0.2000,0.1500,0.0375,0.6375,0.2500,0.0875,0.0750,0.2000,0.0000,0.0250,0.0000,0.0750,0.1125,0.0000,0.0000,0.0000,0.0000,0.0000,0.0000,0.0000,1.1125,0.6375,0.2625,0.5875,1.4125,1.4125,1.0000,0.2000,0.2375,1.1375,1.1500,1.1500,1.1375,1.1625,1.1500,A,,,20240902020353,
300,20240902,1.2000,1.5750,1.6625,1.6000,1.5375,1.4000,1.4000,1.3875,1.4000,1.4000,1.3625,2.3375,2.3375,2.3250,2.2625,2.0000,1.7625,0.4500,0.4500,0.9625,0.8625,1.0375,0.5125,0.2500,0.4375,1.1750,1.1875,0.0000,0.0000,0.0125,0.0000,0.0000,0.1000,0.8750,0.1875,0.9375,1.2125,1.2750,1.2875,1.2750,1.2625,1.2625,1.2250,1.7250,2.7500,3.2000,2.4750,2.4250,A,,,20240903005833,
300,20240903,3.3000,3.1875,2.4000,2.3625,1.3375,1.3375,1.3250,1.3250,1.3375,1.3375,1.3250,2.3125,2.3250,1.8125,1.3000,1.7875,1.7000,1.6000,1.7375,2.6125,2.3125,1.1000,0.8250,0.1000,0.8250,1.0750,0.4000,0.0000,0.0000,0.0625,0.0000,0.0000,0.0000,0.0375,0.1750,0.2250,0.2250,0.2250,0.2875,0.8625,1.5750,1.3250,0.6125,1.5125,1.4000,1.8875,1.3000,1.7750,A,,,20240904014634,
300,20240904,1.7000,2.5000,2.4000,2.2625,1.3375,1.3500,1.3375,1.3500,1.3375,1.3375,1.3250,2.4250,2.3750,2.3375,2.2500,2.0000,1.7125,1.6750,1.8000,0.9875,1.1375,0.9750,0.9250,0.3125,0.3000,0.0875,0.4250,0.0625,0.5875,1.5875,1.5750,1.7875,2.0125,2.1500,2.2500,2.3250,2.3125,2.3500,2.6875,2.8125,2.5000,1.3625,1.2250,1.3375,0.9375,0.8875,0.6500,0.4250,A,,,20240905013429,
300,20240905,0.3000,0.2750,0.2750,0.2750,1.0750,1.1000,1.0750,1.0875,1.1000,1.0750,1.0750,1.1625,1.1625,1.2125,1.1625,1.0250,0.8125,0.3750,0.4000,0.0000,0.0875,0.0125,0.0000,1.0125,1.0875,1.0750,1.0625,1.0750,1.0875,1.1375,1.1250,1.1625,1.1875,1.2125,1.2250,1.2125,1.1875,1.2250,1.3125,1.5500,1.2750,0.4125,0.4000,1.7625,1.0875,1.6750,0.3500,0.3000,V,,,20240906015453,
400,1,36,A,,
400,37,37,A,89,
400,38,48,A,,
300,20240906,0.3000,0.2375,0.2125,0.2000,0.2000,0.1875,0.1875,0.1875,0.2000,0.1875,0.1875,1.1750,1.1875,1.1875,1.1875,1.1250,1.2000,0.1000,0.0000,0.0000,0.0000,0.0250,0.0000,0.0000,0.0000,0.1750,0.0500,0.3125,0.2375,0.1750,0.5000,0.5375,0.2250,0.2375,0.2500,0.2500,0.2000,0.2000,0.1875,0.1875,0.2000,0.2000,0.3125,2.1500,2.1375,2.1625,2.1625,1.8500,A,,,20240907015200,
300,20240907,1.3250,1.7000,2.5250,2.4875,2.2875,2.3125,2.3250,2.3125,2.3125,2.3125,1.4375,1.3000,2.0250,2.0125,1.9250,1.1875,0.4625,0.1875,0.0000,0.0000,0.0000,0.0750,0.0000,0.0000,0.0875,0.1250,0.0000,0.0125,0.3000,0.0000,0.1125,0.0000,0.0000,0.0750,0.2125,0.2875,0.2875,0.2875,0.2625,0.2625,0.9250,1.2250,1.6375,1.5250,1.8500,1.2000,1.2375,1.2750,A,,,20240908015230,
300,20240908,1.2750,1.2625,1.2750,1.2625,0.2500,0.9000,1.1000,0.2500,0.2500,2.1125,2.4000,2.2500,2.2500,2.2375,2.1500,1.8625,1.6375,1.9625,2.0875,2.2375,1.0000,0.4125,0.0875,0.0375,0.1375,0.6750,0.0125,0.0000,0.0000,0.0000,0.0750,0.1875,0.2375,1.2875,2.1875,1.9250,1.4625,1.4000,1.4000,1.3875,1.5375,1.4625,2.4000,1.6625,0.4125,0.3375,0.8125,0.8500,A,,,20240909023249,
300,20240909,0.3000,0.6000,0.9125,0.2625,1.7250,1.7750,2.6125,1.9875,1.7000,1.6875,1.6750,1.5250,1.3375,1.5500,1.0250,0.2375,0.0000,0.0000,0.0875,0.4875,0.0875,0.0000,0.0000,0.0000,0.0000,0.0125,0.0000,0.0375,0.0000,0.0000,0.3250,0.0125,0.0125,0.0875,0.1625,0.2125,0.3250,0.8125,0.7875,0.3625,0.4375,0.6500,0.5625,1.3875,1.7875,1.4125,1.3625,1.5375,A,,,20240910015255,
300,20240910,1.6375,1.2875,0.4625,0.3750,1.2500,1.2500,1.2250,1.1625,1.1500,1.1375,1.1375,1.7625,2.0750,2.0375,1.9375,1.7000,0.7875,0.2875,0.1375,0.4375,0.3000,0.0125,0.0250,0.0000,0.0375,0.0125,0.0000,0.0000,0.0000,0.0000,0.0125,0.0000,0.0500,0.0500,0.1375,0.2875,0.9750,2.0250,1.6500,1.7875,1.6000,2.3500,0.7000,1.3750,1.8625,1.5375,2.7125,3.2625,A,,,20240911015039,
300,20240911,2.8625,2.9625,1.4375,1.4250,1.4250,1.4125,1.4625,2.3875,2.0125,1.4125,1.4000,2.4125,2.4000,2.3750,2.2625,2.1250,2.0500,1.0000,0.8750,1.5625,1.3250,1.6750,1.7625,0.6250,0.1625,0.1875,0.3250,0.3250,0.3750,0.2125,0.0250,0.2250,0.0875,0.3250,1.1500,1.2875,1.2875,1.2375,1.2250,1.2125,1.2250,1.2125,1.2125,1.3000,2.2500,2.2375,1.4875,1.4875,A,,,20240912023243,
300,20240912,1.5375,2.4250,2.4375,2.4375,1.5375,1.6250,1.9750,2.1125,1.6250,1.1375,1.1250,1.2500,1.2250,1.2250,1.1125,1.0625,1.6250,0.3625,0.0375,0.1000,0.0000,0.0000,0.0125,0.0000,0.0500,0.0000,0.0000,0.0000,0.0000,0.0000,0.0750,0.2625,0.6000,0.9000,1.1500,1.4375,1.6500,1.2625,2.2875,2.5500,2.3125,1.3750,1.3125,1.3625,1.3625,1.3625,2.7000,2.6500,A,,,20240913022421,
300,20240913,0.7125,0.6875,1.1750,1.1375,0.2250,0.7375,0.3000,0.6875,0.2375,0.2250,0.2875,2.1375,2.1125,2.1000,2.0375,1.6750,0.7875,0.0000,0.0125,0.0000,0.0625,0.1250,0.0000,0.0000,0.0000,0.0000,0.0000,0.0000,0.0250,0.0000,0.0000,0.0000,0.0000,0.0375,0.0375,0.2250,0.2000,0.1875,0.2125,0.6625,0.3750,0.2625,0.2500,1.2375,1.2500,1.9500,2.2000,2.3375,A,,,20240914015637,
300,20240914,1.9625,1.5250,1.5375,1.5375,0.4500,0.7500,1.4375,2.3375,2.3625,2.3625,2.3250,2.3000,2.3000,2.2875,2.2125,2.1625,1.9500,1.8625,1.7125,1.6750,2.5125,2.2625,2.1750,0.4375,0.9625,0.1000,0.0000,0.0125,0.0375,0.0000,0.1250,1.7750,0.3625,0.0625,1.0625,1.6625,2.7000,2.6625,1.3000,1.3000,1.2750,1.2875,1.2625,1.2500,1.2625,1.2500,2.0000,2.1625,A,,,20240915013451,
300,20240915,2.5625,3.2750,2.8875,2.3500,1.3875,1.3750,1.3750,1.3750,1.3750,1.3750,1.5125,2.3250,2.2875,2.3000,2.5000,2.7625,1.6125,1.1375,0.9500,0.8625,0.5625,0.3875,1.5500,0.5625,0.2500,0.0875,0.0000,0.1375,0.1750,0.0000,0.0000,0.3375,0.0750,0.0500,0.1500,0.2750,0.2500,0.2250,0.2250,0.5875,0.8250,0.3000,1.4750,2.2125,1.9500,3.1125,3.3500,2.8125,A,,,20240916015728,
300,20240916,2.8000,2.8000,2.8000,2.7875,1.8500,2.3875,2.7375,2.7000,2.6875,2.7000,2.6625,2.6875,2.6625,2.6500,2.5000,2.1875,1.8500,0.2250,0.3875,0.0250,0.0000,0.0000,0.1750,0.0125,0.0000,0.0625,0.1375,0.0000,0.1875,0.0125,0.2000,0.0375,0.1375,0.0250,0.1250,0.2375,0.3000,0.3750,1.3000,1.8000,2.5250,2.5625,2.6750,2.4875,2.0625,1.3500,1.3000,1.6375,A,,,20240917012629,
300,20240917,1.8750,1.9750,2.6625,2.6250,1.7500,1.7375,1.7375,1.7500,1.7375,1.7375,1.7250,2.6750,2.6875,2.6750,2.6250,2.6250,2.6625,0.8375,0.0000,0.4375,0.0000,0.0000,0.0000,0.0000,0.0125,0.0000,0.0000,0.0000,0.0000,0.0000,0.0000,0.0000,0.0000,0.0000,0.0750,0.5125,0.6625,1.5250,1.6875,1.6750,1.6625,1.7000,1.6875,1.4375,1.2750,1.2750,1.9250,2.4250,A,,,20240918013816,
300,20240918,2.3750,2.3625,2.3750,2.3625,1.3625,1.3625,1.3625,1.3500,1.3500,1.3375,1.3250,2.3500,2.3125,2.2875,2.1625,1.3375,1.2625,0.0375,0.0000,0.0000,0.0000,0.0000,0.0000,0.0000,0.0000,0.0000,0.0000,0.0000,0.0000,0.0000,0.0000,0.0000,0.0000,0.0000,0.0000,0.0750,0.1875,0.1875,0.1875,0.9625,1.4500,1.3875,1.4250,2.4000,3.1375,2.4875,2.4375,2.2375,A,,,20240919013554,
300,20240919,1.4625,1.4625,2.1375,2.3000,1.3750,1.3500,1.3500,1.3500,1.3625,1.3500,1.3375,2.3375,2.3250,2.2750,2.1375,2.2875,2.3750,1.4500,0.4375,0.8000,1.0375,0.3250,0.2000,0.1500,0.3625,0.3875,0.1750,0.6375,0.3500,0.4125,0.4625,0.4250,0.9500,1.0375,2.1500,2.3375,2.3500,2.3750,2.3750,2.3750,2.1625,1.3125,2.3250,2.4250,2.4625,2.4000,2.3500,2.3500,A,,,20240920015330,
300,20240920,2.4375,3.5250,3.1000,2.6250,1.7250,1.7250,1.7125,1.4875,0.5500,0.5375,0.5500,1.4875,1.4875,1.4250,1.3000,1.7000,1.9750,0.7500,0.1625,0.3000,0.0625,0.3000,0.1625,0.0000,0.0000,0.0000,0.0000,0.0000,0.0750,0.7500,0.9750,0.8125,0.2375,0.2625,0.2000,0.3500,0.3250,0.3125,0.2875,0.2750,0.2750,0.2875,0.2750,1.2250,1.5250,2.1500,1.7000,1.2250,A,,,20240921011231,
300,20240921,1.2250,1.2125,1.2125,1.1750,0.6125,1.0875,1.0875,1.0750,1.0875,1.0875,1.0875,1.0750,1.0750,1.0375,0.9500,0.7625,0.6625,1.3125,1.3875,0.9125,0.2250,0.6125,0.0000,0.0000,0.0000,0.0000,0.0000,0.0000,0.0000,0.3750,0.0000,0.0750,0.2875,0.0375,0.1375,0.2000,1.2625,1.6000,1.5875,1.8125,1.2875,1.5250,2.4875,2.4500,2.6125,2.7750,1.8000,1.5125,A,,,20240922014341,
300,20240922,1.5375,1.9000,2.6125,2.4875,1.6125,1.4000,1.3875,1.4000,1.3875,1.3750,1.3750,1.3500,1.3125,0.1375,0.1750,0.5625,1.0750,0.3000,0.2750,0.2000,0.2000,0.0000,0.0000,0.0000,0.0000,0.0000,0.0000,0.0000,0.0000,0.0000,0.0000,0.0000,0.0000,0.0000,0.8125,0.4875,0.5875,1.9625,0.8250,0.6250,0.4875,0.8125,3.1125,2.7375,2.6250,3.5250,2.7000,2.6000,V,,,20240923013637,
400,1,45,A,,
400,46,46,A,89,
400,47,48,A,,
300,20240923,2.6000,2.6000,2.6125,2.6125,1.7250,1.7250,1.7125,1.4750,0.5375,0.5375,0.5125,1.5000,1.4750,1.4500,1.2750,0.9625,0.4125,0.1250,0.2750,0.0000,0.0250,0.0000,0.0000,0.0000,0.0000,0.0000,0.0125,0.2625,0.2250,0.0000,0.0000,0.0000,0.2250,0.1000,0.1375,0.1500,0.2250,0.2250,0.2000,0.2000,0.2500,0.2875,0.3000,2.1750,2.7125,2.8750,2.8750,2.7250,A,,,20240924011123,
300,20240924,2.5125,2.4750,2.4000,2.4000,1.3875,1.3875,1.3750,1.3625,1.3875,1.3750,1.3625,2.3750,2.3625,2.2875,2.1625,2.7000,2.8750,1.4000,1.0125,0.3875,0.0625,0.2375,0.0000,0.0000,0.0000,0.0000,0.0000,0.0000,0.0250,0.2125,0.0000,0.0000,0.0375,0.0125,0.1125,0.2125,0.2500,0.5250,2.2125,2.3750,1.9625,2.4250,2.4125,1.7000,1.5625,1.5125,1.5375,2.0750,A,,,20240925014500,
300,20240925,1.8375,1.5375,1.9250,1.4500,1.3750,1.3750,1.3750,1.3875,1.3750,1.3750,1.3625,1.4125,1.1875,1.5250,2.0750,2.0500,1.5625,0.2125,0.2250,0.0000,0.0000,0.1500,0.3000,0.3125,0.0000,0.7375,1.1500,0.7750,0.8375,0.7000,0.9250,1.0750,1.0875,1.1250,1.2250,1.2375,1.2625,1.2500,2.0500,2.5625,2.0125,1.7625,2.0625,1.5375,1.5500,1.3750,1.5375,0.7250,A,,,20240926020608,
300,20240926,1.5250,1.6000,1.2000,1.6750,2.3750,2.3750,2.4000,2.3125,2.2750,2.2875,2.3250,2.4125,2.3875,2.2375,2.1250,1.8625,2.4875,1.3125,0.5250,0.0625,0.0000,0.0000,0.0000,0.0000,0.0000,0.0000,0.1750,0.1000,0.0000,0.0500,0.1625,0.0000,0.0000,0.0125,0.0375,0.1250,0.2125,0.2125,0.2000,0.9000,1.2375,1.4625,0.6750,1.2875,1.3125,1.2625,1.2375,1.2250,A,,,20240927012849,
300,20240927,1.2500,1.2250,1.2500,1.2500,0.2250,0.2125,0.2125,0.2125,0.2125,0.2250,0.2125,1.2250,1.2250,1.1625,1.9375,1.0500,0.3625,0.0000,0.0000,0.0000,0.0000,0.0000,0.0375,0.0000,0.0000,0.0000,0.0000,0.0000,0.0000,0.0000,0.0000,0.0000,0.0000,0.0000,0.0000,0.0750,0.1250,0.1875,0.1500,0.1375,0.1375,0.1375,0.1375,1.9375,2.1500,1.8250,1.1750,1.1875,V,,,20240928020341,
400,1,21,A,,
400,22,22,A,79,
400,23,48,A,,
300,20240928,1.1750,1.1625,1.1625,1.1625,0.1375,0.1375,0.1250,0.1250,0.1250,0.1375,0.1250,0.1250,0.1125,0.0375,0.0000,0.0000,0.1750,0.0625,0.0000,0.0000,0.0000,0.0000,0.0000,0.0000,0.0000,0.0000,0.0000,0.0000,0.0000,0.0000,0.0000,0.0625,0.2125,0.0000,0.0625,0.1375,0.1875,0.3250,0.3500,0.3750,0.3125,0.3625,1.4750,1.2125,1.2250,1.1375,1.1250,1.1125,A,,,20240929014403,
300,20240929,1.1250,1.1125,1.1125,1.0875,0.1250,0.1250,0.7125,2.2375,2.2375,2.2500,2.2375,2.2375,2.2250,2.2000,2.1250,2.1500,2.2250,2.2125,2.2500,2.2875,2.1750,2.1875,2.1125,2.1250,1.9250,0.9000,1.1250,2.1000,1.5500,0.4750,0.4000,0.2625,0.7125,1.0375,1.1875,1.6625,2.4500,2.3000,1.8000,1.3250,0.3625,0.3000,1.2500,1.2500,1.2500,2.5375,3.1625,2.8625,A,,,20240930020558,
300,20240930,2.5250,2.3375,2.3375,2.3125,1.3750,1.3750,1.3625,1.3750,1.3750,1.3750,1.3750,2.6875,3.3375,3.2500,2.3125,1.8000,0.6875,0.0000,0.0125,0.0125,0.0000,0.0000,0.0000,0.0000,0.0000,0.0000,0.0000,0.0000,0.0000,0.0000,0.0000,0.1000,0.0250,0.5500,0.8000,0.3000,0.2750,0.2875,1.2500,0.7125,0.2750,0.7000,1.5250,2.5750,2.5625,2.5125,2.5250,2.4625,A,,,20241001023803,
300,20241001,2.3500,2.3375,2.3250,2.3125,1.3875,1.4000,1.4500,1.4125,1.4000,1.4000,1.3875,2.4125,2.3875,2.4000,3.2125,3.0750,2.0125,0.0000,0.0000,0.0000,0.0000,0.0000,0.0000,0.1250,0.0000,0.0000,0.0000,0.0000,0.0000,0.0000,0.0000,0.0000,0.0000,0.0000,0.0625,0.1500,0.2000,0.2125,0.2125,0.5500,1.4000,1.6000,1.8250,1.3625,1.3750,1.5375,1.6625,2.0875,A,,,20241002010758,
300,20241002,2.1625,1.7500,1.4750,1.4750,1.4625,1.4625,1.4625,1.4625,1.4625,1.4500,1.5000,2.4875,2.4625,2.3500,2.0375,1.8000,1.4125,0.0875,1.3375,0.6750,0.5250,0.3250,0.1750,0.1375,0.2625,0.2875,0.3125,0.4125,0.6125,0.6875,0.9125,0.6000,0.3250,0.6375,0.9000,0.2125,0.3250,0.3625,0.5000,1.3125,1.3125,1.7375,1.8500,1.5000,1.9125,1.4750,1.3500,1.2625,A,,,20241003014018,
300,20241003,1.1000,0.7625,0.3250,0.3625,0.3625,0.3375,0.5125,1.2750,1.2125,1.2000,1.2000,1.2750,2.1875,2.1125,1.3000,0.5875,0.2125,0.0125,0.0000,0.1500,0.0375,0.0000,0.0000,0.0000,0.0000,0.0000,0.0000,0.0000,0.0000,0.0250,0.0000,0.0000,0.0125,0.0000,0.0625,0.2625,0.3250,0.3250,0.3250,0.3125,0.3375,0.3375,0.2750,1.3000,1.2875,1.3125,1.3125,1.1250,A,,,20241004014238,
300,20241004,1.0875,0.9500,0.2125,0.2000,0.1875,0.1875,0.2000,0.1750,0.2000,0.1875,0.2375,1.2125,1.2125,1.1750,1.0875,0.9375,0.5875,0.0000,0.0000,0.0000,0.0000,0.0000,0.0000,0.0000,0.0000,0.0000,0.0000,0.0000,0.0000,0.0000,0.0000,0.2625,0.0500,0.0000,0.0250,0.1375,0.2125,0.3750,0.4125,0.4875,0.3250,0.3500,0.3125,1.2625,1.2500,1.3375,1.6875,1.2250,A,,,20241005015934,
300,20241005,1.6875,1.2250,1.2125,1.2125,0.1875,0.1750,0.1875,0.1750,0.1875,0.1750,0.1875,0.1750,0.1500,0.0500,0.0000,0.0000,0.1125,0.0500,0.2500,0.1000,0.0500,0.0625,0.2375,0.1875,0.0375,0.1875,0.5375,1.0125,0.9375,0.9250,1.4250,1.5250,1.3625,0.1625,0.1500,0.2375,0.2875,0.2875,0.2875,0.2750,0.2750,0.2750,1.2500,1.2375,1.2375,1.7125,2.2625,1.8750,A,,,20241006014633,
300,20241006,1.2375,1.2500,1.2375,1.2375,1.2375,1.2500,1.2375,1.2375,1.2500,1.2500,1.2375,1.2625,0.2375,0.1250,0.8250,0.5125,0.2375,1.2000,1.6625,0.4250,0.3500,0.3250,0.3750,0.9000,0.0000,0.0000,0.0000,0.0000,0.0000,0.0000,0.0000,0.0125,0.0500,0.0625,0.0875,0.1500,0.3250,0.3625,1.1375,0.3125,1.2875,1.2750,1.2875,1.3500,1.5500,1.5750,1.5625,1.6250,A,,,20241007013256,
300,20241007,1.5625,1.5500,1.5250,1.5125,1.5375,1.4250,1.4125,1.4000,1.4000,2.4250,2.4250,2.4250,2.3875,2.3125,1.4125,0.7750,0.7125,0.0000,0.0250,0.0000,0.0000,0.0000,0.0000,0.0000,0.0000,0.0000,0.0250,0.0000,0.0000,0.0000,0.1375,0.3875,0.3500,0.0125,1.1875,1.4875,1.4625,1.4500,1.4625,1.4625,1.4625,2.5125,2.5250,2.5125,3.1125,3.2000,2.5375,2.4500,A,,,20241008013015,
300,20241008,2.4625,2.4750,1.4375,1.4250,1.4375,1.4250,1.4125,1.4250,1.4125,2.4375,2.4625,2.4125,2.3625,2.2500,2.2750,1.6875,2.6750,1.5250,0.9625,1.4375,1.3125,0.8000,1.7875,0.5000,0.2250,0.0375,0.0000,0.1125,0.0875,0.0125,0.0000,0.0000,0.0000,0.0000,0.1000,0.7625,2.7750,2.0625,1.4500,1.3750,1.3375,1.4250,1.7875,2.5500,2.5000,2.1375,1.3125,1.2750,A,,,20241009013547,
300,20241009,1.2750,1.2625,0.3625,0.3500,0.3500,0.3625,0.3750,0.3500,0.4250,2.3000,2.3375,2.3000,1.7375,1.2750,0.3375,0.0000,0.0250,0.0000,0.0000,0.0000,0.0000,0.0000,0.0000,0.0000,0.0000,0.0000,0.0000,0.0000,0.0000,0.0000,0.0000,0.0000,0.0000,0.0000,0.0000,0.1500,0.2375,0.3375,0.4125,0.3500,0.4375,1.2750,1.2750,1.3000,1.3875,1.6500,0.8000,0.3875,A,,,20241010012812,
300,20241010,1.1000,1.3250,0.3250,0.3250,0.3250,0.3125,0.3250,0.3000,0.2875,1.3375,1.2875,1.2875,1.2375,1.0500,1.1125,0.3875,0.4000,0.1000,0.1125,0.0000,0.0000,0.0000,0.1625,0.3125,0.0125,0.0250,0.0000,0.0125,0.0000,0.0000,0.0000,0.0000,0.0000,0.0000,0.0875,0.4500,1.3000,1.2625,0.3250,0.3375,0.3625,1.4125,1.4250,1.9375,1.7125,2.7125,2.1875,0.4125,A,,,20241011011749,
300,20241011,0.3625,0.4250,0.3750,0.4000,0.4375,0.4250,0.4125,0.4375,0.9875,2.3500,2.2500,1.4625,1.3625,1.2875,0.9875,0.0125,0.0000,0.0000,0.0000,0.0000,0.0000,0.0000,0.0000,0.0000,0.0000,0.0000,0.7000,0.7750,0.4625,0.0750,0.2750,0.2125,0.2875,0.1250,0.3000,0.4750,0.5750,1.0125,1.1375,1.1625,1.1375,2.1125,2.1125,2.1125,2.1375,1.7500,2.3375,2.5500,A,,,20241012012258,
300,20241012,2.5625,2.5125,1.5125,1.4625,1.5125,1.4375,1.5000,1.4875,1.4625,1.5000,1.4500,1.4875,1.8875,2.0500,2.7625,1.8375,0.8125,0.0125,0.0000,0.0000,0.0000,0.0000,0.0000,0.0000,0.0000,0.0000,0.0000,0.0000,0.0000,0.0000,0.0000,0.0000,0.0000,0.0000,0.0000,0.1375,0.2125,0.2375,0.2375,0.2375,1.1875,1.2000,1.2875,1.2500,1.2500,1.4000,2.3875,2.3750,A,,,20241013013249,
300,20241013,2.3875,1.8625,1.0000,1.4000,1.4125,1.4000,1.4000,1.3875,1.4000,1.3875,1.4000,1.3875,1.3375,1.2000,2.3625,2.5000,2.0750,1.1500,0.6250,0.4750,0.2375,0.0000,0.0000,0.0000,0.0000,0.0000,0.0000,0.0000,0.0000,0.1000,1.2125,1.1500,0.7250,0.8250,1.0750,1.3250,1.4375,1.5000,1.4875,1.4750,2.4250,2.6625,2.5250,2.2625,1.6125,1.5250,1.5125,1.4250,A,,,20241014015738,
300,20241014,1.4250,1.4250,1.4125,1.4000,1.4000,1.4000,1.3875,1.4000,1.3875,1.5000,2.1125,2.1125,1.1500,0.7875,0.0000,0.0000,0.0625,0.5500,0.2000,0.0000,0.0375,0.0000,0.0000,0.0125,0.0000,0.0000,0.0000,0.0000,0.0000,0.0000,0.0000,0.0000,0.0000,0.0000,0.0000,0.3250,0.3125,0.2375,0.2500,0.2625,1.1500,2.4750,2.5000,2.5125,2.5750,2.4875,1.5875,1.5125,V,,,20241015012729,
400,1,4,A,,
400,5,5,A,89,
400,6,48,A,,
300,20241015,1.5125,1.5125,1.4250,1.0625,0.2250,0.2375,0.2250,0.2375,0.2250,1.2250,1.2250,1.2250,1.1000,0.9500,1.8375,0.3000,0.1375,0.0000,0.0000,0.0000,0.0125,0.0125,0.0000,0.0000,0.0000,0.0125,0.0000,0.0000,0.0000,0.0000,0.0000,0.0000,0.0375,0.0500,0.1250,0.2500,0.3375,0.4125,0.3750,0.3500,0.3500,2.4500,2.3125,1.1000,0.9375,0.6125,0.3750,0.4125,A,,,20241016014459,
300,20241016,0.4000,0.3750,0.3750,0.3750,0.5750,1.1625,1.1500,1.1500,1.1375,1.2500,0.9500,0.8250,0.2625,0.1875,0.0875,0.0000,0.0000,0.0000,0.0000,0.0000,0.2125,0.1000,0.0000,0.0000,0.0000,0.0000,0.0000,0.0000,0.0000,0.0000,0.0000,0.0000,0.0000,0.0125,0.0750,0.2625,0.3250,0.3500,0.3500,0.3875,0.3375,0.3500,1.2875,1.5625,1.5625,1.5375,1.5250,0.5375,A,,,20241017013702,
300,20241017,0.3625,0.3875,0.3875,0.3625,0.3875,0.3625,0.3750,0.2500,0.2000,0.2250,0.2125,0.2125,0.1500,0.0500,0.6250,0.0000,0.0000,0.0000,0.0000,0.0250,0.0000,0.0000,0.0000,0.0000,0.0000,0.0000,0.0000,0.0000,0.0000,0.0000,0.1500,0.2375,0.2500,0.1875,0.2625,0.4375,0.2875,0.2875,0.3250,0.3375,0.2500,0.3500,0.9500,1.5625,1.5500,1.4625,1.4625,1.4375,A,,,20241018014947,
300,20241018,1.4250,1.4250,1.4125,1.4000,1.4125,1.4125,1.4000,1.4000,1.4125,1.4000,1.3875,1.4000,1.4000,1.4625,2.2125,1.2500,1.7250,1.4875,1.4000,0.0375,0.0375,0.0000,0.0000,0.0000,0.0000,0.1625,0.0375,0.0000,0.0000,0.1375,0.0250,0.0000,0.1125,0.1250,0.1625,0.1875,0.2500,0.3125,0.8250,1.2375,1.2625,1.4500,2.1750,1.7250,1.6500,1.6125,1.6250,1.6250,A,,,20241019013458,
300,20241019,1.6250,1.4375,0.4375,1.2375,1.5000,1.5000,1.8000,2.4375,2.4125,2.4000,2.4000,2.3875,2.3875,2.3500,2.2750,2.2000,1.9625,1.2750,1.1250,0.6125,0.2250,0.1500,0.0125,0.0125,0.0000,0.0000,0.0000,0.0000,0.0000,0.0000,0.0000,0.0000,0.0000,0.0375,0.0750,0.0625,0.1875,0.2250,0.2250,0.5875,1.2250,1.2625,1.2500,1.9125,2.1750,2.2000,1.3625,1.6875,A,,,20241020023311,
300,20241020,1.4250,1.4125,1.4000,1.3875,1.4000,1.4125,1.3875,1.4000,1.4000,1.3875,1.3875,1.3875,1.3500,1.1625,2.4125,1.7625,1.1375,0.9000,0.4125,0.2875,0.1750,0.1750,0.0625,0.0125,0.0000,0.0000,0.0000,0.0000,0.0000,0.0000,0.0000,0.0000,0.4625,0.6000,0.9500,1.2750,1.4250,1.4750,1.4750,0.6500,2.1750,2.4250,2.6000,2.5125,1.9125,1.5500,1.5500,1.5250,A,,,20241021014158,
300,20241021,1.5250,1.5000,1.8625,2.5000,2.4750,1.4125,1.3000,1.3000,1.3000,0.3375,0.3125,0.2250,0.6375,0.9500,0.6375,0.2125,0.0000,0.0000,0.0000,0.0000,0.0000,0.0000,0.0000,0.0000,0.0000,0.0000,0.0000,0.0000,0.0000,0.0000,0.0000,0.0000,0.0000,0.0000,0.0000,0.0375,0.3500,1.4875,1.4875,1.4625,1.5000,1.6875,2.0250,1.8500,1.6625,1.9625,1.4750,1.6500,A,,,20241022012511,
300,20241022,1.4500,1.4375,0.4250,0.2125,0.2250,0.2125,0.2125,0.2250,0.2125,0.2250,0.2250,0.8125,1.1000,0.2875,0.0000,0.0000,0.1250,0.3500,0.3375,0.0625,0.0500,0.0125,0.0000,0.0000,0.0000,0.0000,0.0000,0.0000,0.0000,0.0000,0.0000,0.0125,0.0000,0.0750,0.1125,0.3625,0.5750,0.6125,0.5250,0.7250,0.6875,0.2625,0.2750,0.5500,0.3625,0.2625,0.2625,1.1000,A,,,20241023014421,
300,20241023,0.6500,0.2625,0.2250,0.2750,2.0625,2.2875,2.2750,2.2750,2.2625,1.3625,1.3625,1.3625,1.2875,1.2750,2.1250,1.4000,0.8500,0.0000,0.0000,0.0000,0.0000,0.0000,0.0000,0.0000,0.0000,0.0000,0.0000,0.0000,0.0000,0.0000,0.0000,0.0000,0.0000,0.0000,0.0000,0.1625,1.4625,1.3750,1.2000,1.4625,2.6375,2.7250,2.6750,2.8875,1.1125,0.9125,2.1500,2.4375,A,,,20241024012830,
300,20241024,2.4250,2.4125,1.4375,1.4250,1.4250,1.4125,0.6375,1.1500,1.4125,1.4250,1.4250,1.4000,1.9250,2.1500,1.4125,1.8125,1.5375,0.8250,0.0000,0.0000,0.0000,0.0000,0.0000,0.0000,0.0000,0.0125,0.0000,0.0000,0.0000,0.0000,0.0000,0.0000,0.0000,0.0000,0.0125,0.1250,0.2500,0.3250,0.3250,0.3125,0.3000,0.3625,0.3375,0.3375,0.3125,2.3125,3.8500,3.9875,A,,,20241025013339,
300,20241025,2.5250,2.8125,1.4250,1.8125,1.4125,1.7750,1.4125,1.8375,1.4125,1.8375,1.5375,1.7500,1.6750,1.2125,1.6250,0.3000,0.0875,0.0000,0.0000,0.0000,0.0000,0.0000,0.0125,0.0625,0.0875,0.0000,0.0000,0.0000,0.0000,0.0000,0.0000,0.0000,0.0000,0.0000,0.0000,0.0750,0.2375,0.2625,0.2500,0.2750,0.2750,0.2875,0.4125,1.6125,1.4625,0.9625,0.8250,3.0375,A,,,20241026013551,
300,20241026,3.3125,2.5125,2.1250,1.4875,2.1000,1.5625,1.9875,1.6500,2.5250,2.6875,2.7250,2.5625,1.5000,1.6875,1.9000,1.6875,1.5625,0.5250,1.0625,0.8625,0.2750,0.0000,0.0000,0.0000,0.0000,0.0000,0.0000,0.0000,0.0000,0.0000,0.0000,0.0000,0.0000,0.0000,0.0000,0.0875,0.8125,1.5125,1.5250,1.5375,2.5000,2.0750,1.3125,1.4750,1.4250,0.5750,0.3625,0.3375,A,,,20241027014538,
300,20241027,0.3250,0.3125,0.3625,0.6125,0.3750,0.6500,0.3125,0.3000,0.3000,0.3000,0.2875,0.2500,2.2000,2.2750,2.3000,1.8750,1.2875,1.3875,1.1500,1.2625,1.3250,0.6750,1.3000,0.4000,0.0875,0.0000,0.0000,0.0000,0.0000,0.0000,0.0000,0.0125,0.0000,0.0250,1.6375,1.5375,1.6000,1.6375,1.7125,1.7250,2.7750,2.7250,2.8375,2.8625,2.7125,2.7375,2.7500,2.7125,A,,,20241028012015,
300,20241028,2.7125,2.9375,1.7375,1.6875,2.3000,1.7000,1.9750,1.4750,1.4625,1.4625,1.4750,1.4500,1.3500,2.4125,1.2250,0.0000,0.0375,0.0000,0.0000,0.3875,0.0000,0.1000,0.0000,0.0000,0.0125,0.0000,0.0000,0.0000,0.0000,0.0000,0.0000,0.0000,0.0000,0.0625,0.2375,0.2750,0.3000,0.7750,3.0125,2.9250,1.7125,1.8000,1.8125,1.8375,1.8250,1.8125,1.8250,2.8750,A,,,20241029014131,
300,20241029,2.8000,2.5125,1.7250,1.7375,1.6000,1.4250,1.4375,1.4375,1.4375,2.4500,2.4000,2.4250,2.3500,2.2125,2.1250,0.2750,0.0000,0.2125,0.2875,0.1375,0.0000,0.0000,0.0000,0.0000,0.0000,0.0000,0.0000,0.0000,0.0000,0.0000,0.0000,0.0000,0.0000,0.0000,0.0125,0.1000,0.2875,0.3250,0.3375,1.2250,1.5500,2.5625,2.8125,3.3000,3.8625,3.7250,3.7000,3.5000,A,,,20241030102355,
300,20241030,3.7000,2.9000,1.5000,1.4875,1.8000,1.4875,1.7750,1.6750,1.5875,2.8000,2.4750,2.7500,2.5625,2.3625,1.0250,0.5750,0.2250,0.0000,0.0000,0.0000,0.0000,0.0000,0.0000,0.0000,0.0000,0.0000,0.0000,0.0000,0.0000,0.0000,0.0000,0.0000,0.0000,0.0000,0.0125,0.0750,0.2500,0.3000,0.3000,0.2875,0.2875,1.2875,1.2750,1.5125,2.2125,1.3000,1.2125,1.0500,A,,,20241031015716,
300,20241031,1.5750,2.3750,1.5125,1.5375,1.5250,1.5250,1.5500,1.8750,1.5125,2.5000,2.8875,2.4000,2.6125,1.9750,1.5125,0.0000,0.0000,0.0000,0.0000,0.0000,0.0000,0.0000,0.0000,0.0125,0.0000,0.0250,0.0500,0.1500,0.0000,0.0250,0.0000,0.0000,0.0000,0.0000,0.0000,0.6250,1.1500,0.7125,0.5750,0.3500,0.3125,1.3375,1.3000,1.4125,2.9375,2.1125,1.9500,1.5125,A,,,20241101012943,
300,20241101,1.4875,1.0000,0.3250,0.3125,0.3000,0.3875,0.4500,0.2625,0.5500,1.2500,1.5375,1.2125,1.5375,1.0500,1.7500,1.0500,0.0625,0.0000,0.0000,0.0000,0.0000,0.0000,0.0000,0.0000,0.0000,0.0000,0.0000,0.0000,0.0000,0.0000,0.0000,0.0000,0.0000,0.0625,0.2125,0.1125,1.4875,1.2625,0.7500,0.3000,0.2750,1.3500,1.2625,1.2500,1.2500,2.3125,2.4750,2.7625,A,,,20241102014317,
300,20241102,2.3500,2.7000,1.4500,1.7250,1.4500,1.7500,1.4500,1.8125,1.7625,1.4500,2.2875,2.7500,2.3750,2.3875,2.1375,1.4750,1.0625,0.9125,0.4750,0.5500,1.0000,0.5000,0.0375,0.0500,0.1125,0.0250,0.0000,0.0000,0.0000,0.0000,0.0000,0.0000,0.0250,0.0125,0.0000,0.0125,0.1500,0.2125,0.2625,0.3125,1.3250,2.3125,1.6375,1.5375,1.5250,1.8250,1.5750,1.5625,A,,,20241103010549,
300,20241103,1.6125,1.5750,1.6000,1.6625,1.5125,1.4875,1.4750,1.1750,0.3125,0.6500,0.3000,0.2750,0.1375,0.0250,0.6000,0.3375,0.3125,0.2000,0.0000,0.0375,0.0000,0.5250,0.0000,0.0000,0.0000,0.0000,0.0000,0.0000,0.0000,0.0000,0.0000,0.0000,0.0750,0.0625,0.7875,1.3875,1.6000,1.6250,1.7000,1.6000,1.9000,1.0375,0.5750,0.6750,0.9125,1.0875,1.2875,0.8250,A,,,20241104015553,
300,20241104,0.4625,0.4375,0.6125,0.4750,0.3750,0.3750,0.6125,0.3000,0.6500,1.2875,1.5750,1.3250,1.3250,1.0125,0.6500,0.5000,0.1750,0.0000,0.0000,0.0000,0.0375,0.0000,0.0000,0.0000,0.0000,0.0000,0.0000,0.0000,0.0000,0.0000,0.0000,0.0375,0.3250,0.6250,0.9250,1.3625,1.5625,1.5875,1.6375,1.5250,0.3375,1.3250,1.3250,1.8500,2.3250,1.5375,1.5500,1.4875,A,,,20241105015910,
300,20241105,1.4625,1.8125,1.4875,1.4625,1.7625,1.4625,1.7625,1.9500,1.4625,2.8375,2.7000,2.6500,2.7375,2.1375,2.1625,0.4125,0.1750,0.1250,0.0125,0.0125,0.0375,0.0125,0.0000,0.0000,0.0000,0.0000,0.0000,0.0500,0.0000,0.0000,0.0000,0.0000,0.0000,0.0125,0.0125,0.1375,0.1750,0.3875,0.3750,0.3500,0.4375,1.4375,1.3125,1.1250,0.6000,1.2000,0.7375,0.4250,A,,,20241106014230,
300,20241106,0.7750,0.4125,0.4125,0.3625,0.3750,0.3625,0.3750,0.3875,0.3875,0.2500,0.2125,0.1375,0.0500,0.0000,0.0000,0.0000,0.0000,0.0000,0.0000,0.0500,0.0000,0.0000,0.0375,0.0000,0.0000,0.0000,0.0250,0.0000,0.0000,0.0000,0.0000,0.0000,0.0000,0.0000,0.0750,0.2125,0.3500,0.3750,0.3250,0.3000,0.3125,0.2750,0.3875,1.5500,1.6750,1.6125,1.6125,1.6250,A,,,20241107013800,
300,20241107,1.6000,1.5500,1.4875,1.4625,1.4250,0.2625,0.2500,0.2500,0.2375,0.4875,0.2500,0.1625,0.3125,0.0000,0.1125,0.0125,0.0000,0.0000,0.0000,0.0000,0.0000,0.0000,0.0000,0.0000,0.0000,0.0000,0.0000,0.0000,0.0000,0.0000,0.0000,0.0000,0.0500,0.0000,0.0125,0.1875,0.1875,0.2125,0.3000,0.2500,0.2500,0.2375,0.2375,0.2375,0.2500,0.2375,0.2500,0.2750,A,,,20241108012158,
300,20241108,0.3375,0.3375,0.2250,0.2125,0.2250,0.2000,0.2125,0.2125,0.2125,1.0250,1.1625,0.8125,0.1000,0.0125,0.0000,0.0000,0.0000,0.1750,0.9000,0.5875,0.7500,0.3375,0.1375,0.2875,0.6625,0.6750,0.0375,0.0000,0.0000,0.0000,0.0000,0.0000,0.0000,0.0125,0.2500,1.2250,1.4375,1.4625,1.2625,0.3000,0.2875,0.3000,0.2625,0.2750,0.3375,1.2375,1.2250,0.2875,A,,,20241109015003,
300,20241109,0.2750,0.2750,0.2750,0.2625,0.2625,0.2750,0.2625,0.2625,0.2625,0.2625,0.2625,0.2000,1.1500,2.1500,1.7375,1.4000,0.9750,0.6125,0.3500,0.2500,0.6500,1.2250,1.5375,1.1625,0.0000,0.0000,0.0000,0.0000,0.0000,0.0000,0.0125,0.9000,1.0500,1.2125,1.3625,1.2625,1.3125,1.4125,0.7000,0.2875,1.2250,1.3500,1.2375,1.2625,1.2625,1.2750,1.2750,1.2625,A,,,20241110015223,
300,20241110,1.2625,1.2625,0.3000,0.2750,0.2875,0.2875,0.3000,1.3125,1.4500,1.4500,1.4500,1.3750,1.3125,1.2125,1.7750,1.4000,1.2250,1.6375,1.5625,1.5750,1.2000,0.1000,0.0125,0.0000,0.0000,0.0000,0.0000,0.0000,0.0000,0.0000,0.0000,0.0000,0.0000,0.0000,0.0000,0.0125,0.5250,1.8625,1.2875,0.4250,1.3625,1.3625,1.8250,2.0750,1.4625,1.4750,1.5000,1.4500,A,,,20241111015738,
300,20241111,1.4500,1.4375,1.4500,1.4500,1.4375,1.4375,1.4375,1.4375,1.4375,1.4250,1.4125,1.3625,1.3000,1.1375,0.8000,0.0375,0.0000,0.1125,0.0000,0.0000,0.0000,0.0000,0.0000,0.0000,0.0000,0.0000,0.0000,0.0000,0.0000,0.0000,0.0000,0.0000,0.0000,0.0000,0.0000,0.0125,0.2375,1.0125,1.6000,1.6250,1.9250,1.7250,1.9625,2.1250,2.0750,1.7000,1.9500,1.5750,A,,,20241112012320,
300,20241112,1.6000,1.5500,1.5625,1.5250,1.4875,1.4750,1.4875,1.4625,0.4625,0.2750,0.2625,0.1625,0.0625,0.0000,0.0000,0.1375,0.0000,0.0000,0.0000,0.0000,0.0000,0.0000,0.0000,0.0000,0.0000,0.0000,0.0000,0.0000,0.0625,0.1875,0.3250,0.3500,0.2875,0.3125,0.2750,0.3375,0.3625,0.3375,0.4625,1.0125,1.2000,0.9250,0.7875,0.3250,0.3000,0.2750,0.2750,0.2625,A,,,20241113021207,
300,20241113,0.2625,0.2375,0.2375,0.2250,0.2375,0.2250,0.2375,0.2375,0.2250,0.2250,0.2375,0.2375,0.2125,0.1000,0.0875,0.0875,0.0750,0.2500,0.2375,0.2000,0.3125,0.3000,0.2750,0.0500,0.0125,0.0125,0.0000,0.0000,0.0000,0.0000,0.0000,0.1875,0.0000,0.0000,0.0750,0.2000,0.2375,0.2750,0.3000,1.2000,1.0250,1.5750,2.2750,2.3875,1.7375,1.7625,1.6500,1.7125,A,,,20241114021531,
300,20241114,1.6625,1.6375,1.6625,2.1125,2.6500,2.6875,2.6250,2.5375,2.5375,1.6250,1.6250,0.9375,1.2625,1.0375,0.9750,0.2500,0.0125,0.0000,0.0750,0.0125,0.0000,0.0000,0.0000,0.0000,0.0000,0.0000,0.0125,0.0125,0.0000,0.0000,0.0000,0.0000,0.0000,0.0000,0.0000,0.0375,0.2500,0.3375,0.3375,0.4750,0.4375,0.4375,0.3625,0.4125,0.3750,0.4000,0.3750,0.5750,A,,,20241115014335,
300,20241115,1.5125,1.6000,1.6250,2.3750,2.6125,2.5750,2.5000,2.4750,2.4875,1.2750,0.2875,0.2000,0.1125,0.0250,0.0125,0.0000,0.0000,0.0000,0.0000,0.0125,0.0000,0.0000,0.0000,0.0000,0.0000,0.0000,0.0000,0.0000,0.0000,0.0000,0.0000,0.0000,0.0000,0.0000,0.0000,0.2125,0.3125,0.3875,0.3875,0.3625,0.4250,0.4250,0.4250,1.1875,0.9625,0.7750,1.9500,2.2500,V,,,20241116021510,
400,1,36,A,,
400,37,37,A,89,
400,38,48,A,,
300,20241116,2.6125,2.6000,1.3375,1.5750,1.5625,1.5625,1.5250,1.4875,1.5000,1.5125,2.2375,2.3500,2.2875,2.1000,1.7750,0.6750,0.0000,0.0000,0.0000,0.0000,0.0000,0.0000,0.0000,0.0000,0.0000,0.0000,0.0000,0.0000,0.0000,0.0000,0.0000,0.0000,0.0000,0.0000,0.0000,0.0125,0.1125,0.2000,0.3750,0.2375,0.4375,0.4625,0.4500,0.4875,0.4875,0.5875,0.9250,1.5375,A,,,20241117013016,
300,20241117,1.5625,1.5875,1.4250,1.4250,1.4125,1.4125,1.4250,1.4250,1.4250,1.4250,1.4000,1.3125,1.2000,1.0625,1.9375,1.5125,1.6750,1.2125,0.5750,0.2750,0.1375,0.7500,1.1375,1.1500,1.0750,0.3375,0.0000,0.0250,0.2250,0.3625,0.0000,0.0000,0.0000,0.0000,0.0000,0.0125,0.1875,0.7250,0.6250,0.2750,1.1750,1.1875,1.4500,1.7125,1.6125,1.4125,1.4125,1.4125,A,,,20241118013739,
300,20241118,1.4000,1.3875,1.4000,1.3875,1.3875,1.4000,1.4000,1.4000,1.3875,1.3875,1.3875,1.3125,1.2375,1.0625,0.7375,0.8000,0.4625,0.4375,0.4375,0.3375,0.2750,0.4875,0.8250,0.2875,0.2625,0.4500,0.1750,0.5875,0.5375,0.3500,0.4250,0.0625,0.0000,0.0250,0.0375,0.1250,0.1750,0.1875,0.2625,0.2875,0.2875,0.2750,0.2375,0.2250,0.2625,0.2625,0.2625,0.2375,A,,,20241119011829,
300,20241119,0.2500,0.2375,0.2250,0.2375,0.2250,0.2375,0.2375,0.2375,0.2250,0.2250,0.2375,0.2000,0.1500,0.0375,0.0000,0.0000,0.3125,0.0750,0.0000,0.0125,0.0000,0.0000,0.0000,0.0000,0.0000,0.0000,0.0000,0.0000,0.0000,0.0000,0.0000,0.0000,0.0000,0.0000,0.0000,0.0000,0.1750,0.7625,1.2500,1.0000,0.4125,0.8000,0.4125,0.4000,0.3625,0.3125,0.3625,0.2875,A,,,20241120013046,
300,20241120,0.5750,0.3000,0.4000,0.2375,0.2500,0.2375,0.2375,0.2625,0.2875,0.2500,0.2625,0.2000,0.1250,0.0500,0.0000,0.0125,0.0000,0.0125,0.0000,0.0000,0.0000,0.0000,0.0000,0.0000,0.0000,0.0000,0.0000,0.0000,0.0000,0.0000,0.0000,0.0000,0.0000,0.0000,0.0000,0.0125,0.0125,0.4500,1.1125,1.2750,0.5250,0.3875,0.2875,0.2500,0.2500,0.2625,0.8750,0.8750,A,,,20241121013625,
300,20241121,0.6375,0.2125,0.2125,0.1875,0.2000,0.2000,0.2125,0.2000,0.2000,0.2125,0.1875,0.1500,0.0375,0.5125,0.6000,0.0125,0.0000,0.0000,0.0000,0.0000,0.0000,0.0000,0.0000,0.0000,0.0000,0.0000,0.0000,0.0000,0.0000,0.0000,0.0000,0.0000,0.0000,0.0000,0.0000,0.0000,0.1000,0.2000,0.3375,0.3250,0.2875,0.2500,0.2875,0.3375,0.3625,0.3000,0.2625,0.2500,A,,,20241122010702,
300,20241122,0.2625,0.2750,0.2375,0.2000,0.2125,0.2000,0.2125,0.2125,0.2125,0.2125,0.2000,0.1500,0.1125,0.0000,0.0000,0.0250,0.0000,0.0000,0.0000,0.0000,0.0000,0.0000,0.0000,0.0000,0.0000,0.0000,0.0000,0.0000,0.0000,0.0000,0.0000,0.0000,0.0000,0.0000,0.0000,0.0000,0.1000,0.2000,0.2250,0.2375,0.2250,0.2625,0.2750,0.2875,0.2625,0.2625,0.2625,0.2500,A,,,20241123013949,
300,20241123,0.2500,0.2875,0.3125,0.2625,0.2500,0.2250,0.2375,0.2500,0.2375,0.2250,0.2125,0.0750,0.1000,0.0000,0.4750,0.1625,0.0375,0.0125,0.0000,0.0000,0.0000,0.0000,0.0000,0.0000,0.0000,0.0000,0.0000,0.0000,0.0000,0.0000,0.0000,0.0000,0.0000,0.0000,0.0625,0.1500,0.2250,0.2375,0.2375,0.2250,0.2375,0.2375,0.2375,0.2375,0.2625,0.2500,0.3250,0.2625,A,,,20241124012807,
300,20241124,0.3625,0.4000,0.2375,0.2375,0.2250,0.2375,0.2250,0.2375,0.2250,0.2375,0.2250,0.2500,0.2625,0.2125,0.7875,0.4750,0.4375,0.3750,0.2375,0.2500,0.2000,0.0750,0.0875,0.0000,0.0000,0.0000,0.0000,0.0000,0.0000,0.0000,0.0000,0.0000,0.0375,0.1625,0.0000,0.1750,0.0625,0.3500,0.2625,0.3500,0.7125,0.6875,0.6625,0.6500,0.6875,0.6500,0.6500,0.6250,A,,,20241125013940,
300,20241125,0.6500,0.6500,0.3375,0.3125,0.2625,0.2625,0.2625,0.2500,0.2625,0.2500,0.2625,0.2500,0.2375,0.2250,0.1875,0.1250,0.0875,0.2125,0.0375,0.0875,0.0750,0.0250,0.0000,0.0000,0.0000,0.0000,0.0125,0.0000,0.0125,0.0375,0.0125,0.0625,0.1750,0.0875,0.1000,0.1750,0.2250,0.2250,0.2625,0.4875,0.3750,0.3000,0.2875,0.2875,0.2875,0.3000,0.2625,0.2625,A,,,20241126014300,
300,20241126,0.2625,0.2500,0.2500,0.2500,0.2500,0.2500,0.2500,0.2500,0.2875,0.2750,0.2875,0.2625,0.2250,0.1500,0.1000,0.2250,0.1750,0.0000,0.0000,0.0000,0.0000,0.0000,0.0000,0.0000,0.0000,0.0000,0.0000,0.0000,0.0000,0.0000,0.0000,0.0000,0.0000,0.0000,0.0000,0.0000,0.2125,0.3250,0.3750,0.4125,0.3750,0.4500,0.3250,0.3500,0.3875,0.4000,0.3875,0.3750,A,,,20241127014320,
300,20241127,0.2875,0.2875,0.2875,0.2750,0.2750,0.2875,0.2750,0.2875,0.2750,0.2875,0.2750,0.2875,0.2375,0.2250,0.1000,0.0625,0.0000,0.0000,0.0000,0.0000,0.0000,0.0000,0.0000,0.0000,0.0250,0.2000,0.0875,0.0125,0.0000,0.0125,0.0000,0.0000,0.1625,0.2375,0.0000,0.0250,0.0875,0.2125,0.2750,0.2625,0.2750,0.2750,0.6000,0.3875,0.3625,0.3625,0.2875,0.2875,A,,,20241128011924,
300,20241128,0.2875,0.2875,0.2750,0.2875,0.2750,0.2875,0.2750,0.2875,0.2750,0.2750,0.2750,0.2250,0.1750,0.0875,0.0000,0.0000,0.0000,0.0000,0.0000,0.0000,0.0000,0.0000,0.0000,0.0000,0.0000,0.0000,0.0000,0.0000,0.0000,0.0000,0.0000,0.0000,0.0000,0.0000,0.0250,0.0875,0.1250,0.2500,0.2625,0.2875,0.2750,0.2750,0.2750,0.3000,0.3625,0.3875,0.3750,0.3250,A,,,20241129012222,
300,20241129,0.2500,0.2625,0.2500,0.2500,0.2500,0.2500,0.2500,0.2500,0.2375,0.2500,0.2500,0.1750,0.1500,0.0250,0.0000,0.0000,0.0250,0.0000,0.0000,0.0000,0.0000,0.0000,0.0000,0.0000,0.0000,0.0000,0.0000,0.0000,0.0000,0.0000,0.0000,0.0000,0.0000,0.0000,0.0000,0.0000,0.1000,0.1500,0.2125,0.2625,0.2375,0.3000,0.2875,0.2875,0.2875,0.2750,0.2875,0.2500,A,,,20241130014138,
300,20241130,0.2500,0.2500,0.2375,0.2500,0.2375,0.2500,0.2375,0.2500,0.2375,0.2500,0.2375,0.2375,0.2000,0.1500,1.0750,0.6750,0.4500,0.4500,0.3750,0.3250,0.3625,0.3125,0.2875,0.2375,0.0125,0.0000,0.0000,0.0000,0.1000,0.1250,0.0000,0.0125,0.0500,0.1500,0.0000,0.0125,0.1500,0.3625,0.9125,0.4750,1.4500,1.5125,1.0750,0.8375,1.1375,1.3250,1.3125,0.5750,A,,,20241201023220,
300,20241201,0.7375,0.6000,0.2500,0.2375,0.2500,0.2375,0.2500,0.2375,0.2375,0.2500,0.2250,0.1750,0.1250,0.0250,0.5750,0.1125,0.0000,0.0375,0.0000,0.0250,0.0250,0.1250,0.0000,0.0000,0.0000,0.0000,0.3625,1.0750,0.5750,0.0125,0.0625,0.0000,0.0000,0.0000,0.0250,0.1875,0.1750,0.2125,0.3250,0.3375,1.2875,1.3000,1.3000,2.4500,2.0125,1.4250,1.4250,1.4000,A,,,20241202011108,
300,20241202,1.4125,1.3875,1.4000,1.3875,1.3875,1.4000,1.3875,1.3875,1.3875,1.3875,1.3750,1.3000,1.2125,1.1500,0.7625,0.0250,0.0000,0.0000,0.0000,0.0000,0.0000,0.0000,0.0000,0.0000,0.0000,0.0000,0.0000,0.0000,0.0000,0.0000,0.0000,0.0000,0.0000,0.0000,0.0000,0.0125,0.0750,0.2000,0.2875,1.5375,1.5125,1.4375,1.4000,1.4000,1.4000,1.4125,1.4125,1.4250,A,,,20241203014139,
300,20241203,1.4250,1.4375,1.4250,1.4250,1.4250,1.4750,1.4375,1.4375,1.4500,1.5375,1.5625,1.5250,1.4500,0.2625,0.0375,0.0125,0.0000,0.0000,0.0000,0.1750,0.3625,0.0250,0.0500,0.1125,0.1125,0.0750,0.0000,0.1500,0.3250,0.0625,0.1375,0.0250,0.0000,0.0000,0.0500,0.4875,0.7375,0.9375,0.9875,0.3875,0.5875,1.4875,0.9500,0.2375,0.2375,0.2500,0.2500,0.2375,A,,,20241204011357,
300,20241204,0.2375,0.2375,0.2375,0.2250,0.2750,0.2500,0.2375,0.2375,0.2375,0.2500,0.2250,0.1625,0.0250,0.0000,0.0000,0.0000,0.0000,0.0000,0.0000,0.0000,0.0000,0.0000,0.0000,0.0000,0.0000,0.0000,0.0000,0.0000,0.0000,0.0000,0.0000,0.0000,0.0000,0.0000,0.0625,0.0125,0.4750,0.3375,0.3875,0.3375,0.3625,0.3250,0.3250,0.6000,0.3625,0.3625,0.3625,0.3500,A,,,20241205013050,
300,20241205,0.3500,0.3500,0.4625,0.4500,0.4375,0.4000,0.3875,0.3750,0.3750,0.3625,0.3500,0.2750,0.2125,0.0875,0.0000,0.0000,0.0000,0.0000,0.0000,0.0000,0.0000,0.0000,0.0000,0.0000,0.0000,0.0000,0.0000,0.0000,0.0000,0.0000,0.0000,0.0000,0.0000,0.0000,0.0000,0.0000,0.1750,0.3125,0.3375,0.3500,0.4000,1.7250,2.3375,2.3375,2.3125,2.2750,2.1625,1.5875,A,,,20241206013807,
300,20241206,1.5875,1.5750,1.5250,1.4750,0.3750,0.3750,0.3500,0.3500,0.3375,0.3500,0.3375,0.2625,0.0875,0.0375,0.0000,0.0000,0.0000,0.0000,0.2000,0.0875,0.0000,0.0000,0.0625,0.0000,0.0000,0.0000,0.0000,0.1250,0.3000,0.7125,0.8000,0.6875,0.2375,0.2750,0.2375,0.2625,0.3250,0.3250,0.3250,0.3375,0.3250,0.3375,0.5875,2.1250,2.2375,2.0875,1.5875,1.5875,A,,,20241207013019,
300,20241207,1.6000,1.6625,1.5250,1.4750,1.5375,1.5000,0.4375,0.3250,0.3125,0.3250,0.3125,0.2500,0.0875,0.1000,0.7125,0.3375,0.0875,0.2000,1.0625,1.2250,1.0625,1.4750,0.6875,0.1625,0.3125,0.0375,0.1125,0.0875,0.1125,0.1625,0.0625,0.0750,0.0375,0.0125,0.9250,1.6750,1.0000,1.0500,1.0500,1.0500,2.0000,2.0750,2.0750,2.0375,2.1250,2.0375,2.0500,2.0250,A,,,20241208014112,
300,20241208,2.0625,1.5750,0.3125,0.3000,0.3000,0.2750,0.2750,0.2750,0.2750,0.2750,0.2500,0.1250,0.0625,0.0000,0.5500,0.1500,0.1375,0.0000,0.0750,0.0000,0.0000,0.0000,0.0000,0.0000,0.0000,0.0250,0.1375,0.2500,0.0500,0.2125,0.2875,0.2250,0.0375,0.3750,0.1750,0.0375,0.2375,0.3375,0.7000,0.9250,0.7250,0.4500,0.7125,0.9000,1.6375,1.6375,1.6375,1.6125,A,,,20241209013758,
300,20241209,1.6375,1.8375,1.6250,1.2750,0.4875,0.4625,0.4375,0.4375,0.4375,0.4375,0.3625,0.1875,0.1250,0.0750,0.0125,0.0000,0.0625,0.2125,0.0000,0.0000,0.0000,0.0000,0.0000,0.0000,0.0000,0.0000,0.0000,0.0000,0.0125,0.0000,0.0000,0.0000,0.0000,0.0000,0.1875,0.0625,0.2875,0.4000,0.6500,0.4500,1.1750,0.4750,0.5000,0.4500,0.8375,1.1000,0.8875,0.8125,A,,,20241210015144,
300,20241210,0.3125,0.2750,0.2750,0.2750,0.2625,0.2750,0.2750,0.2625,0.2625,0.2625,0.2625,0.2000,0.0875,0.0000,0.0000,0.0000,0.0500,0.0375,0.0000,0.0000,0.0000,0.0000,0.0000,0.0000,0.0000,0.0000,0.0000,0.0000,0.0000,0.0000,0.0000,0.0000,0.0000,0.0000,0.0000,0.0000,0.3000,0.3250,0.3375,0.3375,0.3250,0.9750,1.5375,1.5375,1.5625,1.5500,1.5125,1.5000,A,,,20241211023354,
300,20241211,1.5000,0.8125,0.3125,0.2750,0.2625,0.2625,0.2500,0.2625,0.2625,0.2625,0.2375,0.1375,0.0250,0.8375,0.7625,0.1750,0.2875,0.6125,0.3125,0.1375,0.0000,0.0000,0.0000,0.0000,0.0000,0.0000,0.0000,0.0000,0.0000,0.0000,0.0125,0.0000,0.0000,0.0000,0.0000,0.0125,0.1125,0.2875,0.3250,0.3750,0.3375,0.3125,0.3000,0.3000,0.3000,0.3000,0.3875,1.5000,A,,,20241212014555,
300,20241212,1.4875,1.4875,1.4625,1.4750,1.4750,1.4750,1.4625,1.4500,1.4500,1.4625,1.4250,0.9000,0.0500,0.0000,0.0000,0.0125,0.0250,0.0000,0.1375,0.0250,0.0000,0.0000,0.0000,0.0000,0.0750,0.0000,0.0250,0.0000,0.0125,0.0000,0.0000,0.0000,0.0125,0.0000,0.0000,0.0000,0.1500,0.3375,0.3500,0.3750,0.3500,0.3625,0.3500,0.3750,0.3625,1.1125,2.1125,1.5875,A,,,20241213013438,
300,20241213,1.6500,1.6000,1.5625,1.5625,1.5375,1.5625,1.5875,1.5375,1.5125,0.8375,0.3125,0.2750,0.1125,0.0000,0.1000,0.0375,0.0125,0.0000,0.0000,0.0000,0.0000,0.0000,0.0000,0.0000,0.0000,0.0000,0.0000,0.0000,0.0000,0.0000,0.0000,0.0000,0.0000,0.0000,0.0000,0.0000,0.0625,0.2375,0.2875,0.3000,0.2875,0.3125,0.3000,0.3000,0.3000,0.3000,0.3000,0.3000,A,,,20241214011856,
300,20241214,0.7500,1.4875,1.5125,1.5000,1.4875,1.5250,1.5125,1.5000,1.4875,1.4875,1.4500,1.3750,1.2000,1.0125,0.8750,0.5125,0.1625,0.0625,0.0250,0.0250,0.0000,0.0000,0.0000,0.0000,0.0000,0.0000,0.0000,0.0000,0.0000,0.0000,0.0000,0.0000,0.0000,0.0250,0.0000,0.0250,0.1500,0.1625,0.2750,0.5625,0.8875,0.5000,0.9000,0.3625,0.3500,0.3500,0.3500,1.3375,A,,,20241215061025,
300,20241215,1.5750,1.5375,1.5500,1.6250,1.6125,1.6250,1.5500,1.5375,1.5250,1.5250,1.5250,1.4000,1.2625,1.0750,0.9500,0.5625,0.1750,0.0250,0.0000,0.0000,0.0000,0.0000,0.0000,0.0000,0.0000,0.0000,0.0000,0.0000,0.0000,0.0000,0.0000,0.0000,0.0000,0.0000,0.0000,0.0000,0.0625,0.2250,0.2625,0.2750,0.2750,0.2875,0.3250,0.3125,0.3375,0.3000,0.3125,2.1625,A,,,20241216005710,
300,20241216,2.1750,2.1625,2.1750,2.1500,2.1500,1.7000,1.5000,1.4500,1.4500,1.4250,1.4000,1.3625,1.3875,1.3250,0.7375,0.3625,0.0875,0.0000,0.1500,0.0000,0.0000,0.0000,0.1000,0.0250,0.0000,0.2875,0.0000,0.0000,0.0000,0.0000,0.2125,2.8125,3.0125,2.2000,0.1375,1.1125,1.6000,3.3875,4.8875,4.3750,4.2375,4.0875,3.4500,2.8500,2.8000,1.5250,1.9750,1.7750,A,,,20241217013910,
300,20241217,1.4750,1.8625,1.4500,1.4500,1.4625,1.4500,1.4500,1.4625,1.4375,1.4500,1.4500,1.4250,1.3000,1.2000,0.8000,0.6125,0.2750,0.2250,0.1875,0.0000,0.3750,0.0250,0.3625,0.2000,0.3125,0.2750,0.2375,0.2125,0.0500,0.1000,0.0375,0.0625,0.0500,0.2750,0.3625,0.8000,1.0250,0.2250,0.3125,0.3125,0.3000,0.2875,0.4125,0.6500,0.7125,0.8125,1.6625,1.5375,A,,,20241218013543,
300,20241218,1.5000,1.4750,1.5125,1.5000,1.4750,1.4750,1.4625,0.3750,0.2500,0.2625,0.2500,0.1750,0.0625,0.0125,0.0125,0.0000,0.0125,0.0250,0.0000,0.0000,0.0000,0.0000,0.0000,0.0000,0.0125,0.1375,0.1375,0.1375,0.0750,0.4000,0.1000,0.2000,0.0375,0.2250,0.5375,0.9250,1.3375,1.3000,0.5375,0.4750,0.5375,0.5875,0.5750,0.5625,0.5375,1.6500,1.6375,1.5750,A,,,20241219012709,
300,20241219,1.5750,1.5500,1.5500,1.1500,0.3625,0.3125,0.3125,0.3250,0.3250,0.3125,0.3000,0.2500,0.2000,0.0625,0.0125,0.0000,0.0000,0.0000,0.0000,0.0000,0.0000,0.0000,0.0000,0.0000,0.0000,0.0000,0.0000,0.0000,0.0000,0.0000,0.0000,0.0000,0.0000,0.0625,0.0000,0.0000,0.1625,0.3625,0.4125,0.4250,0.4500,0.4250,0.4250,0.4250,0.4125,0.4375,1.4500,2.1000,A,,,20241220013632,
300,20241220,2.2875,2.0250,1.5250,1.5125,1.5250,1.5125,1.5125,0.6625,0.3125,0.3000,0.3000,0.2625,0.1750,0.1375,0.0000,0.0000,0.0000,0.0000,0.0000,0.0000,0.0000,0.0000,0.0000,0.0000,0.0000,0.0000,0.0000,0.0000,0.0000,0.0000,0.0000,0.0000,0.0000,0.0000,0.0000,0.0000,0.0250,0.1125,0.1875,0.2250,0.2250,0.2250,0.2250,0.2250,0.2250,0.2250,0.2250,0.2125,A,,,20241221015323,
300,20241221,0.2250,0.2250,0.4500,2.1125,2.0750,1.3875,1.4125,1.4000,1.4000,1.4125,1.3875,1.3125,1.2000,1.2375,1.0750,1.1500,0.8750,0.8250,0.1750,0.1500,0.0875,0.0250,0.0250,0.0375,0.0000,0.0000,0.0000,0.0000,0.0000,0.0000,0.0000,0.0000,0.0000,0.0000,0.0000,0.0000,0.0000,0.1000,0.2250,0.3375,0.3375,0.3625,0.3500,0.2750,0.2375,0.2625,0.2625,0.2500,A,,,20241222013413,
300,20241222,0.2500,0.2500,0.2375,0.2250,0.2375,0.2375,0.5875,1.6375,1.5000,1.4875,1.4750,1.4250,1.3375,1.2500,0.9500,0.3875,0.7750,0.5500,0.3750,0.2375,0.1625,0.2125,0.0000,0.0000,0.0000,0.0000,0.0000,0.0000,0.0000,0.0000,0.0000,0.0000,0.0000,0.0000,0.0625,0.1000,0.2250,0.3125,0.3125,0.3125,0.3125,0.3125,0.4875,1.3875,1.5125,1.6750,2.1250,1.3375,A,,,20241223005323,
300,20241223,0.4750,1.2250,1.5750,1.5500,1.5375,1.5250,1.4875,1.4625,1.4750,1.4750,1.4625,1.3875,1.3375,0.9500,0.0000,0.0000,0.0000,0.0000,0.0000,0.0000,0.0000,0.0000,0.0000,0.0250,0.0000,0.0000,0.0000,0.0375,0.0000,0.0000,0.0000,0.0000,0.0000,0.0000,0.0250,0.0125,0.0625,0.1125,0.2125,0.2625,0.8000,1.6375,1.6000,2.2375,2.1750,1.6750,1.5875,1.5625,A,,,20241224013633,
300,20241224,1.5250,1.2000,0.3250,0.3250,0.2875,0.2750,0.2625,0.2750,0.2625,0.2750,0.2625,0.1750,0.0750,0.0375,0.0000,0.0000,0.0000,0.0875,0.0000,0.0000,0.0250,0.0000,0.0000,0.0000,0.0000,0.0000,0.0000,0.0000,0.0000,0.0000,0.0000,0.0000,0.0000,0.0000,0.0000,0.0000,0.0375,0.2125,0.2625,0.2750,0.2750,0.2875,0.2750,0.2875,0.3000,0.7125,0.6750,1.5000,A,,,20241225013214,
300,20241225,1.5750,1.5500,1.5625,1.5750,1.5125,1.5125,1.5125,1.5000,1.4625,1.4500,1.4375,0.5250,0.1500,0.0625,0.1875,0.0000,0.0000,0.0250,0.0250,0.1000,0.0125,0.0000,0.1375,0.0250,0.0000,0.0000,0.0625,0.9250,0.9625,1.1750,1.2625,1.2250,2.8000,2.0250,2.3750,2.6625,2.9375,2.5625,1.0000,2.5750,1.7750,3.1625,3.5000,3.0000,3.0875,1.7125,0.4875,0.7750,A,,,20241226014532,
300,20241226,0.3250,0.3125,0.3250,0.3000,0.3000,0.3000,0.3000,0.3000,0.3000,0.3000,0.3125,0.1625,0.0750,0.0125,0.0000,0.0750,0.1500,0.0875,0.0375,0.0000,0.1875,0.2625,0.0000,0.0000,0.0125,0.0000,0.0000,0.0000,0.0125,0.0000,0.0000,0.0125,0.0250,0.0500,0.1250,0.1625,0.1750,0.1750,0.2125,0.3125,0.2875,0.2750,0.3000,0.3500,0.3000,0.3125,0.9750,2.2125,A,,,20241227013812,
300,20241227,2.1375,2.0875,2.0750,1.8875,1.4000,1.4000,1.4125,1.4000,1.3875,1.4250,1.4000,1.3500,1.2750,1.1625,1.0750,0.3375,0.6000,0.6375,0.1625,0.3125,0.3125,0.4125,0.0000,0.0000,0.0000,0.0000,0.0000,0.0000,0.0000,0.0000,0.0000,0.0000,0.0000,0.0875,0.0000,0.0000,0.0625,0.1375,0.2125,0.2500,0.2750,0.3125,0.3000,0.3000,0.3625,0.3500,0.5125,1.5500,A,,,20241228011600,
300,20241228,1.5250,1.4875,1.4875,1.4750,1.4875,1.4750,1.4750,1.4750,1.4750,1.4875,1.4625,1.4250,1.3000,2.0875,2.0750,1.0250,0.1625,0.1250,0.0750,0.3375,0.0000,0.0000,0.0000,0.0000,0.0000,0.0000,0.0125,0.0000,0.0000,0.0000,0.0000,0.0375,0.0500,0.0125,0.0000,0.0000,0.0000,0.1000,0.9375,1.5875,1.4750,1.5375,1.6125,1.6000,1.6750,2.0000,1.9125,1.7875,A,,,20241229014129,
300,20241229,1.7500,1.4375,1.4250,1.4125,1.4250,1.4125,1.4000,1.4125,1.3750,1.3875,1.4000,0.6375,0.0875,0.0250,0.0000,0.0000,0.0000,0.0000,0.0000,0.0000,0.0000,0.0000,0.0000,0.0000,0.0000,0.0000,0.1375,0.0250,0.0000,0.0000,0.0000,0.0000,0.0000,0.0000,0.1625,0.4500,0.8000,0.5125,0.5125,0.5375,0.4875,0.5125,0.5125,0.4750,0.5125,1.2250,0.6875,0.5500,A,,,20241230020725,
300,20241230,0.5375,0.5250,0.5000,0.3625,0.3000,0.2875,0.2750,0.2750,0.2750,0.2875,0.2625,0.2375,0.1625,0.0875,0.0000,0.0000,0.0000,0.0000,0.0000,0.0000,0.0000,0.0000,0.0000,0.0000,0.0000,0.0000,0.0000,0.0000,0.1250,0.4250,0.1250,0.6500,0.7625,0.3375,0.0000,0.0000,0.1000,0.1125,0.2125,0.3000,0.2750,0.2750,0.2750,1.0250,0.3750,0.3625,0.5250,1.6125,A,,,20241231013144,
300,20241231,1.7125,2.1500,2.1625,2.2125,1.9125,1.4750,1.4500,1.4375,0.3875,0.2500,0.2500,0.1875,0.1500,0.1125,0.0000,0.1625,0.0000,0.0000,0.0000,0.0000,0.0250,0.0000,0.0000,0.0000,0.0000,0.0000,0.0000,0.0000,0.0000,0.0000,0.0000,0.0000,0.0000,0.0000,0.0000,0.0000,0.0125,0.1500,0.2375,0.3000,0.4625,0.3125,0.3750,0.3125,0.2875,0.4750,0.7500,0.4250,A,,,20250101011602,
300,20250101,0.6250,0.2375,0.2625,0.2750,0.2500,0.2375,0.2375,0.2375,0.6125,1.4375,1.3875,1.3750,1.3000,1.1875,1.0625,1.2250,0.5250,0.0125,0.0000,0.0125,0.0500,0.0000,0.0000,0.0000,0.0000,0.0000,0.0000,0.0000,0.0000,0.0000,0.0000,0.0000,0.0000,0.0125,0.1000,0.0000,0.0375,0.1500,0.3500,0.4250,0.4125,0.4125,0.3625,0.3750,0.2250,0.2125,0.2125,0.2000,A,,,20250102013317,
300,20250102,0.2125,0.1875,0.1875,0.1875,0.1750,0.1875,0.1875,0.1750,0.1875,0.1875,0.1750,0.1000,0.0125,0.0000,0.0000,0.0000,0.0000,0.0000,0.0000,0.0375,0.0000,0.0000,0.0125,0.0125,0.0000,0.0000,0.0000,0.0000,0.0000,0.0000,0.0000,0.0000,0.1375,0.0125,0.0000,0.0000,0.0250,0.1500,0.2375,0.3000,0.5250,1.4500,1.5375,1.5250,1.5125,1.5125,1.4875,1.5125,A,,,20250103012621,
300,20250103,1.5500,1.4125,1.4000,1.3625,1.3625,1.3750,1.3625,1.3750,1.3625,1.3750,1.3625,1.3125,1.2500,1.1750,0.8875,0.5125,0.1250,0.0000,0.0000,0.0000,0.0000,0.0000,0.0000,0.0000,0.0000,0.0000,0.0000,0.0000,0.0000,0.0000,0.0000,0.0000,0.0000,0.0000,0.0000,0.0500,0.1000,0.1500,0.2750,0.3500,0.2625,0.3375,0.3500,0.5125,0.4500,0.5625,0.3500,0.2500,A,,,20250104012807,
300,20250104,0.2375,0.2375,0.2250,0.2375,0.2250,0.2375,0.2250,0.2375,0.2250,0.2250,0.2375,0.1750,0.1625,0.0750,0.0000,0.0000,0.0000,0.0000,0.0000,0.0000,0.0000,0.0000,0.0000,0.0000,0.0000,0.0000,0.0000,0.0000,0.0000,0.0000,0.0000,0.0000,0.0000,0.0000,0.0000,0.0125,0.0250,0.0000,0.1125,0.3625,0.4500,0.4375,0.5375,0.5500,0.4125,0.4000,0.4000,0.3250,A,,,20250105014848,
300,20250105,0.2250,0.2250,0.2375,0.2250,0.2250,0.2250,0.2250,0.2250,0.2250,0.2250,0.2250,0.1875,0.0750,0.0250,0.0000,0.0000,0.0000,0.0000,0.0000,0.0000,0.0000,0.0500,0.0500,2.0875,2.5625,2.7875,3.8250,3.3375,3.4625,3.0875,3.4125,3.1875,2.9500,1.4625,0.1750,0.1000,1.3625,1.5125,1.5750,1.5750,1.5875,1.5750,1.5125,1.4875,1.4375,1.4125,1.3875,1.4000,A,,,20250106015444,
300,20250106,1.4500,1.4625,1.4375,1.4375,1.4375,1.4375,1.4375,1.4375,1.4250,1.4250,1.4375,1.4250,1.4375,0.6500,0.2625,0.2250,0.4125,0.3500,0.2625,0.3500,0.0875,0.0250,0.0750,0.0000,0.0500,0.0250,0.0000,0.0000,0.0000,0.0125,0.0000,0.0250,0.0000,0.0000,0.0000,0.0000,0.1125,0.3500,0.4000,0.5125,0.4000,0.3875,0.3875,0.3875,0.3875,0.3750,0.3125,0.2500,A,,,20250107014516,
300,20250107,0.2500,0.2375,0.2250,0.2375,0.2375,0.2250,0.2250,0.2250,0.2250,0.2375,0.2375,0.2375,0.2000,0.1375,0.0000,0.0000,0.0125,0.0000,0.0000,0.0000,0.0000,0.0000,0.0000,0.0000,0.0000,0.0000,0.0000,0.0000,0.0000,0.0000,0.0000,0.0000,0.0000,0.0000,0.0000,0.0000,0.0125,0.9375,0.2875,0.2750,0.2625,0.2625,0.2625,0.2500,0.2375,0.2250,0.9875,1.4750,A,,,20250108015048,
300,20250108,1.5000,1.5000,1.4875,1.4750,1.4750,1.4625,1.4625,1.4375,1.4125,1.4250,1.4125,1.3500,1.3000,2.1000,2.6000,0.7125,0.3500,0.0625,0.0000,0.0000,0.0000,0.0000,0.0000,0.0000,0.0000,0.0000,0.0000,0.0000,0.0000,0.0000,0.0000,0.0000,0.0000,0.0000,0.2000,0.2875,0.3250,0.3750,0.4875,0.5875,0.8625,0.5125,0.6500,1.2375,1.2375,0.9750,0.3250,0.3000,A,,,20250109012500,
300,20250109,0.2875,0.2875,0.2750,0.6125,0.9625,0.9375,0.9375,0.9250,0.8625,0.7375,0.6375,0.7625,0.3250,0.6500,0.3250,0.3250,0.4750,0.1625,0.2250,0.0000,0.0000,0.0000,0.0000,0.0000,0.0000,0.0125,0.0000,0.2375,0.0625,0.0125,0.0125,0.0625,0.0000,0.0500,0.0500,0.0250,0.2375,0.4250,0.5000,0.7125,0.6250,0.5375,0.8125,0.5250,0.6875,0.4375,0.3750,0.3625,A,,,20250110021004,
300,20250110,0.3500,0.3500,0.7750,2.2125,2.1250,2.1250,1.7625,0.9250,0.9125,0.9125,0.9000,0.8750,0.7125,0.5875,0.5500,0.1000,0.0000,0.0000,0.0000,0.0000,0.0000,0.0000,0.0000,0.0000,0.0000,0.0000,0.0000,0.0000,0.0000,0.0000,0.0000,0.0000,0.0000,0.0000,0.0125,0.0000,0.0125,1.1375,2.2750,2.2875,2.2750,2.2375,2.2250,2.2625,2.2500,2.2500,1.9500,1.5125,A,,,20250111014306,
300,20250111,1.5250,1.5125,1.5250,1.5250,1.5375,1.5250,1.5125,0.3125,0.3000,0.3000,0.3125,0.2625,0.2000,0.1250,0.0000,0.0000,0.0000,0.0000,0.0000,0.0000,0.0000,0.0000,0.0000,0.0000,0.0000,0.0000,0.0000,0.0000,0.0000,0.0000,0.0000,0.0125,0.0250,0.0000,0.0000,0.0000,0.4125,1.1000,1.6250,1.6000,1.6375,1.6875,1.6000,1.5875,1.5875,1.5875,1.6000,1.6250,A,,,20250112012227,
300,20250112,1.6375,1.7750,2.2625,2.2875,2.5125,2.6375,1.5125,1.0125,0.9625,0.9375,0.9375,0.9000,0.8000,0.7125,0.5875,0.2750,0.3000,0.1500,0.1000,0.0375,0.0000,0.1500,0.2625,0.2250,0.1125,0.0125,0.0500,0.0750,0.1375,0.1875,0.8375,1.3875,1.1375,0.7250,0.7125,0.6750,1.0375,0.9625,0.3875,0.3500,0.3500,0.3250,0.5125,1.5500,1.7375,2.1625,2.0875,2.0750,A,,,20250113015616,
300,20250113,1.7125,1.4000,1.4125,1.4125,1.4125,1.4250,1.1000,0.2500,0.2500,0.2500,0.2375,0.2500,0.2125,0.1875,0.1250,0.0250,0.1375,0.0500,0.0000,0.0000,0.0000,0.0000,0.0000,0.0000,0.0000,0.0000,0.0000,0.0000,0.0000,0.0000,0.0000,0.0000,0.0000,0.0000,0.0000,0.0500,0.3875,0.6500,1.2000,1.9375,1.0250,0.5750,0.5500,0.6500,1.5750,1.1750,0.9125,0.5375,A,,,20250114012905,
300,20250114,0.5375,0.3875,0.3125,0.3125,0.3000,0.3000,0.3000,0.3000,0.3125,0.3125,0.3000,0.3000,0.2375,0.1500,0.0625,0.2375,0.4250,0.0125,0.0000,0.0000,0.0000,0.0000,0.0000,0.0000,0.0000,0.0000,0.0000,0.0000,0.0250,0.0625,0.2250,0.4125,0.6250,0.3125,0.0625,0.4000,0.7875,1.0750,1.1375,1.1125,0.5125,0.5125,0.5125,0.5875,0.4875,0.5125,0.8875,1.0875,A,,,20250115015509,
300,20250115,1.0125,0.9625,0.9625,0.9500,0.9500,0.9375,0.9375,0.9000,0.8750,0.8875,0.8750,0.6500,0.1750,0.1125,0.0500,0.0125,0.1000,0.2875,0.0625,0.0000,0.0000,0.0000,0.0125,0.0000,0.0000,0.0000,0.0000,0.0000,0.0375,0.2000,0.1875,0.0250,0.1375,0.2875,0.3125,0.2625,0.3000,0.2875,0.3500,0.3750,0.3750,0.2875,0.6500,1.4750,1.5125,1.5000,1.5125,1.5000,A,,,20250116015011,
300,20250116,1.4875,1.4250,1.4250,1.4250,1.4250,1.3125,0.2375,0.2375,0.2375,0.2250,0.2375,0.1750,0.0750,0.0000,0.2500,0.8500,0.2000,0.0625,0.0000,0.0000,0.0000,0.0000,0.0000,0.0000,0.0500,0.0500,0.1750,0.0000,0.0000,0.0000,0.0000,0.0000,0.0000,0.0000,0.0000,0.0000,0.0375,0.1875,0.2250,0.2625,0.2750,0.2625,0.2625,0.2500,0.2750,0.3625,0.3750,0.4125,A,,,20250117014231,
300,20250117,0.4000,0.4500,0.6125,1.0500,0.9750,0.4250,0.4250,0.4375,0.4375,0.4250,0.4250,0.4375,0.3750,0.1625,0.0500,0.0250,1.4000,1.1125,0.0125,0.0000,0.0000,0.0000,0.0375,0.0000,0.0000,0.0000,0.0000,0.0000,0.0000,0.0000,0.0000,0.0000,0.0000,0.0000,0.0000,0.0000,0.0125,0.1875,0.2125,0.2375,0.2500,0.2375,0.2500,0.2500,0.2500,1.2625,1.6000,1.6125,A,,,20250118013843,
300,20250118,1.5750,1.5000,1.5000,1.4750,1.4750,1.4625,1.5250,1.4875,1.4750,1.4750,1.5250,1.4750,1.4000,1.2875,1.1625,0.9000,0.0000,0.0000,0.0000,0.0000,0.0000,0.0000,0.0000,0.0000,0.0000,0.0000,0.0000,0.0000,0.0000,0.0000,0.0000,0.0000,0.0000,0.0000,0.0750,0.0000,0.3500,0.8000,1.4000,1.4125,1.4250,1.4125,1.4250,1.4250,1.4250,1.4375,1.4250,1.4250,A,,,20250119014500,
300,20250119,1.4375,1.4250,1.4250,1.4375,1.4375,1.4500,1.4625,1.4750,1.4625,1.4500,1.4875,1.4375,1.4125,1.3375,1.1000,0.7625,0.3750,0.0625,0.0000,0.0000,0.0000,0.0000,0.0000,0.0000,0.0000,0.0000,0.0000,0.0000,0.0000,0.0000,0.0000,0.0000,0.0000,0.0000,0.0000,2.2750,2.8750,2.9625,3.1000,3.3000,3.0875,3.0875,0.6875,0.8750,0.3375,1.1500,1.5000,1.4750,A,,,20250120015121,
300,20250120,1.4875,1.4375,1.4500,1.4375,1.4500,1.4375,1.5000,1.4625,1.4500,1.4500,1.4500,1.4250,1.3375,1.1750,0.9875,0.7250,0.6125,0.3625,0.0500,0.0000,0.0000,0.1250,0.1000,0.0500,0.0000,0.0125,0.0000,0.0000,0.0000,0.0000,0.0000,0.0000,0.0000,0.0000,0.0250,0.0875,0.4375,0.7250,0.4250,0.4875,0.4375,0.4250,0.4000,1.7875,2.3875,2.3125,2.2500,2.2750,A,,,20250121012037,
300,20250121,1.5625,1.5125,1.5000,1.4625,1.4625,1.4375,1.4500,1.4375,1.4500,1.4250,1.4375,1.4125,1.3125,1.2625,0.0375,0.0000,0.0000,0.0000,0.0000,0.0000,0.0000,0.0000,0.0000,0.0000,0.0000,0.0000,0.0000,0.0000,0.6625,1.3125,1.4125,1.4375,1.6250,1.8375,2.3000,2.5750,2.4625,0.2875,0.3625,0.4500,0.6125,0.5625,0.6750,0.3875,0.4500,2.6625,1.4250,0.2875,V,,,20250122011917,
400,1,27,A,,
400,28,28,A,89,
400,29,48,A,,
300,20250122,0.2875,0.2750,0.2875,0.2750,0.2625,0.2750,0.2750,0.2875,0.2625,0.2750,0.2750,0.2500,0.1500,0.0250,0.0000,0.0000,0.1250,0.0750,0.0625,0.0000,0.0000,0.0000,0.0000,0.0000,0.0000,0.0000,0.0000,0.0000,0.0000,0.0000,0.0000,0.0000,0.0000,0.0000,0.0000,0.0000,0.0125,0.1375,0.2125,0.2375,0.2500,0.2500,0.2500,0.2375,0.2750,0.3375,0.2875,1.1250,A,,,20250123022115,
300,20250123,1.5375,1.5000,1.5000,1.5000,1.4875,1.5000,1.1875,0.3125,0.3250,0.3125,0.3250,0.2875,0.2000,0.1750,0.9000,0.0000,0.0000,0.0000,0.0000,0.0000,0.0000,0.0000,0.0000,0.0000,0.0000,0.0000,0.3500,0.8625,0.9375,1.0500,1.0375,1.1500,0.3375,0.0000,0.0250,0.0375,0.1000,0.2250,0.2375,0.2500,0.2625,0.2500,0.2375,0.2500,1.2875,1.4125,1.4125,1.4125,A,,,20250124012920,
300,20250124,1.4500,1.4500,1.4125,1.4000,1.4125,1.4000,0.5250,0.2125,0.2250,0.2125,0.2250,0.2125,0.1375,0.0250,0.0125,0.0000,0.0000,0.3000,0.1625,0.0500,0.0000,0.0000,0.0000,0.0000,0.0000,0.0000,0.0000,0.0000,0.0000,0.0000,0.0000,0.0000,0.0000,0.0000,0.0000,0.0000,0.0125,0.2250,0.2625,0.3000,0.3000,0.2875,0.3125,0.3250,0.3125,0.3125,0.3500,0.3125,A,,,20250125020326,
300,20250125,0.3000,1.1750,1.0125,1.5875,1.5750,1.5875,1.5875,1.6500,2.0500,1.5625,1.5250,1.5000,1.3750,1.2875,1.1125,0.8875,0.7750,0.5000,0.3000,0.0250,0.1625,0.0000,0.0000,0.0000,0.0000,0.0000,0.0000,0.0000,0.0000,0.0000,0.0000,0.0000,0.0000,0.0000,0.0000,0.0000,0.0500,0.1625,0.2500,0.2625,0.2625,0.2750,0.3000,0.2875,0.2750,0.2750,0.2625,0.2750,A,,,20250126023414,
300,20250126,0.2625,0.2750,0.2625,0.2625,0.2625,0.2625,0.2625,0.2625,1.2375,1.5125,1.5250,1.5000,1.4375,1.8625,1.6500,0.9625,0.6500,1.0500,0.8125,0.4250,0.1625,0.1125,0.1500,0.0500,0.2125,0.0125,0.0000,0.0000,0.0000,0.0000,0.0000,0.0000,0.0125,0.0000,0.1500,0.3625,0.0750,0.2625,0.3000,0.5875,1.6250,1.6500,1.6875,1.6250,1.6375,1.5500,1.5000,1.5125,A,,,20250127015741,
300,20250127,1.2625,2.4750,0.4125,0.4375,0.4250,0.4375,0.3625,0.3250,0.3125,1.0125,1.0000,0.9875,0.9500,0.7250,0.7375,0.3000,0.0000,0.1625,0.6375,0.0125,0.0000,0.0500,0.0000,0.0000,0.0000,0.0000,0.0000,0.1375,0.4625,0.0000,0.0000,0.0125,2.5500,4.0750,2.5875,1.7875,2.9250,3.0125,3.0125,2.9750,2.9500,3.9250,3.9875,4.0875,4.2375,1.7250,0.5125,0.4875,A,,,20250128015128,
300,20250128,0.5000,0.4875,0.4500,0.4500,0.4625,0.4375,0.4125,0.4125,0.4250,0.4875,0.4500,0.4375,0.3625,0.3500,0.0625,0.0000,0.0125,0.0000,0.0000,0.0000,0.0000,0.0000,0.0125,0.0000,0.0000,0.0000,0.0000,0.0000,0.0000,0.0000,0.0000,0.0000,0.0000,0.0000,0.4250,0.8375,0.4125,0.3875,0.7750,1.6500,1.6500,1.6375,1.5875,1.5625,1.5875,1.6250,1.6500,1.6250,A,,,20250129021431,
300,20250129,1.6000,1.6000,1.5875,1.5750,1.6000,1.5125,0.3500,0.3500,0.3375,0.3500,0.3500,0.3500,0.3000,0.2250,0.1250,0.0125,0.0125,0.0000,0.0000,0.0000,0.0000,0.0000,0.0000,0.0000,0.0000,0.0000,0.0000,0.0000,0.0000,0.0000,0.0000,0.0000,0.0000,0.0000,0.5125,0.8875,1.3000,2.1250,2.6375,0.7500,2.0250,1.5625,1.5250,1.5250,1.5250,1.5125,1.5000,1.4750,A,,,20250130013940,
300,20250130,0.3000,0.2875,0.2750,0.2750,0.2875,0.2750,0.2875,0.2750,0.2625,0.3125,0.3125,0.3125,0.2875,0.2375,0.1125,0.0250,0.0000,0.0000,0.0000,0.0000,0.0000,0.0000,0.0000,0.0000,0.0000,0.0000,0.0000,0.0000,0.0000,0.0000,0.0000,0.0000,0.0000,0.0000,0.0000,0.0000,0.8625,1.5875,1.5000,1.5250,1.5750,1.6875,1.6750,1.6500,1.6250,1.6000,1.5750,1.5875,A,,,20250131021148,
300,20250131,1.0500,0.4375,0.4125,0.4125,0.4000,0.4000,0.3750,0.3375,0.3375,0.3375,0.3375,0.3250,0.2750,0.1125,0.0625,0.0250,0.0000,0.0000,0.0000,0.0000,0.0000,0.0000,0.0000,0.0000,0.0000,0.0000,0.0000,0.0000,0.0000,0.0000,0.0000,0.0000,0.0000,0.0000,0.0000,0.0000,0.0875,0.3125,0.3750,0.3625,0.3375,0.3375,0.3375,0.3250,0.3375,0.3375,0.3125,0.3250,A,,,20250201131916,
300,20250201,0.3250,0.3250,0.3125,0.4125,1.5125,1.5125,1.4875,1.5125,1.4875,1.5000,1.4875,1.5000,1.4250,1.3375,0.4375,0.0000,0.0000,0.0000,0.0000,0.0000,0.0000,0.0000,0.0000,0.0000,0.0000,0.0000,0.0000,0.0000,0.0625,0.1250,0.2750,0.4500,0.6500,0.9250,1.2625,1.3750,1.2625,0.2875,0.3000,0.3000,0.3000,0.3000,0.4500,2.8375,2.8250,0.6750,0.4000,0.3875,A,,,20250202013129,
300,20250202,0.3875,0.4125,0.3625,0.3000,0.3000,0.3000,0.3000,0.3000,0.3125,0.3000,0.3250,1.5375,1.4375,1.2500,1.1750,0.8250,0.7375,0.7125,0.2125,0.1000,0.0000,0.0000,0.0000,0.0000,0.0000,0.0000,0.0000,0.0000,0.0000,0.0000,0.0000,0.0000,0.0000,0.0000,0.0750,0.2500,0.2750,0.3000,0.4500,1.5875,1.6625,2.8000,3.9750,4.0750,4.0500,4.2625,4.0625,1.6625,A,,,20250203011423,
300,20250203,1.6000,1.5500,1.5500,1.5375,1.5500,1.5375,1.5250,1.5250,1.5125,1.5250,1.5250,1.5125,1.4125,1.3375,1.1875,0.0000,0.0000,0.0875,0.1750,0.0000,0.0000,0.0000,0.0000,0.0000,1.1875,0.0000,0.0000,0.0000,0.0000,0.0125,0.0000,0.0000,0.0000,0.0000,0.0000,0.5250,1.1500,1.4750,0.4625,3.2875,4.2250,4.2250,4.2125,4.1250,4.0875,3.6250,4.1000,1.9750,A,,,20250204020939,
300,20250204,1.5625,1.5500,1.5375,1.5375,1.5500,1.5500,1.5250,1.5500,1.5500,1.5250,1.5000,1.4875,1.5000,1.3875,0.1250,0.0000,0.0375,0.0125,0.0000,0.0000,0.0000,0.0000,0.0000,0.0000,0.0000,0.0125,0.0000,0.0000,0.0000,0.0000,0.0000,0.0000,0.0000,0.0000,0.0125,0.0375,0.1750,0.3125,0.3375,0.3375,0.3375,1.2125,1.6250,1.9000,1.9125,1.6625,1.5750,1.5375,A,,,20250205010303,
300,20250205,1.5125,1.5000,1.5000,1.5000,1.5125,1.4875,1.5125,1.4875,1.4875,1.4875,1.4750,0.6500,0.2875,0.2125,0.5000,0.3250,0.0250,0.0000,0.0000,0.0000,0.0000,0.0000,0.0000,0.0000,0.0000,0.0000,0.0000,0.0000,0.0000,0.0000,0.0000,0.0000,0.0000,0.0000,0.0000,0.0000,0.3125,2.8750,2.0125,1.5250,1.9250,2.2000,4.0875,4.8250,4.4500,2.2875,1.9750,2.1625,A,,,20250206023939,
300,20250206,2.1750,1.7750,0.9000,0.8750,0.3875,0.3375,0.3125,0.3125,0.3125,0.3125,0.3000,0.3125,0.2625,0.1750,0.1500,0.0000,0.0000,0.0000,0.0000,0.0000,0.0000,0.0000,0.0000,0.0000,0.0000,0.0000,0.0000,0.0000,0.0000,0.0000,0.0000,0.0000,0.0000,0.0000,0.0000,0.0000,0.0750,0.2375,0.2875,0.3125,0.4500,1.2500,4.0250,3.3875,1.6250,1.6375,2.2875,2.2875,A,,,20250207011029,
300,20250207,1.6000,1.5875,1.5750,1.5875,1.5750,1.5750,1.5750,1.5625,1.5375,1.5500,1.5375,1.5500,1.4500,0.2500,0.2125,0.2375,0.1750,0.0875,0.4625,0.0125,0.3875,0.0000,0.0000,0.1375,0.0250,0.0000,0.0750,0.0125,0.0000,0.0000,0.0375,0.0875,0.0125,0.2750,0.3500,0.7250,0.6500,1.6250,1.6500,1.5375,1.5250,1.5125,1.5250,1.5375,1.5625,1.5000,1.5125,1.9375,A,,,20250208012042,
300,20250208,1.8375,1.5250,0.9625,0.3250,0.3375,0.3250,0.3250,0.3375,0.3250,0.3250,0.3250,0.3375,0.3000,0.1750,0.1250,0.1000,0.0250,0.0000,0.0375,0.0125,0.0000,0.0000,0.0000,0.6000,0.0375,0.0000,0.2375,0.2500,0.0125,0.7375,0.6750,0.8750,0.9750,0.1875,0.2125,0.2625,0.2625,0.2750,0.3000,0.7750,1.2375,0.8375,0.4375,0.2875,0.2875,0.3000,0.2500,0.2250,A,,,20250209011059,
300,20250209,0.2125,0.2125,0.2000,0.2000,0.2000,0.2000,0.2000,1.6250,1.4125,1.3875,1.3875,1.3875,1.3875,1.2750,1.1625,1.0750,1.0125,0.9250,0.4625,0.0000,0.0375,0.0000,0.0000,0.0000,0.0000,0.0000,0.0000,0.0000,0.0000,0.0000,0.0000,0.0000,0.0500,1.3000,1.7875,1.6625,1.0000,0.3000,0.4250,0.4625,0.4750,0.4500,0.6375,1.6625,1.5500,1.5375,1.4750,1.4625,A,,,20250210011307,
300,20250210,1.4375,1.4500,1.4375,1.4375,1.4375,1.4375,1.4375,1.0375,0.3375,0.2875,0.2750,0.2750,0.2750,0.2125,0.1375,0.0875,0.0375,0.0125,0.0500,0.0000,0.0000,0.0000,0.0000,0.0000,0.0000,0.0000,0.0000,0.0000,0.0000,0.0000,0.0000,0.0000,0.0000,0.0000,0.0000,0.0000,0.1000,0.9000,1.5125,3.0625,4.2375,3.8000,1.6250,2.0000,1.6000,1.6000,1.7125,1.5750,A,,,20250211010659,
300,20250211,2.0750,1.4750,1.3250,0.3000,0.3125,0.2875,0.3000,0.2875,0.3000,0.2875,0.3375,0.3000,0.2375,0.2000,0.0500,0.1000,0.0250,0.0000,0.0500,0.0000,0.0000,0.0000,0.0000,0.0000,0.0000,0.0000,0.0000,0.0000,0.0000,0.0000,0.0000,0.0000,0.0000,0.0000,0.0000,0.0125,0.1000,0.2750,0.3000,0.3125,0.2875,0.3250,0.3125,0.2750,0.2875,0.6500,1.9750,1.5125,A,,,20250212010116,
300,20250212,1.4875,1.5000,1.5000,2.1750,2.1125,2.1000,2.1000,2.1000,2.0875,2.0875,2.1125,1.8750,1.4125,1.3625,1.1875,0.8000,0.0125,0.0000,0.0000,0.0000,0.0000,0.0000,0.0000,0.0000,0.0000,0.0000,0.0000,0.0000,0.0000,0.0000,0.0000,0.0000,0.0000,0.0000,0.0000,0.0000,0.1750,0.8875,0.3750,0.3875,0.4000,0.3875,0.3875,0.3875,0.3875,0.3750,0.3875,0.3750,A,,,20250213012925,
300,20250213,1.0750,2.0375,2.0625,1.5375,1.5250,1.5375,1.5375,1.5250,1.5375,1.5250,1.5625,1.5125,1.4875,1.3375,1.2125,1.1750,0.3875,0.0000,0.0000,0.0000,0.0000,0.0000,0.0000,0.0000,0.0000,0.0000,0.0000,0.0000,0.0000,0.0000,0.0125,0.0000,0.1375,0.1625,0.2250,0.2375,0.2750,0.2875,0.4000,0.7250,0.3375,0.3375,0.3625,0.3500,0.3125,0.3000,0.3000,0.3000,A,,,20250214014525,
300,20250214,0.3125,0.3000,1.1625,1.5375,1.5375,1.5375,1.5375,1.5500,1.5375,1.5500,1.5625,1.5250,1.4750,1.5375,2.1625,0.9625,0.5875,0.2125,0.1875,0.5250,0.3625,0.0000,0.0000,0.0000,0.0000,0.0000,0.0000,0.0000,0.0000,0.0000,0.0000,0.0000,0.0250,0.0250,0.0125,0.0500,0.1750,0.3500,0.4625,0.7625,1.7125,1.7500,1.7625,1.7625,1.7375,1.6750,1.6750,1.6625,A,,,20250215023634,
300,20250215,1.6375,1.6250,1.6375,1.6500,1.6500,1.6500,1.6250,1.6375,1.6250,1.5625,1.5250,1.5125,1.9375,1.8500,1.2625,1.1500,1.1000,1.1375,1.0875,0.2500,0.0500,0.0500,0.0125,0.0000,0.7125,0.0625,0.4625,0.8625,0.0375,0.3125,0.2500,1.2250,0.2875,0.0625,0.5750,0.2625,0.2500,0.2625,0.3125,0.3750,0.4375,0.3875,0.3875,0.3875,0.8625,0.7250,0.3375,0.3625,A,,,20250216013812,
300,20250216,0.3375,0.3375,0.3375,0.3625,0.3250,0.3375,0.3250,0.3125,0.3250,0.3250,1.1875,1.4500,1.4625,1.9250,1.8375,1.8625,1.1500,0.8875,0.0875,0.2375,0.0000,0.0000,0.0000,0.0000,0.0000,0.0125,0.0000,0.0000,0.0000,0.0000,0.0000,0.0000,0.0000,0.0000,0.0000,0.1375,0.2250,0.4375,0.4875,0.3375,0.4125,0.7250,1.5125,1.4875,2.0500,1.4750,1.4750,1.4625,A,,,20250217014748,
300,20250217,1.4500,1.4375,1.4375,1.6750,1.9250,1.7500,1.4375,1.4375,1.4125,1.4750,1.4250,1.4375,1.4000,1.3000,1.2500,0.6000,0.0000,0.0000,0.0000,0.0000,0.0000,0.0000,0.0000,0.0000,0.0000,0.0000,0.0000,0.0000,0.0000,0.0000,0.0000,0.0000,0.0250,0.3500,0.6500,1.0250,1.4000,1.8250,1.5500,1.5250,1.2125,0.3625,0.9500,0.7125,0.3000,1.6375,1.5125,1.5125,A,,,20250218013408,
300,20250218,1.4750,1.4625,1.4625,1.4500,1.4625,1.4500,1.4625,1.4500,1.5000,1.4875,1.4625,1.6000,0.5375,0.1750,0.0500,0.0000,0.0000,0.0125,0.0000,0.0000,0.0000,0.0000,0.0000,0.0000,0.0000,0.0125,0.0000,0.0000,0.0000,0.0375,0.0000,0.0000,0.0000,0.0125,0.0000,0.0000,0.2500,1.0750,0.5125,0.5250,0.4875,0.6375,0.3750,1.1000,0.8125,1.5250,1.8500,1.4500,A,,,20250219012912,
300,20250219,1.4375,1.4375,1.4375,1.4250,1.4250,1.4375,1.4250,1.4250,1.6000,1.7500,1.0875,0.2500,1.2250,1.0125,0.1125,0.7875,0.8625,0.4375,0.5000,0.7250,0.3500,0.1500,0.0000,1.3000,0.4375,0.0250,0.0625,0.0000,0.0000,0.0000,0.0625,0.1125,0.2875,0.0500,0.0000,0.0000,0.1125,0.2125,0.2625,0.2625,0.2750,0.2875,1.0125,2.1000,2.1500,2.3500,1.5500,1.5625,A,,,20250220013719,
300,20250220,1.5250,1.4875,1.5000,1.4750,1.4875,1.4875,1.4750,1.4875,1.4625,1.4625,1.4625,1.4500,1.4625,1.7250,1.4250,0.1500,1.0750,1.4125,0.8000,0.7500,0.8875,0.8625,0.2125,0.0250,0.0625,0.0125,0.0000,0.0000,0.0000,0.0000,0.0000,0.0000,0.0000,0.0000,0.0000,0.0000,0.2625,0.3375,0.4125,0.3750,0.3750,0.3625,0.3500,0.3375,0.8250,1.4625,1.4750,1.4625,A,,,20250221014522,
300,20250221,1.4625,1.4500,1.4375,1.4500,1.4500,1.4375,1.4375,1.4750,0.9875,0.6125,0.2500,0.2500,0.2250,0.7375,1.0125,0.0125,0.0000,0.0000,0.0000,0.0000,0.0000,0.0000,0.0000,0.0000,0.0000,0.0000,0.0000,0.0000,0.0000,0.0000,0.0000,0.0000,0.0000,0.0000,0.0000,0.0125,0.0500,0.1750,0.2500,0.2375,0.2375,0.2500,0.2875,0.2875,0.6625,0.6250,0.3375,0.7125,A,,,20250222014601,
300,20250222,0.2625,0.2750,0.2500,0.2625,0.2500,0.2625,0.2500,0.2500,0.2500,0.2500,0.2375,0.2500,0.2500,0.4875,1.8000,1.0500,0.6375,0.2875,0.1875,0.0500,0.0000,0.1875,0.0875,0.0250,0.0000,0.0000,0.0000,0.0000,0.7250,2.6875,0.0750,0.1375,1.6500,3.5125,4.7750,5.0125,5.2000,2.6000,1.5875,2.8125,4.4625,1.3500,0.3625,0.3250,0.3250,0.2750,0.2875,0.2875,A,,,20250223021517,
300,20250223,0.2750,0.2625,0.2500,0.2375,0.2500,0.2500,0.2375,0.2375,0.2500,0.2375,3.2750,4.1125,4.0375,1.6375,1.1750,1.0875,0.8625,0.5125,0.7875,0.3000,0.0500,0.1625,0.9125,0.9875,0.1625,0.0000,0.0000,0.0000,0.0000,0.0125,0.0000,0.0000,0.0000,0.0000,0.0000,0.0000,0.1500,0.2625,0.3125,0.4375,0.4250,0.4250,0.3750,0.3625,0.3500,0.3500,0.3125,1.8000,A,,,20250224012917,
300,20250224,2.2125,1.7000,1.4750,1.4750,1.4750,1.4625,1.4750,1.4750,1.4625,1.4625,1.4750,1.6250,1.4500,1.3750,1.3250,0.7625,0.0000,0.0125,0.5250,0.0000,0.0000,0.0000,0.0375,0.1000,0.0250,0.0000,0.0000,0.0000,0.0000,0.0000,0.0000,0.0000,0.0000,0.0000,0.0000,0.0250,0.7000,1.7250,1.7125,1.7375,1.7375,1.6500,1.6500,1.6625,1.6375,1.7125,1.8750,1.6125,A,,,20250225010155,
300,20250225,1.4875,1.4500,1.4625,1.4500,1.4625,1.4625,1.4500,1.4625,1.4500,1.4500,1.4500,1.5000,1.4500,1.3500,0.7250,0.0250,0.0750,0.0000,0.0125,0.0000,0.0000,0.0000,0.0000,0.0000,0.0000,0.0000,0.0000,0.0000,0.0000,0.0000,0.0000,0.0000,0.0000,0.0500,0.0000,0.4000,0.6750,0.3875,0.4000,0.3000,0.2875,0.3000,0.3250,0.2875,0.3125,1.2375,1.5500,1.5125,A,,,20250226013956,
300,20250226,1.5125,1.5000,1.5000,1.4875,1.6500,2.2000,1.9500,1.5000,1.5000,1.8000,1.4875,1.5000,1.5250,1.4125,1.2875,1.0375,0.6875,0.3000,0.0375,0.0250,0.0000,0.0000,0.0000,0.0000,0.0000,0.0000,0.0000,0.0000,0.0000,0.0000,0.0000,0.0000,0.0000,0.0000,0.0000,0.0000,0.0625,0.2000,0.2625,0.2750,0.2750,0.2750,0.2625,0.2625,1.0375,1.6375,2.1125,1.6000,A,,,20250227012044,
300,20250227,1.5750,1.5375,1.5250,1.5125,1.5125,1.5500,1.5375,1.5250,1.5125,1.5125,1.5125,1.5625,1.5125,1.4625,1.3125,0.6875,0.4125,0.3125,0.1000,0.0000,0.0000,0.0000,0.0000,0.0000,0.0000,0.0000,0.0000,0.0000,0.0000,0.0000,0.0000,0.0000,0.0000,0.0000,0.1125,0.1500,0.2000,0.2750,0.3000,0.3125,0.2875,0.3375,0.3375,0.3375,0.3000,0.2750,0.2625,0.2625,A,,,20250228020711,
300,20250228,0.2625,1.3750,1.5750,1.6000,1.5875,1.5500,1.5500,1.5500,1.5500,1.5375,1.5375,1.5250,1.5125,1.4500,1.3250,0.5250,0.0000,0.0000,0.0000,0.0000,0.0125,0.0125,0.0000,0.0000,0.0000,0.0000,0.0000,0.0000,0.6875,1.0500,0.2875,0.0000,0.0000,0.0000,0.0000,0.0250,0.1500,0.2375,0.2750,0.3375,0.3750,0.3500,0.5375,0.3250,0.6500,0.2625,0.2625,0.2625,A,,,20250301013631,
300,20250301,0.2500,0.2500,0.2500,0.2625,0.2500,0.2500,0.2500,0.2500,0.2500,0.2375,0.2500,0.2375,0.2500,0.1875,0.0875,0.0000,0.0250,0.0000,0.0000,0.0000,0.0000,0.0625,0.0000,0.0000,0.0000,0.0000,0.0000,0.0000,0.0000,0.0000,0.0000,0.0000,0.0000,0.0000,0.0000,0.0125,0.1625,0.2625,0.3375,0.4500,0.3875,0.3875,0.3750,0.8375,0.9000,0.7625,0.3000,0.2625,A,,,20250302013927,
300,20250302,0.3000,0.2750,0.2625,0.4250,0.2750,0.2875,0.2750,0.2750,0.2750,0.2625,0.2625,0.2625,0.2500,0.1250,0.0875,0.3750,0.0375,0.0000,0.0250,0.0000,0.0125,0.0000,0.0125,0.0000,0.0000,0.0000,0.0000,0.0000,0.0000,0.0000,0.0000,0.0000,0.0000,0.0000,0.0250,0.2250,0.2375,0.3000,0.3375,0.3000,0.3250,0.8375,0.3125,0.3875,0.3750,0.5375,0.3250,0.8500,A,,,20250303011459,
300,20250303,1.4875,1.5375,1.5000,1.5750,2.0500,1.5000,1.5000,1.4625,1.4625,1.5875,2.1625,1.8875,1.6875,1.5250,1.6625,1.4500,0.2500,0.0000,0.0000,0.1000,0.0000,0.0000,0.0000,0.0000,0.0000,0.0000,0.0000,0.0000,0.0000,0.0000,0.0000,0.0000,0.0000,0.0000,0.0000,0.0250,0.2500,0.3000,0.3250,0.2750,0.4375,0.2625,0.6375,0.2250,0.2125,0.2250,1.0375,1.4000,A,,,20250304023012,
300,20250304,1.4000,1.4000,1.4000,1.4000,1.4000,1.3875,1.4000,1.4000,1.3875,1.3875,1.3875,1.4000,1.3750,1.3250,1.2000,0.5875,0.0000,0.0000,0.0000,0.0000,0.0000,0.0000,0.0000,0.0000,0.0000,0.0000,0.0000,0.0000,0.0000,0.0000,0.0000,0.0000,0.0000,0.0000,0.0000,0.0125,0.1625,0.2250,0.2375,0.2500,0.2375,0.2500,0.2750,0.2625,0.2500,0.2625,0.2500,1.2250,A,,,20250305013159,
300,20250305,1.5875,1.8875,1.5375,1.8000,2.1375,2.0000,1.9000,1.9000,1.8875,1.5625,1.4500,1.4375,1.4500,1.4000,1.3000,1.0500,0.8000,0.4875,0.2625,0.0375,0.4625,0.0000,0.0000,0.0125,0.0000,0.0000,0.1625,0.2875,0.2875,0.1875,0.0000,0.0000,1.3125,3.1000,3.3625,3.7000,4.0250,4.0500,2.2250,2.8000,1.0625,0.4000,0.3250,0.3000,0.3000,0.3375,0.2750,0.2875,A,,,20250306013622,
300,20250306,0.2750,1.0250,1.4625,1.4500,1.4625,1.4500,1.4625,1.4500,1.4500,1.4500,1.4375,1.4500,1.4625,1.4250,1.4250,1.6000,1.5750,1.4625,1.3125,1.2500,1.3625,1.3000,1.0000,0.7125,1.0500,0.0375,0.0500,0.0000,0.0000,0.0000,0.0000,0.0250,0.0625,0.0875,0.1625,0.1250,0.3375,0.4000,0.4125,0.4625,0.4250,0.6250,0.4000,0.4000,0.4125,0.6000,0.3750,0.7250,A,,,20250307011625,
300,20250307,1.2375,1.9000,1.5625,1.6000,2.0875,2.0750,1.8875,1.8750,1.8500,1.8500,1.4625,1.4375,1.4500,1.4125,1.3125,1.0500,0.5750,0.0000,0.0000,0.0000,0.0000,0.0000,0.0000,0.0000,0.0000,0.0000,0.0000,0.0000,0.7750,1.1875,1.3625,0.4750,0.0000,0.0000,0.1000,0.0625,0.3000,0.3375,0.6750,0.4375,0.5875,0.3000,0.2875,0.2875,0.2625,0.2875,0.2625,0.2625,A,,,20250308014117,
300,20250308,0.2375,0.2625,0.2500,1.2875,1.5125,1.5375,1.5250,1.5250,1.5250,1.5000,1.5000,1.4750,1.4625,1.4125,1.5000,1.0250,0.7000,0.3125,0.0750,0.0000,0.0000,0.2875,0.0000,0.0000,0.0000,0.0000,0.0000,0.0000,0.0000,0.0000,0.0000,0.0000,0.0000,0.0125,0.0000,0.1625,0.3250,0.3500,0.4500,0.4250,0.4375,0.4375,0.4000,0.4000,1.9125,2.4875,2.8125,2.3875,A,,,20250309012157,
300,20250309,2.3875,2.1500,2.1250,2.0375,1.9000,1.9000,1.7625,1.5375,1.5000,1.5125,1.5125,1.5000,1.3250,0.2250,0.1875,0.0000,0.0000,0.0000,0.0000,0.0000,0.0000,0.7500,1.7750,0.0000,0.9250,0.4125,0.3875,2.3375,0.1500,2.1250,3.3500,3.3750,4.0875,4.3375,4.5625,4.5750,4.5500,4.5500,4.6000,4.5375,4.4375,3.9875,2.7875,3.3125,3.3125,3.7250,3.9625,3.1375,A,,,20250310015034,
300,20250310,3.1250,3.2250,1.5375,0.3625,0.7625,1.5625,1.5375,1.5125,1.5125,1.5250,1.5000,1.5000,1.5000,1.4750,1.4125,1.0625,0.7375,0.4125,0.1750,0.0000,0.0000,0.0000,0.0000,0.0000,0.0000,0.0000,0.0000,0.8750,1.3625,1.4375,1.7750,1.8625,2.1125,2.3250,2.6250,2.8875,3.0375,1.2375,0.4125,0.4125,0.4250,0.5250,0.4125,0.3125,0.5375,1.5375,2.2250,2.2000,A,,,20250311014817,
300,20250311,2.2000,2.1500,2.1500,2.1250,2.1125,2.1125,2.1125,2.1000,2.0750,2.0875,2.1250,1.9750,1.4875,1.4000,1.3750,0.8500,0.0000,0.0000,0.0000,0.0000,0.0000,0.0000,0.0000,0.0000,0.0000,0.0000,0.0000,0.0000,0.0000,0.0000,0.0000,0.0000,0.0000,0.0000,0.0000,0.1000,0.2750,0.4875,0.4625,1.2625,0.5125,0.7875,0.4000,0.3500,0.3250,0.3250,1.2875,2.3000,A,,,20250312014246,
300,20250312,2.2375,2.2250,2.2125,2.2125,1.8000,1.5125,1.5125,1.4750,1.4750,1.5500,1.5000,1.4375,1.4375,1.4250,1.4000,1.2750,0.9875,0.8000,0.6000,0.8250,1.6125,1.1500,0.5625,0.3500,0.3625,1.0750,0.6500,0.6500,0.9000,1.6625,1.9500,1.2875,1.5750,1.9875,0.3000,0.3375,0.2625,0.2375,0.3375,0.3375,0.3375,0.3375,0.3250,0.3250,0.3375,0.5875,0.5375,0.4375,A,,,20250313013841,
300,20250313,0.4000,0.3625,0.3750,0.3625,0.3625,0.3625,0.3500,0.3375,0.3375,0.3250,0.3250,0.3125,0.3250,0.3250,0.2125,0.1000,0.0250,0.0000,0.0250,0.0375,0.0000,0.0000,0.0000,0.0125,0.0000,0.0000,0.0000,0.0000,0.0000,0.0000,0.0000,0.0000,0.0750,0.0000,0.0125,0.2625,0.4500,0.4125,0.3625,0.3375,0.3375,0.3375,0.3375,1.5250,1.0250,0.3875,0.3875,1.2125,V,,,20250314021441,
400,1,3,A,,
400,4,4,A,89,
400,5,48,A,,
300,20250314,1.5125,1.5000,1.5000,1.5000,1.5000,1.5125,1.5000,1.0000,0.3250,0.5375,0.3125,0.3125,0.3000,0.2500,0.1875,0.0625,0.0000,0.0000,0.0000,0.0000,0.0000,0.0000,0.0000,0.0000,0.0000,0.0000,0.0000,0.0000,0.0000,0.0000,0.0000,0.0000,0.0000,0.0000,0.0125,0.1500,0.3000,0.3375,0.3250,0.5125,2.6000,4.7625,4.1500,3.8125,3.4000,3.3875,2.4875,2.8375,A,,,20250315014658,
300,20250315,1.6250,1.6375,1.5375,1.2125,0.4500,0.3500,0.3500,0.3500,0.3500,0.3375,0.3375,0.3375,0.3375,0.2875,0.1000,0.0125,0.0000,0.0000,0.0250,0.0000,0.0000,0.0000,0.0000,0.0000,0.0000,0.0000,0.1375,0.1500,0.0000,0.0000,0.0000,0.0500,0.2250,0.2000,0.1875,2.2250,4.4250,4.4125,4.3875,5.2250,5.1500,4.0000,4.2125,4.0875,4.1500,3.8625,3.8500,1.7375,A,,,20250316012919,
300,20250316,1.5125,1.1625,1.0750,0.9250,0.9250,0.7500,1.0625,1.9875,2.2125,2.1625,2.1375,2.1375,2.1125,2.1250,2.1250,1.8500,1.8500,1.0875,0.9875,0.5750,1.0625,0.8000,0.6750,0.1500,0.1875,0.1625,0.1000,0.1875,0.1625,0.2125,0.1875,0.0000,0.0125,0.0000,0.0000,0.1000,0.2125,0.2625,1.1875,0.4375,0.9625,1.6000,1.7750,1.5500,2.3000,2.5125,2.5125,2.4875,A,,,20250317014534,
300,20250317,2.4875,2.4875,1.4500,1.4500,1.4500,1.4625,1.2500,0.2875,0.2625,0.2625,0.2875,0.5875,0.2375,0.2250,0.1375,0.1125,0.0125,0.1125,0.0000,0.0500,0.0125,0.0000,0.0000,0.0000,0.0000,0.0000,0.0000,0.0000,0.0000,0.0000,0.0000,0.0000,0.0000,0.0750,0.0875,0.2375,0.6000,0.3250,0.3750,0.4250,0.4875,0.5375,0.7125,0.3500,0.5875,0.3625,0.6000,0.2625,A,,,20250318012905,
300,20250318,0.2500,0.3750,2.3875,2.3625,2.3500,2.3500,2.3500,2.3375,2.3375,1.4250,1.4250,1.4125,1.6000,1.4125,0.7625,0.0000,0.0000,0.0000,0.0125,0.0000,0.0000,0.0000,0.0000,0.0000,0.0000,0.0000,0.0000,0.0000,0.0000,0.0000,0.0000,0.0000,0.0000,0.0000,0.0125,0.2125,0.4750,0.4500,0.4375,0.4250,0.5250,0.3625,0.3000,0.2750,0.2875,0.2625,0.2625,0.2625,A,,,20250319013207,
300,20250319,1.7750,1.4625,1.4625,1.4625,1.4625,1.4625,1.4625,1.4625,1.4500,1.5625,2.1750,2.0250,1.6375,2.3750,2.2875,1.6250,1.6750,1.4500,1.1375,0.8875,0.7250,0.6125,0.5125,0.0000,0.1375,0.1625,0.0625,0.0000,0.0000,0.0000,0.0000,0.3500,0.2250,0.4625,0.8000,0.2500,0.3250,0.4000,0.3625,0.3625,0.3875,0.4875,0.4125,0.4625,0.4125,0.3875,0.3625,1.0000,A,,,20250320013131,
300,20250320,1.5125,1.5000,1.5125,1.5000,1.5000,1.5000,1.4875,1.4750,1.5250,1.4625,1.4625,1.4625,1.4750,1.4875,0.6750,0.2750,0.3250,0.2500,0.0875,0.0000,0.0625,0.0000,0.0625,0.0250,0.0375,0.0000,0.1500,0.2000,0.1250,0.1500,0.2500,0.3125,1.0375,0.7625,0.5500,1.0500,1.2000,1.2875,1.1750,1.1750,1.1750,1.1875,1.1875,1.1750,1.1375,0.7250,0.4375,0.5000,A,,,20250321013254,
300,20250321,1.6375,1.5750,1.5375,1.5625,1.5500,1.5500,1.5500,1.5500,1.5250,0.7625,0.3375,0.3250,0.3250,0.3375,1.1500,1.0750,0.8375,0.7125,0.2000,0.1000,0.0875,0.2125,0.2125,0.0625,0.0000,0.0250,0.7875,0.1000,0.0500,0.0125,0.0500,0.1875,0.3250,0.5500,0.5750,0.3875,0.4500,1.4250,1.3750,0.4625,0.4125,0.6000,0.9750,0.9250,0.6625,0.6375,0.5000,0.2750,A,,,20250322010413,
300,20250322,0.2750,0.2750,0.2750,0.2750,0.2750,0.2875,0.2875,0.2750,0.2750,0.2750,0.2750,0.2625,0.2625,0.2500,0.1750,0.7750,0.3000,0.0000,0.0000,0.0000,0.0000,0.0000,0.0000,0.0000,0.0000,0.0000,0.0000,0.0000,0.0000,0.0000,0.0000,0.0000,0.0000,0.0000,0.0375,0.2375,0.3250,0.3500,0.2750,0.3125,0.3125,0.3000,0.4875,0.3375,0.3250,0.3125,0.3000,0.3125,A,,,20250323005943,
300,20250323,0.3000,0.3000,0.3000,0.3000,0.3000,0.3000,0.3000,0.3000,1.1500,1.3000,1.2875,0.3375,0.3125,0.3000,0.2250,0.0250,0.0000,0.0000,0.0000,0.0000,0.0125,0.0000,0.0000,0.0000,0.0125,0.0000,0.0000,0.0000,0.0000,0.0000,0.0000,0.0000,0.0000,0.0125,0.1625,0.2625,0.3125,0.3375,0.3875,0.5500,0.5625,0.9500,0.4250,0.3500,0.3250,0.3375,0.7250,0.6500,A,,,20250324020157,
300,20250324,0.3125,1.1000,1.5000,1.5125,1.5125,1.5000,1.5000,1.5000,1.5000,1.4875,1.4875,1.4875,1.4875,1.4875,1.5125,1.2750,0.0125,0.0500,0.0750,0.0000,0.0125,0.0000,0.0000,0.0000,0.0000,0.0000,0.0000,0.0000,0.0000,0.0000,0.0000,0.0000,0.0000,0.0375,0.0625,0.3500,0.4625,0.4375,0.5000,0.6000,0.6125,0.3125,0.3000,0.2875,1.0375,1.6125,1.6250,1.6000,A,,,20250325012755,
300,20250325,1.5625,1.5250,1.5125,1.5125,1.5000,1.4750,1.4875,1.4750,1.8250,1.6625,1.4625,1.4500,1.4750,1.4500,1.9000,1.5125,1.3500,0.6000,0.4625,0.9000,1.1125,0.0625,0.0000,0.0000,0.0000,0.0000,0.0000,0.0000,0.0000,0.0000,0.0000,0.0000,0.0000,0.0000,0.1000,0.2500,0.3625,0.5250,0.4250,0.3250,0.3500,0.3250,0.6250,0.3375,1.3500,1.6125,1.6375,1.6000,A,,,20250326013506,
300,20250326,1.5750,1.5625,1.5125,1.5125,1.5000,1.5000,1.5000,1.4875,1.5000,1.4875,1.4750,1.4875,1.5375,1.4875,1.4875,1.5625,1.3750,1.1375,1.0625,0.9250,0.7250,0.9125,1.0625,0.2250,0.5375,1.0750,1.2750,1.3125,1.2250,0.8250,0.8750,1.0125,0.8625,1.1500,1.3500,0.3625,0.4125,0.4125,0.4250,0.4125,0.4250,0.4500,0.4500,0.4875,0.4500,0.6250,0.7875,1.5000,A,,,20250327012739,
300,20250327,1.4750,1.4875,1.4875,1.5000,1.4875,1.4750,1.4875,1.4875,1.4875,1.4750,1.7125,0.7125,0.3500,0.3375,0.2750,0.2000,0.0125,0.0000,0.0000,0.0000,0.0000,0.0000,0.0000,0.0000,0.0000,0.0000,0.0000,0.0000,0.0000,0.0000,0.0000,0.0000,0.0000,0.0125,0.1375,0.3000,0.3500,0.5125,0.9875,0.5250,0.4500,1.2000,0.7250,0.3875,0.3375,0.3750,1.1125,1.5000,A,,,20250328022051,
300,20250328,1.5125,1.5000,1.5000,1.4875,1.4875,1.4750,0.7125,0.2875,0.3000,0.3000,0.2875,0.2875,0.4500,1.2000,1.1125,0.5375,0.0250,0.6125,0.1500,0.0750,0.4750,0.1750,0.2250,0.2750,0.7000,0.5125,0.1625,1.3500,1.4250,0.3375,2.3750,2.6500,2.8250,2.8750,3.0000,3.1625,1.7250,2.0000,1.8875,1.9375,1.8500,1.8500,2.9375,4.5125,4.2500,2.9875,0.9000,0.6875,A,,,20250329013533,
300,20250329,0.6750,0.6375,0.5875,0.7250,0.4375,0.7750,0.3750,0.3875,0.3875,0.3875,0.3750,0.3625,0.3750,0.3625,0.4000,0.2750,0.0750,0.1750,0.0375,0.1625,0.1500,0.1375,0.4000,0.0000,0.0125,0.0000,0.0750,0.0375,0.0000,0.0000,0.0625,0.0000,0.0250,0.1500,0.2375,0.3375,0.3750,0.3750,0.3500,0.3375,0.3500,0.3375,0.3500,0.3500,0.3500,0.3375,0.3625,0.3875,A,,,20250330014428,
300,20250330,0.3875,1.4125,1.6250,1.5875,1.5625,1.5625,1.5625,1.5625,1.5375,1.5500,1.5375,1.5250,1.5250,1.5375,1.4375,1.1625,0.9250,0.0750,0.0000,0.0000,0.0000,0.0000,0.0750,0.1000,0.0500,0.0000,0.0000,0.1375,0.1375,0.0750,0.0125,0.1000,0.2000,0.4750,0.3625,0.4500,0.9125,0.8500,0.6375,0.4000,1.0625,2.3750,1.7875,2.2250,2.4125,2.4500,2.3375,2.2500,A,,,20250331013432,
300,20250331,1.8750,1.6375,1.6000,1.6125,1.6000,1.6125,1.6000,1.5875,1.3000,0.4125,0.5500,0.4250,0.4250,0.4500,0.3250,0.7000,0.2125,0.0000,0.0125,0.0000,0.0000,0.0000,0.0000,0.0000,0.0000,0.0000,0.0000,0.0000,0.0000,0.0000,0.0000,0.0000,0.0250,0.1250,0.1625,0.2875,0.7125,1.9625,1.8875,1.8375,1.7500,0.7750,0.5875,0.4875,0.4625,0.4625,0.4500,0.8375,A,,,20250401013607,
300,20250401,1.6250,1.6000,1.5875,1.6000,1.6250,1.5875,1.5875,1.5750,1.7750,1.5625,1.5375,1.5500,1.5375,1.5500,1.0750,0.0625,0.0000,0.0000,0.0125,0.0000,0.0000,0.0000,0.0000,0.0000,0.0000,0.0000,0.0000,0.0000,0.0000,0.0000,0.0000,0.0125,0.0500,0.9000,0.9500,0.8875,0.4750,0.9375,0.4875,0.4625,0.4375,1.8750,1.7375,2.2125,1.8000,1.8000,1.7875,1.7875,A,,,20250402020253,
300,20250402,1.8750,1.8250,1.7375,1.7125,1.6750,1.6875,1.6750,1.8750,1.7500,1.6375,0.7375,0.4500,0.4375,0.6875,1.9750,1.1875,0.8875,0.4750,0.1625,0.1000,0.0125,0.0000,0.1125,0.0000,0.0000,0.0000,0.0000,0.0000,0.0000,0.0000,0.0000,0.0000,0.0625,0.2875,0.4000,0.5750,0.6000,0.5125,0.4875,0.5500,0.6000,0.5625,0.4625,0.4750,0.5875,0.4750,1.2375,1.6750,A,,,20250403015241,
300,20250403,1.6875,1.6625,1.6500,1.6625,1.6625,1.6750,1.6625,1.6500,1.6000,1.5500,1.5250,1.5250,1.8375,2.0375,3.4000,1.8625,2.1750,1.5625,0.3000,0.3875,0.4500,0.3500,0.0625,0.0125,0.0500,0.3250,0.8250,0.0375,0.0000,0.1500,0.2500,0.3625,0.1750,0.6625,0.7750,0.6500,0.7875,0.7250,1.2250,1.2875,1.3875,1.2750,1.1375,0.9875,1.0125,1.1625,1.9000,1.8625,A,,,20250404013707,
300,20250404,1.8500,1.8250,1.8625,1.8500,1.8000,1.1375,1.1625,1.5000,1.4375,0.4500,0.4625,0.5125,0.4500,0.4625,0.4250,0.3250,0.2625,0.3625,0.0500,0.0375,0.0125,0.0000,0.0000,0.0375,0.0500,0.0000,0.0125,0.0000,0.0000,0.0125,0.0375,0.0625,0.0875,0.1375,0.3750,0.4250,0.4500,0.4500,0.4625,0.4000,1.1000,0.4875,0.8500,1.4625,1.4875,1.8000,0.7875,0.6250,A,,,20250405015108,
300,20250405,2.7375,2.6875,1.6875,1.6750,1.6750,1.6750,1.6625,1.6750,1.6750,1.0375,0.4875,0.5750,0.5000,0.8125,1.3875,1.2000,0.9250,0.8125,0.3250,0.0875,0.0250,0.0000,0.0000,0.0000,0.0000,0.0000,0.0000,0.0000,0.0000,0.0000,0.0500,0.0000,0.2625,0.2875,0.4125,0.5000,0.5500,0.5375,0.5375,0.6250,0.5500,0.5000,1.1125,1.6125,0.5875,1.7625,1.3625,1.3500,A,,,20250406020443,
300,20250406,1.8125,2.1000,1.8875,1.7250,1.4750,1.4375,1.4500,1.4375,1.4500,1.4375,1.4250,1.4375,0.7250,1.1750,1.2750,1.1875,0.4000,0.4500,0.4375,0.1250,0.0000,0.3375,0.3250,0.0125,0.0000,0.0125,0.0000,0.0000,0.0000,0.0000,0.0000,0.1250,0.1000,0.0250,0.1750,0.2375,0.2625,0.2625,0.2875,0.3375,0.3000,0.3125,0.3625,0.4125,0.3125,0.3000,0.2875,0.2750,A,,,20250407021430,
300,20250407,0.2750,0.2750,1.7250,2.4500,1.8125,2.4375,2.4125,2.4125,2.4250,2.4000,2.5750,1.4875,1.4750,1.4875,1.4500,1.3125,1.0250,0.7625,0.2750,0.0125,0.0000,0.0125,0.8000,0.2000,0.2000,0.1875,1.1500,0.0375,0.0250,0.1750,0.1375,1.1875,1.2125,0.3625,0.4500,1.6250,0.8625,0.5000,1.1500,1.5250,1.0375,0.6375,0.5750,0.7875,0.5625,1.6000,0.6125,0.6375,A,,,20250408014635,
300,20250408,3.1875,3.5000,3.4625,3.3625,2.2500,1.7375,2.1125,2.7125,2.6500,2.6375,2.0750,0.4875,0.5000,0.4750,0.4125,0.1625,0.0500,0.0375,0.0000,0.0000,0.0125,0.0000,0.0000,0.0000,0.0000,0.0000,0.0000,0.0000,0.0000,0.0000,0.0000,0.0375,0.0375,0.1750,0.3625,0.4500,0.4625,1.4125,1.5625,1.0750,0.8000,0.6500,0.5750,0.8625,0.5000,0.5000,0.5000,0.5000,A,,,20250409015612,
300,20250409,1.5875,1.6875,1.6875,1.6625,1.8125,2.5750,2.5750,2.5625,2.5875,2.5500,2.5375,1.6375,1.6375,1.6500,1.6250,1.2000,0.9750,0.0125,0.0000,0.0000,0.1250,0.4125,0.0375,0.0125,0.0000,0.0000,0.0000,0.0000,0.0000,0.0000,0.0000,0.0000,0.1125,0.3125,0.4625,0.5375,0.5500,0.8750,1.0250,1.0125,0.9750,0.8625,0.7875,0.6750,0.4375,0.3625,0.5750,0.5750,A,,,20250410020652,
300,20250410,1.6125,1.6250,1.6000,1.5250,1.5000,1.5000,1.5000,1.5875,1.5250,1.5125,1.5125,0.3625,0.6000,0.5625,0.2500,0.3625,0.3125,0.0125,0.0000,0.0000,0.0000,0.0000,0.0000,0.0000,0.0000,0.0000,0.0000,0.0000,0.0000,0.0000,0.0000,0.0250,0.0000,0.0000,0.1875,0.2875,0.3250,0.3125,0.3125,0.3125,0.4375,0.3875,0.3875,0.4125,0.4125,0.3875,1.3000,1.5875,A,,,20250411015344,
300,20250411,1.5500,1.5375,1.5250,1.5000,1.5125,1.4875,1.5000,1.4750,1.4875,1.4750,1.4750,1.1000,0.3125,0.3375,0.2375,0.7250,0.9750,0.0125,0.0000,0.0000,0.0625,0.0000,0.0000,0.0000,0.0000,0.0000,0.0000,0.0000,0.0000,0.0000,0.0000,0.0125,0.0625,0.2000,0.2875,0.3625,0.3125,0.2875,0.3000,0.3125,0.3000,0.4625,0.8750,0.3750,0.4000,0.4750,0.6625,0.5250,V,,,20250412024014,
400,1,26,A,,
400,27,27,A,89,
400,28,48,A,,
300,20250412,0.6625,0.6625,0.4000,0.7625,0.6375,0.4000,0.6000,0.6000,0.5750,0.4000,0.5875,0.6000,0.3500,0.6000,0.5625,0.2125,0.1625,0.4500,0.5750,0.1125,0.0500,0.0000,0.0000,0.0250,0.0000,0.3625,0.0000,0.0000,0.0000,0.1750,0.0250,0.0125,0.0000,0.1125,0.2625,0.3125,0.9625,0.9375,0.4500,0.3750,0.3625,0.3500,0.3250,0.3250,0.3250,0.3750,0.3500,0.3250,A,,,20250413014111,
300,20250413,0.3875,0.3375,0.3125,0.3000,0.3000,0.2875,0.3000,0.6125,1.5125,1.5250,1.5125,1.4500,1.4750,1.4750,1.4125,1.3125,1.1250,0.7750,0.4625,0.2875,0.0625,0.2000,0.0875,0.0125,0.0125,0.0000,0.0000,0.0000,0.0000,0.0125,0.0000,0.4250,3.2125,3.1125,3.1875,0.6500,0.5375,0.5500,0.4500,0.3875,0.4625,0.3625,0.4250,0.4500,0.6750,0.4250,0.7625,0.3750,A,,,20250414012022,
300,20250414,1.0125,1.5500,1.5500,1.5500,1.5250,1.5250,1.5375,1.5250,1.5375,1.5125,1.5250,1.7000,1.5500,1.5500,1.5250,1.5375,0.4875,0.0875,0.0125,0.0500,0.0125,0.0125,0.0000,0.0000,0.0000,0.0750,0.1375,0.0125,0.0125,0.0000,0.0125,0.0000,0.0375,0.1875,0.3375,0.3875,0.4750,0.4250,0.4000,1.0125,0.6750,0.4750,0.5125,0.4750,0.4250,0.4125,0.4125,1.4375,A,,,20250415015909,
300,20250415,1.5375,1.5250,1.4500,1.4500,1.4500,1.4375,1.4500,1.4375,1.4500,1.4375,1.4375,1.4375,1.8250,2.5250,3.4500,2.6125,1.3000,0.0125,0.0000,0.0000,0.0125,0.0000,0.0000,0.0000,0.0000,0.0000,0.0000,0.0000,0.0000,0.0000,0.0000,0.0000,0.0000,0.1500,0.3000,0.3125,0.4000,1.0500,0.4250,0.7875,0.3250,0.3875,0.4375,0.3625,0.3250,0.5500,0.5000,0.4250,A,,,20250416020432,
300,20250416,0.3000,0.2750,0.2625,0.2500,0.2500,0.2500,0.2500,0.2500,0.2500,0.2500,0.2375,0.2500,0.4000,0.2625,0.2125,0.1000,0.0375,0.0250,0.0000,0.0000,0.0000,0.0000,0.0000,0.0000,0.0000,0.0000,0.0000,0.0000,0.0000,0.0000,0.0000,0.0000,0.0250,0.0500,0.1250,0.2500,0.2625,0.2500,0.2750,0.2500,0.2625,1.2875,1.6375,1.6875,1.6375,1.6500,1.6625,1.6625,A,,,20250417022008,
300,20250417,1.5875,1.5875,1.5750,1.5875,1.5750,1.5375,1.5375,1.5375,1.5375,1.6875,1.5625,1.5375,0.4625,0.3500,0.3250,0.1750,0.0125,0.0000,0.0000,0.0000,0.0250,0.0375,0.0000,0.0000,0.0000,0.0000,0.3625,1.1750,1.1000,1.1625,1.3125,1.1750,1.2750,1.4625,1.5625,0.9500,0.4875,1.0250,1.0500,1.0500,0.8875,0.9125,0.8625,0.5250,0.5750,0.5250,0.3750,0.3750,A,,,20250418013921,
300,20250418,1.1000,1.5250,1.5250,1.5250,1.5250,1.5125,1.5000,1.5250,1.5125,1.5000,1.5000,1.5125,1.5000,1.5250,1.4875,0.4625,0.0125,0.0000,0.0375,0.0000,0.0000,0.0000,0.0000,0.0000,0.0000,0.0000,0.0000,0.0000,0.0000,0.0000,0.0000,0.0000,0.0250,0.1000,0.1500,0.2500,0.2500,0.2500,0.7375,0.6375,0.3750,0.3000,0.2750,0.2750,0.2750,0.2750,0.3000,0.2750,A,,,20250419015912,
300,20250419,0.7750,1.5875,1.5375,1.5375,1.5125,1.5000,1.5125,1.5125,1.5000,1.5125,1.5000,1.5000,1.5000,1.5000,1.4750,1.3750,1.3125,0.9875,0.0125,0.0000,0.0125,0.0000,0.0000,0.0000,0.4125,0.0500,0.1250,0.0250,0.0000,0.0000,0.0000,0.6500,0.7500,0.7000,0.3000,0.3750,0.3875,0.3625,0.3750,0.3750,1.6000,1.6750,1.6750,1.7875,1.9875,0.7875,0.6625,1.6250,A,,,20250420020602,
300,20250420,1.6250,1.6000,1.6000,1.5875,1.5625,1.5625,1.5500,1.5375,1.5500,1.5000,0.3750,0.3625,0.3625,0.3500,0.3500,0.3250,0.2750,0.1000,0.2125,0.0500,0.0125,0.0000,0.0125,0.1625,0.0750,0.0000,0.0000,0.0375,0.2625,0.2000,0.5125,0.6875,0.2000,0.2375,0.3875,0.3875,0.7500,1.2750,0.5625,0.5750,0.5750,0.5875,0.5125,0.6000,1.0125,0.9000,1.1500,0.7500,A,,,20250421014150,
300,20250421,0.6375,0.3000,0.3000,0.2500,0.2375,0.2375,0.2375,0.2250,0.2250,0.2250,0.2250,0.2250,0.2250,0.2250,0.2000,0.0875,0.0000,0.0000,0.0000,0.0000,0.0000,0.0125,0.0000,0.0000,0.0000,0.0625,0.0000,0.0000,0.0000,0.0000,0.0000,0.0000,0.0250,0.1750,0.3000,0.3500,0.2500,0.2500,0.2875,0.4125,0.4375,0.4250,0.3625,0.3125,0.3000,1.1250,0.8125,0.2625,A,,,20250422015129,
300,20250422,0.2625,1.5875,1.7250,1.4875,1.4375,1.4375,1.4250,1.4375,1.4375,1.4250,1.4375,1.4250,1.4375,1.4250,1.4500,1.5375,1.3125,2.0000,1.9125,1.6875,2.0000,1.6625,1.3750,1.5625,1.7375,1.1125,1.1625,1.1375,0.6875,0.8250,1.2000,1.2250,1.2875,1.4000,1.5125,1.5625,1.5500,1.6500,1.1750,0.4000,0.4000,0.4000,0.4250,0.4375,0.4500,0.5250,0.5750,0.4250,A,,,20250423015227,
300,20250423,0.3000,0.3125,0.3000,0.3000,0.3125,0.2750,0.2875,0.2750,0.2625,0.2500,0.2625,0.2625,0.2625,0.2500,0.3250,0.8250,0.8375,0.2375,0.0250,0.0000,0.0000,0.0000,0.0000,0.0000,0.0000,0.0000,0.0000,0.0000,0.0000,0.0375,0.0000,0.0000,0.0000,0.2500,0.4000,0.4250,0.4250,0.4375,0.3875,0.6750,1.1375,0.5250,0.5125,0.6250,0.5750,0.8625,0.4500,0.3875,A,,,20250424020523,
300,20250424,0.3875,0.4000,0.4250,0.5250,0.7875,0.4125,0.3750,0.3625,0.3500,0.3375,0.3375,0.3125,0.3125,0.4750,0.2750,0.1625,0.0000,0.0000,0.0000,0.0000,0.0000,0.0000,0.0125,0.0125,0.0000,0.0000,0.0000,0.0000,0.0625,0.0000,0.0250,2.4000,3.3250,1.8125,0.0000,0.0000,0.0000,1.3250,2.6875,2.7375,2.6250,2.2875,0.2625,0.2625,0.2875,0.1375,0.0000,0.0000,V,,,20250425014532,
400,1,17,A,,
400,18,21,A,79,
400,22,48,A,,
300,20250425,0.0000,3.6250,3.9750,3.9500,3.9125,2.3500,1.4500,1.4375,1.4375,1.4250,1.4250,1.4250,1.4250,0.8750,0.2250,0.0000,0.0000,0.0000,0.0000,0.2625,2.6875,1.6500,1.2500,1.4125,0.0000,0.0000,0.0000,0.0000,0.6375,2.6375,2.7500,2.3625,2.1375,1.4000,0.3250,0.2500,0.2250,0.2375,0.2250,0.2375,0.2250,0.2375,0.2250,0.2375,0.2375,0.2375,0.2250,0.2375,A,,,20250426015043,
300,20250426,0.2375,0.2375,0.2375,0.2500,0.2250,0.2375,0.2250,0.0625,0.0000,0.0000,0.3375,2.6875,2.6875,2.6875,2.6875,0.2625,0.0000,0.0000,0.0000,0.0375,2.2500,2.7125,2.6875,2.6375,0.1875,0.0000,0.0000,0.0000,0.0000,0.0000,0.0500,0.0000,0.0750,0.1375,1.7250,2.6875,2.7125,2.6875,1.7750,0.3625,0.3000,0.2625,0.2500,0.2625,0.2625,0.2625,0.2625,0.2625,A,,,20250427020226,
300,20250427,0.2750,0.2625,0.2500,0.2500,0.2375,0.2500,0.2375,0.3625,0.2750,0.2375,0.2375,0.2375,0.2375,0.2500,0.2375,0.2250,0.0000,0.0000,0.0000,1.5500,3.4250,3.5500,3.5375,1.5000,0.7375,0.6375,0.7250,0.0000,0.0000,0.0000,0.0000,0.7000,2.7125,2.7375,2.7500,2.4000,1.6375,1.0250,0.4250,0.4125,0.7375,2.1000,1.6500,1.6375,2.6625,2.4750,2.7875,2.3875,A,,,20250428015219,
300,20250428,2.4500,2.3750,2.3750,2.3875,1.4125,1.4125,0.9125,0.2375,0.2375,0.2250,0.2375,1.3750,1.1875,1.1750,1.1875,0.5625,0.0000,0.0000,0.0000,0.4625,3.0625,3.0875,2.7250,1.2750,0.0000,0.0000,0.0000,0.0000,0.0000,0.0000,0.0750,2.1875,2.7625,2.7750,2.7625,0.5625,0.5000,0.3750,0.3375,1.3625,2.6125,1.5000,1.5625,2.7875,2.6125,2.5125,2.4750,2.4500,A,,,20250429015505,
300,20250429,2.3875,2.3625,2.3125,2.3125,0.7750,0.2625,0.2500,0.2500,0.2500,0.7500,0.3125,1.1875,1.1875,1.1875,1.1500,1.0625,1.8375,0.4250,0.0000,0.0000,0.0000,0.0000,0.0000,0.0000,0.0000,0.0000,0.0000,0.0000,0.0000,0.0125,0.0250,0.0125,0.0625,0.1000,1.7125,2.7000,2.7000,2.7000,1.9625,1.2000,1.1250,0.2625,0.5250,1.4500,1.3750,2.5000,2.5500,3.3625,A,,,20250430013003,
300,20250430,2.6750,2.4250,2.4125,2.4125,1.5000,1.4500,1.4500,1.4500,1.4375,1.4375,1.3375,1.2125,1.1875,1.2000,1.1875,1.1250,0.9125,0.0000,0.0000,0.0000,0.0000,0.0000,0.0000,0.0000,0.0000,0.0000,0.0000,0.0000,0.0000,0.0000,0.0000,0.0000,0.0000,0.0375,2.0375,2.7250,2.7125,2.7250,1.5375,1.2000,1.8875,1.5500,2.3375,3.2000,2.7625,2.5750,2.9625,2.7125,A,,,20250501015745,
300,20250501,2.9625,2.5375,2.4750,2.4250,1.4625,1.2125,0.2750,0.2750,0.2625,0.2750,0.2625,1.2125,1.2000,1.2250,1.3125,1.9250,1.8375,0.3625,0.0000,0.0000,0.0000,0.0000,0.0000,0.0125,0.0625,0.0000,0.0000,0.0000,0.0000,0.0000,0.0000,0.0125,0.0000,2.5750,3.7625,3.1625,3.4500,1.5000,1.2750,1.2750,1.5250,1.6625,1.4875,1.3625,1.3375,1.6500,2.4750,2.5250,A,,,20250502013932,
300,20250502,2.4000,2.3750,2.4000,2.4000,1.4750,1.4750,1.4625,1.4750,1.4625,1.5625,0.3875,1.2375,1.2250,1.3750,1.2125,2.0750,1.9125,0.0000,0.0000,0.0000,0.0000,0.0000,0.0000,0.0000,0.0000,0.0000,0.0000,0.0000,0.0000,0.0000,0.0000,0.0000,0.0000,0.0750,2.0750,2.7375,2.7375,2.7250,1.3375,1.3875,0.5625,0.6250,1.2000,1.9875,1.2250,1.2250,1.7125,2.4125,A,,,20250503021011,
300,20250503,2.4250,2.4250,2.3625,2.3750,1.4375,1.4125,1.4125,1.4250,1.1375,0.5125,1.6125,2.2250,2.2750,2.4125,1.9125,1.9625,1.7750,1.3500,0.4375,0.0000,0.0000,0.0125,0.0000,0.0000,0.0000,0.0000,0.0000,0.0000,0.0000,0.0000,0.0000,0.0000,0.0000,0.0375,0.6625,2.6875,2.7125,3.0000,2.8125,0.3000,0.2625,0.2750,1.2250,1.2125,1.7250,1.7000,1.2000,1.2000,A,,,20250504014239,
300,20250504,1.2000,1.2000,1.1875,1.2125,0.3125,0.2625,0.9500,0.1625,0.0000,0.0000,0.7750,3.0000,2.7375,2.9625,1.9875,0.0000,0.0000,0.0000,1.2750,3.0500,3.0375,2.6875,0.6875,0.0000,0.0000,0.0000,0.0000,0.0000,0.0000,0.0000,0.0000,0.0000,0.4625,3.7000,3.4500,2.9750,2.5000,1.0875,0.7250,0.5000,0.3750,0.3750,1.2750,1.2875,2.0500,2.3500,1.3125,1.5500,A,,,20250505014558,
300,20250505,1.2250,1.2125,1.2125,1.2125,0.0375,0.0000,0.0000,0.2875,2.7000,2.7000,2.7000,3.5750,1.3750,1.2125,1.1875,1.1250,1.0125,0.0000,0.0000,0.0000,0.0000,0.0000,0.0000,2.3625,0.8625,0.0000,0.0000,0.0000,0.0000,0.0000,0.0000,0.0125,0.0375,0.0750,3.8875,3.9875,3.4375,3.1375,0.6875,0.4625,0.4625,0.3500,0.4250,1.3125,1.3500,1.3000,1.2625,2.0375,A,,,20250506014150,
300,20250506,2.0750,2.0500,2.0375,1.8750,1.7875,1.4750,1.4250,1.4250,1.4250,1.4250,1.4375,2.3625,2.3500,2.4000,2.3250,2.3000,1.7125,0.5875,0.0000,0.0000,0.0000,0.0000,0.0000,0.0000,0.0000,0.0000,0.0000,0.0000,0.0500,0.0000,0.0125,0.0000,0.0125,0.0000,0.0125,0.0000,0.0000,0.0000,0.0000,0.0125,0.0000,0.0000,0.0000,0.0000,0.0500,1.3125,1.9125,0.4000,A,,,20250507015020,
300,20250507,0.2250,0.2000,0.2000,0.2000,0.1875,0.1875,0.1875,0.1875,0.1750,0.1875,0.1750,1.1375,1.1125,1.1250,1.1625,1.1250,1.1750,0.2625,0.8250,0.1625,0.2375,0.0125,0.0500,0.3000,0.0375,0.0125,0.2000,1.6500,1.8625,0.0000,0.0125,0.0125,0.0000,0.0000,0.0000,0.9500,2.7125,2.6750,2.7750,2.2125,0.0000,0.0000,0.0125,0.0000,0.0500,0.2750,0.7250,2.7125,A,,,20250508015156,
300,20250508,3.3625,3.2125,2.3500,2.3500,1.4000,1.4000,1.3750,1.4000,1.3750,1.3750,1.4125,2.3875,2.3375,2.3250,2.2875,2.3875,2.9500,1.2625,0.0750,0.0000,0.0125,0.0125,0.0125,0.0000,0.0000,0.0000,0.0000,0.0000,0.0000,0.0000,0.0000,0.0000,0.0000,0.0000,0.0000,0.0000,0.0000,0.0125,0.0000,0.0000,0.0000,0.0125,0.0000,2.0875,2.4500,2.4500,3.1500,3.4000,A,,,20250509014523,
300,20250509,3.0000,2.5625,2.4875,2.4375,1.5250,1.5250,1.4875,1.4875,1.4875,2.1250,2.8250,1.7500,1.3000,1.2875,2.3500,2.6875,3.7375,1.6125,0.4125,0.0125,0.0125,0.0000,0.0125,0.0250,0.0125,0.0125,0.0000,0.0000,0.0000,0.0000,0.0000,0.0000,0.0000,0.0000,0.0000,0.0000,0.0000,0.0000,0.0000,0.0000,0.0125,0.0000,0.0000,0.0125,0.0000,0.0125,0.3750,1.2500,A,,,20250510020549,
300,20250510,1.5750,1.1750,1.1625,1.1750,0.2125,0.2125,0.2125,0.2125,0.2125,0.2125,0.2000,0.2000,0.2125,0.2250,0.2000,0.1000,0.8625,0.2250,0.0000,0.1125,0.0125,0.0000,0.0250,0.0125,0.0125,0.0000,0.0000,0.0125,0.0000,0.0000,0.0000,0.0000,0.0000,0.0000,0.0000,0.0000,0.0000,0.0000,0.0000,0.0000,0.0000,0.0125,0.0000,0.0000,0.0000,0.0000,0.0125,1.0375,A,,,20250511013648,
300,20250511,1.8750,1.9250,1.4125,2.3625,2.4500,2.4625,2.3875,2.3750,2.3750,2.3750,2.3625,2.3875,3.3000,3.2750,3.2875,3.0000,2.0500,1.4250,0.9250,0.8500,1.0875,0.2250,0.0125,0.0000,0.0000,0.0000,0.0000,0.0000,0.0000,0.0000,0.0000,0.0000,0.0000,0.0125,0.0000,0.0000,0.0000,0.0000,0.0000,0.0000,0.0125,0.0000,0.0125,0.0000,0.3250,0.8375,1.1500,1.1500,A,,,20250512014447,
300,20250512,1.1250,1.8000,2.2375,1.1125,0.2000,0.2000,0.2000,0.2000,0.2000,0.2000,0.2000,1.5500,1.1750,1.1750,1.1750,2.0000,1.0375,0.1250,0.0000,0.0125,0.0000,0.0000,0.0000,0.0125,0.0000,0.0000,0.0000,0.0000,0.0000,0.0000,0.0000,0.0000,0.0000,0.0000,0.0000,0.0000,0.0000,0.0000,0.0000,0.0000,0.0125,0.0000,0.0000,0.0125,0.0000,0.0125,0.8000,2.1500,A,,,20250513013711,
300,20250513,3.0750,2.8625,2.3125,2.3250,1.3500,1.3625,1.3500,1.3500,1.3375,1.3375,1.3750,2.6500,2.2875,2.3125,2.3000,2.2000,2.0500,0.6625,0.2750,0.0000,0.0875,0.0250,0.0125,0.0125,0.0125,0.0125,0.0000,0.0125,0.0000,0.0000,0.0000,0.0000,0.0000,0.0000,0.0000,0.0000,0.0000,0.0000,0.0500,0.0000,0.0000,0.0125,0.0000,0.9375,1.2500,1.2500,1.4000,2.5000,A,,,20250514014954,
300,20250514,2.7750,2.7125,2.4500,2.2750,1.1500,1.2625,1.2375,1.2125,1.4750,1.5250,1.6375,1.4250,1.4625,1.4375,1.1875,1.9500,1.6375,0.4125,0.0125,0.0000,0.0125,0.0000,0.0000,0.0125,0.0000,0.0000,0.0000,0.0000,0.0000,0.0000,0.0000,0.0000,0.0000,0.0000,0.0000,0.0125,0.0000,0.0000,0.0000,0.0125,0.0000,0.0000,0.0000,0.0125,0.0000,0.7125,1.2500,1.5375,A,,,20250515012248,
300,20250515,3.1500,2.5750,2.3875,2.4000,1.4625,1.4250,1.4000,1.4125,1.4000,1.4000,1.4500,3.0500,2.5875,2.9000,2.6500,3.1750,2.3000,0.0125,0.0000,0.0000,0.0125,0.0125,0.0000,0.0250,0.0250,0.0000,0.0000,0.0000,0.0000,0.0000,0.0000,0.0000,0.0000,0.0000,0.0000,0.0125,0.0000,0.0000,0.0000,0.0125,0.0000,0.0000,0.0000,0.0125,0.0000,0.0750,1.3500,2.6875,V,,,20250516015636,
400,1,42,A,,
400,43,43,A,89,
400,44,48,A,